oracion;palabra;cat_diccionario;y_true;spacy_pos;spacy_dep;y_pred_b1;y_pred_b2
Un doble homicidio se ha reportado este viernes en el caserío Los Trejos, colonia María Auxiliadora, cantón Primavera, Santa Ana, informó la Fiscalía General de la República (FGR).;doble;m;0;ADJ;amod;1;0
Un doble homicidio se ha reportado este viernes en el caserío Los Trejos, colonia María Auxiliadora, cantón Primavera, Santa Ana, informó la Fiscalía General de la República (FGR).;colonia;f;0;NOUN;appos;1;1
Asimismo se informó sobre otra escena en la finca Montecristo en Tepecoyo, La Libertad.;sobre;m;0;ADP;case;1;0
Asimismo se informó sobre otra escena en la finca Montecristo en Tepecoyo, La Libertad.;finca;f;1;NOUN;obl;1;1
También se reportó la muerte de un gatillero de la Mara Salvatrucha luego de enfrentarse con agentes de la corporación policial, quien fue identificado como Carlos Alexander Garay barrera de 22 años de edad.;alexander;m;0;PROPN;flat;1;1
De acuerdo con las autoridades, Garay Barrera acostumbraba junto a otros sujetos a exigir dinero a los lugareños bajo amenaza.;bajo;m;0;ADP;case;1;0
Desde las 8:00 de la noche de este martes hasta las 5:00 de la mañana del miércoles estará restringido parcialmente el paso vehicular en el bulevar Los Héroes, informó el Viceministerio de Transporte (VMT) a través de redes sociales.;miércoles;sust(m/f)/adj;0;NOUN;nmod;1;1
Desde las 8:00 de la noche de este martes hasta las 5:00 de la mañana del miércoles estará restringido parcialmente el paso vehicular en el bulevar Los Héroes, informó el Viceministerio de Transporte (VMT) a través de redes sociales.;paso;m;0;NOUN;nsubj;1;1
Desde las 8:00 de la noche de este martes hasta las 5:00 de la mañana del miércoles estará restringido parcialmente el paso vehicular en el bulevar Los Héroes, informó el Viceministerio de Transporte (VMT) a través de redes sociales.;bulevar;m;1;NOUN;nmod;1;1
El cierre del paso vehicular se realizará debido a la instalación de una pasarela que conectará el edificio principal del Hospital Benjamín Bloom y el anexo de dicho nosocomio.;cierre;m;0;NOUN;nsubj;1;1
El cierre del paso vehicular se realizará debido a la instalación de una pasarela que conectará el edificio principal del Hospital Benjamín Bloom y el anexo de dicho nosocomio.;paso;m;0;NOUN;nmod;1;1
"""Durante la noche de hoy y madrugada de mañana trabajaremos en el montaje de la sexta pila que sostendrá la infraestructura elevada que interconectará los dos edificios del Hospital Bloom"", informó también la cuenta de redes sociales del Ministerio de Obras Públicas.";pila;f;0;NOUN;nmod;1;1
El cierre incluye los tres carriles, sentido norte-sur, es decir, los carriles que conducen desde la Universidad de El Salvador (UES) hacia los centros comerciales, desde el tramo de la 25 avenida Norte, hasta la 23 calle Poniente.;cierre;m;0;NOUN;nsubj;1;1
El cierre incluye los tres carriles, sentido norte-sur, es decir, los carriles que conducen desde la Universidad de El Salvador (UES) hacia los centros comerciales, desde el tramo de la 25 avenida Norte, hasta la 23 calle Poniente.;tres;m;0;NUM;nummod;1;0
El cierre incluye los tres carriles, sentido norte-sur, es decir, los carriles que conducen desde la Universidad de El Salvador (UES) hacia los centros comerciales, desde el tramo de la 25 avenida Norte, hasta la 23 calle Poniente.;sentido;m;0;NOUN;appos;1;1
El cierre incluye los tres carriles, sentido norte-sur, es decir, los carriles que conducen desde la Universidad de El Salvador (UES) hacia los centros comerciales, desde el tramo de la 25 avenida Norte, hasta la 23 calle Poniente.;calle;f;0;NOUN;nmod;1;1
Los trabajos de la instalación de la pasarela iniciaron el 12 de junio, para conectar la torre principal del hospital Bloom, con el anexo.;conectar;v;0;VERB;advcl;1;1
Los trabajos de la instalación de la pasarela iniciaron el 12 de junio, para conectar la torre principal del hospital Bloom, con el anexo.;torre;f;0;NOUN;obj;1;1
La construcción de la obra inició el 16 de diciembre del año pasado.;año;m;0;NOUN;compound;1;1
El viceministro de obras públicas, Eliud Ayala dijo que la construcción del puente Motochico, ubicado en el kilómetro 69 de la carretera Longitudinal del Norte, entre la ciudad de Chalatenango y el municipio de El Paraíso, tardaría probablemente de un año y medio a dos para construirse.;paraíso;m;0;PROPN;nmod;1;1
El viceministro de obras públicas, Eliud Ayala dijo que la construcción del puente Motochico, ubicado en el kilómetro 69 de la carretera Longitudinal del Norte, entre la ciudad de Chalatenango y el municipio de El Paraíso, tardaría probablemente de un año y medio a dos para construirse.;año;m;0;NOUN;nmod;1;1
El viceministro de obras públicas, Eliud Ayala dijo que la construcción del puente Motochico, ubicado en el kilómetro 69 de la carretera Longitudinal del Norte, entre la ciudad de Chalatenango y el municipio de El Paraíso, tardaría probablemente de un año y medio a dos para construirse.;medio;m;0;NUM;conj;1;0
Sin embargo, con el financiamiento y la ejecución estamos hablando de no menos de año o dos años para terminar y poderlo tener”, explicó Ayala.;año;m;0;NOUN;obl;1;1
Sin embargo, con el financiamiento y la ejecución estamos hablando de no menos de año o dos años para terminar y poderlo tener”, explicó Ayala.;terminar;v;0;VERB;acl;1;1
El viceministro dijo que han decidido hacer el trabajo en tres fases.;trabajo;m;0;NOUN;obj;1;1
El viceministro dijo que han decidido hacer el trabajo en tres fases.;tres;m;0;NUM;nummod;1;0
Añadió que hasta el momento, “estamos haciendo dos esfuerzos paralelos, de igual manera estamos avanzando a un puente provisional, metálico, con fondos Fopromil que fueron aprobados el viernes de la semana pasada y, de igual manera, ya montamos a un equipo para el puente definitivo que ese nos lleva mucho más tiempo, pero estamos trabajando en tres equipos.;manera;f;0;NOUN;fixed;1;1
Añadió que hasta el momento, “estamos haciendo dos esfuerzos paralelos, de igual manera estamos avanzando a un puente provisional, metálico, con fondos Fopromil que fueron aprobados el viernes de la semana pasada y, de igual manera, ya montamos a un equipo para el puente definitivo que ese nos lleva mucho más tiempo, pero estamos trabajando en tres equipos.;manera;f;0;NOUN;fixed;1;1
Añadió que hasta el momento, “estamos haciendo dos esfuerzos paralelos, de igual manera estamos avanzando a un puente provisional, metálico, con fondos Fopromil que fueron aprobados el viernes de la semana pasada y, de igual manera, ya montamos a un equipo para el puente definitivo que ese nos lleva mucho más tiempo, pero estamos trabajando en tres equipos.;tres;m;0;NUM;nummod;1;0
Por otra parte, dijo que  tienen en observación el puente El Jute, en La Unión,  que está sobre la carretera del Litoral y que tiene algunas afectaciones.;sobre;m;0;ADP;case;1;0
Las declaraciones fueron dadas ayer, cuando el Ministerio de Obras Públicas presentó su rendición de cuentas del tercer año de gestión, donde dijeron haber invertido $228 millones en obras.;año;m;0;NOUN;nmod;1;1
Transitan al día, entre buses, transporte de carga y vehículos particulares.;carga;f;0;NOUN;nmod;1;1
La propuesta que discutirá hoy el Tribunal Supremo Electoral (TSE) consiste en habilitar Juntas Receptoras de Votos (JRV) especiales para sectores vulnerables para las elecciones 2024.;habilitar;v;1;VERB;xcomp;1;1
Dora de Barahona, magistrada presidenta del TSE, explicó a Diario El Mundo que su propuesta busca fomentar “la inclusión” de todos los sectores.;busca;f;0;VERB;ccomp;1;0
“La idea es ser más inclusivos con la emisión del voto, a estas personas de sectores vulnerables, porque los centros de votación no están diseñados como que las personas puedan subir gradas”, dijo.;ser;m;0;AUX;cop;1;0
“La idea es ser más inclusivos con la emisión del voto, a estas personas de sectores vulnerables, porque los centros de votación no están diseñados como que las personas puedan subir gradas”, dijo.;subir;v;0;VERB;advcl;1;1
La funcionaria mencionó que pretende proponer al organismo colegiado la habilitación de una JRV a la entrada de un centro de votación para que los ciudadanos ejerzan su derecho con la asistencia requerida en un proceso expedito.;habilitación;f;0;NOUN;obj;1;1
La funcionaria mencionó que pretende proponer al organismo colegiado la habilitación de una JRV a la entrada de un centro de votación para que los ciudadanos ejerzan su derecho con la asistencia requerida en un proceso expedito.;entrada;f;0;NOUN;nmod;1;1
La funcionaria mencionó que pretende proponer al organismo colegiado la habilitación de una JRV a la entrada de un centro de votación para que los ciudadanos ejerzan su derecho con la asistencia requerida en un proceso expedito.;centro;m;0;NOUN;nmod;1;1
La funcionaria mencionó que pretende proponer al organismo colegiado la habilitación de una JRV a la entrada de un centro de votación para que los ciudadanos ejerzan su derecho con la asistencia requerida en un proceso expedito.;asistencia;f;0;NOUN;obl;1;1
Los magistrados trabajarán un nuevo programa de género del Plan General de Elecciones (Plagel).;programa;m;0;NOUN;obj;1;1
Los magistrados trabajarán un nuevo programa de género del Plan General de Elecciones (Plagel).;plan;m;0;PROPN;nmod;1;1
En este programa integrarán a los sectores vulnerables y diseñarán capacitaciones y campañas.;programa;m;0;NOUN;obl;1;1
La magistrada aseguró que por el momento se encuentran en pláticas con la Dirección de Organización Electoral (DOE) y Dirección de Registro Electoral.;registro;m;0;PROPN;flat;1;1
“Le hemos pedido su opinión a las dos direcciones para ver la factibilidad y un consenso con el equipo técnico para ver cómo en el padrón electoral sería el tratamiento que se le da”, afirmó la funcionaria.;ver;v;0;VERB;advcl;1;1
“Le hemos pedido su opinión a las dos direcciones para ver la factibilidad y un consenso con el equipo técnico para ver cómo en el padrón electoral sería el tratamiento que se le da”, afirmó la funcionaria.;ver;v;0;VERB;advcl;1;1
Un muerto y dos lesionados dejó el vuelco de una rastra cementera en el kilómetro 86 de la carretera que conduce hacia Metapán, jurisdicción de Texistepeque, Santa Ana.;rastra;f;1;ADJ;amod;1;0
Un muerto y dos lesionados dejó el vuelco de una rastra cementera en el kilómetro 86 de la carretera que conduce hacia Metapán, jurisdicción de Texistepeque, Santa Ana.;conduce;m;0;VERB;acl;1;0
Según información del Cuerpo de Bomberos, el accidente cobró la vida de un peatón identificado como Pedro Milton Quijada Hernández de 45 años, quien al parecer fue embestido por el automotor cuando pasaba por el lugar.;quijada;f;0;PROPN;flat;1;1
El conductor de la rastra y un acompañante quedaron atrapados, por lo que Bomberos en conjunto con el personal de la Cruz Roja Salvadoreña y Cruz Verde Salvadoreña, tuvieron que hacer uso de equipos hidráulicos de corte y expansión para rescatarlos con vida.;conductor;m;0;NOUN;nsubj;1;1
El conductor de la rastra y un acompañante quedaron atrapados, por lo que Bomberos en conjunto con el personal de la Cruz Roja Salvadoreña y Cruz Verde Salvadoreña, tuvieron que hacer uso de equipos hidráulicos de corte y expansión para rescatarlos con vida.;rastra;f;1;NOUN;nmod;1;1
El conductor de la rastra y un acompañante quedaron atrapados, por lo que Bomberos en conjunto con el personal de la Cruz Roja Salvadoreña y Cruz Verde Salvadoreña, tuvieron que hacer uso de equipos hidráulicos de corte y expansión para rescatarlos con vida.;roja;f;0;PROPN;flat;1;1
El conductor de la rastra y un acompañante quedaron atrapados, por lo que Bomberos en conjunto con el personal de la Cruz Roja Salvadoreña y Cruz Verde Salvadoreña, tuvieron que hacer uso de equipos hidráulicos de corte y expansión para rescatarlos con vida.;corte;m;0;NOUN;nmod;1;1
Los lesionados fueron identificados como Adalberto Meléndez de 31 años y René Zelaya de 42 años –conductor del automotor– quienes fueron traslados de inmediato a un centro hospitalario.;conductor;m;0;NOUN;appos;1;1
Los lesionados fueron identificados como Adalberto Meléndez de 31 años y René Zelaya de 42 años –conductor del automotor– quienes fueron traslados de inmediato a un centro hospitalario.;centro;m;0;NOUN;obl;1;1
Bomberos detalló que el conductor tenía atrapadas las piernas y uno de sus brazos.;conductor;m;0;NOUN;nsubj;1;1
"“Él siempre estuvo consciente, nunca perdió el conocimiento; el rescate se complicó ya que su brazo estaba atrapado con la puerta, la cual recibió todo el peso del camión”, explicó.";brazo;m;0;NOUN;nsubj;1;1
"“Él siempre estuvo consciente, nunca perdió el conocimiento; el rescate se complicó ya que su brazo estaba atrapado con la puerta, la cual recibió todo el peso del camión”, explicó.";peso;m;0;NOUN;obj;1;1
Y dos lesionados tras accidente de una rastra cementera.;rastra;f;1;ADJ;amod;1;0
De unas 20 instituciones que tienen presencia en el municipio de Santa Ana, solo el 25 % cuenta con programas de atención directa a personas retornadas, de acuerdo al estudio “Línea base sobre migración y retorno” realizado por la Organización Internacional para las Migraciones (OIM) y la alcaldía de Santa Ana, respaldado por la Agencia de los Estados Unidos para el Desarrollo Internacional (USAID), a través del programa Respuestas Integrales sobre Migración en Centroamérica.;línea;f;0;NOUN;appos;1;1
De unas 20 instituciones que tienen presencia en el municipio de Santa Ana, solo el 25 % cuenta con programas de atención directa a personas retornadas, de acuerdo al estudio “Línea base sobre migración y retorno” realizado por la Organización Internacional para las Migraciones (OIM) y la alcaldía de Santa Ana, respaldado por la Agencia de los Estados Unidos para el Desarrollo Internacional (USAID), a través del programa Respuestas Integrales sobre Migración en Centroamérica.;base;f;0;NOUN;flat;1;1
De unas 20 instituciones que tienen presencia en el municipio de Santa Ana, solo el 25 % cuenta con programas de atención directa a personas retornadas, de acuerdo al estudio “Línea base sobre migración y retorno” realizado por la Organización Internacional para las Migraciones (OIM) y la alcaldía de Santa Ana, respaldado por la Agencia de los Estados Unidos para el Desarrollo Internacional (USAID), a través del programa Respuestas Integrales sobre Migración en Centroamérica.;sobre;m;0;ADP;case;1;0
De unas 20 instituciones que tienen presencia en el municipio de Santa Ana, solo el 25 % cuenta con programas de atención directa a personas retornadas, de acuerdo al estudio “Línea base sobre migración y retorno” realizado por la Organización Internacional para las Migraciones (OIM) y la alcaldía de Santa Ana, respaldado por la Agencia de los Estados Unidos para el Desarrollo Internacional (USAID), a través del programa Respuestas Integrales sobre Migración en Centroamérica.;programa;m;0;NOUN;obl;1;1
De unas 20 instituciones que tienen presencia en el municipio de Santa Ana, solo el 25 % cuenta con programas de atención directa a personas retornadas, de acuerdo al estudio “Línea base sobre migración y retorno” realizado por la Organización Internacional para las Migraciones (OIM) y la alcaldía de Santa Ana, respaldado por la Agencia de los Estados Unidos para el Desarrollo Internacional (USAID), a través del programa Respuestas Integrales sobre Migración en Centroamérica.;sobre;m;0;ADP;case;1;0
En las restantes existen programas sobre fortalecimiento de capacidades, empleabilidad y reinserción productiva.;sobre;m;0;ADP;case;1;0
Hay mucho trabajo, pero la gente no logra identificar una ruta”, dijo Antonio Rosales, referente de OIM para Santa Ana.;trabajo;m;0;NOUN;obj;1;1
Hay mucho trabajo, pero la gente no logra identificar una ruta”, dijo Antonio Rosales, referente de OIM para Santa Ana.;ruta;f;0;NOUN;obj;1;1
El 38 % de instituciones ha recibido alguna formación en migración y retorno, que son: Ministerio de Relaciones Exteriores, Procuraduría para la Defensa de los Derechos Humanos (PDDH), Universidad de Santa Ana (Unasa) y la Alianza de Salvadoreños Retornados (Alsare).;defensa;f;0;PROPN;flat;1;1
La alcaldía de Santa Ana junto a Acnur está por concluir un programa de atención y de reinserción laboral de retornados en el municipio.;programa;m;0;NOUN;obj;1;1
El estudio define que la “primera red de apoyo” para las personas migrantes retornadas es la comunidad.;comunidad;f;1;NOUN;ccomp;1;1
El fenómeno del oleaje es generado por tormentas en el hemisferio sur del país y las autoridades prevén que sean más rápidas y altas que las habituales.;fenómeno;m;0;NOUN;nsubj;1;1
El Tribunal Supremo Electoral (TSE) no ha publicado información pública que debe divulgar de manera oficiosa, relacionada a las contrataciones que realiza, las adquisiciones, sus actas de reunión y los acuerdos tomados por el pleno.;manera;f;0;NOUN;obl;1;1
La Oficina de Asesoría Legal y Anticorrupción de El Salvador (Alac-Funde) interpuso una apelación ante el Instituto de Acceso a la Información Pública (IAIP) contra la negativa del TSE de entregar este tipo de información pública oficiosa.;contra;f;0;ADP;case;1;0
Alac-Funde también solicitó sancionar al oficial de información del TSE, Duque Mártir Deras Recinos.;duque;m;0;PROPN;appos;1;1
La apelación fue puesta por el Alac-Funde en el IAIP contra la resolución de inadmisibilidad del 9 de junio de 2022 a la solicitud de información realizada el 27 de mayo de 2022, argumentando que “la palabra todos no hace referencia exacta a los datos requeridos”.;contra;f;0;ADP;case;1;0
El portal de transparencia del TSE (tse.gob.sv/laip_tse) indica que la población puede encontrar en este sitio toda la información de interés público y oficiosa del TSE, “con el fin de transparentar el quehacer” de la institución.;portal;m;0;NOUN;nsubj;1;1
El portal de transparencia del TSE (tse.gob.sv/laip_tse) indica que la población puede encontrar en este sitio toda la información de interés público y oficiosa del TSE, “con el fin de transparentar el quehacer” de la institución.;sitio;m;0;NOUN;obl;1;1
Al ingresar en actas, no hay ninguna acta del año 2022 publicada.;año;m;0;NOUN;nmod;1;1
Chats de WhatsApp de presidenta de línea institucional de presidenta del TSE desde enero de 2021 entre ella y el resto de magistrados del TSE.;línea;f;0;NOUN;nmod;1;1
"El oficial de información del TSE previno al demandante de información pública, señalando que con la expresión ""copia electrónica de todos los acuerdos"" no se cumple el requerimiento legal, sobre descripción clara y precisa necesaria de la información solicitada.";sobre;m;0;ADP;case;1;0
"""Hago la promesa ante el país entero que ese recuerdo lo vamos a retomar y ese hecho se va a investigar"", porque ""a él le debemos la gloria como mártir de nuestra Iglesia junto con monseñor Romero"", dijo el purpurado en una parada hecha para saludar a fieles en su ruta hacia la capital.";ruta;f;0;NOUN;obl;1;1
"Rosa Chávez señaló que ""su muerte no ha sido aclarada y eso no lo podemos dejar así"" y que la Oficina de Tutela Legal de la Iglesia salvadoreña tiene ""toda una investigación"" que servirá para ""hacer un buen trabajo y buscar la verdad"".";trabajo;m;0;NOUN;obj;1;1
"Rosa Chávez señaló que ""su muerte no ha sido aclarada y eso no lo podemos dejar así"" y que la Oficina de Tutela Legal de la Iglesia salvadoreña tiene ""toda una investigación"" que servirá para ""hacer un buen trabajo y buscar la verdad"".";buscar;v;0;VERB;conj;1;1
El obispo Ramos fue herido la noche del 25 de junio de 1993 en la carretera entre San Salvador y el aeropuerto salvadoreño, en la zona central del país, supuestamente por delincuentes comunes que habían establecido un puesto de asalto y falleció horas después en un hospital.;zona;f;0;NOUN;obl;1;1
El obispo Ramos fue herido la noche del 25 de junio de 1993 en la carretera entre San Salvador y el aeropuerto salvadoreño, en la zona central del país, supuestamente por delincuentes comunes que habían establecido un puesto de asalto y falleció horas después en un hospital.;central;m;0;ADJ;amod;1;0
El obispo Ramos fue herido la noche del 25 de junio de 1993 en la carretera entre San Salvador y el aeropuerto salvadoreño, en la zona central del país, supuestamente por delincuentes comunes que habían establecido un puesto de asalto y falleció horas después en un hospital.;puesto;m;0;NOUN;obj;1;1
No obstante, la Iglesia salvadoreña mostró dudas desde el inicio sobre la versión oficial, dado que sus propias indagaciones apuntan a que el automóvil en el que se transportaba Ramos fue atacado al parecer sin la intención de cometer un robo.;sobre;m;0;ADP;case;1;0
No obstante, la Iglesia salvadoreña mostró dudas desde el inicio sobre la versión oficial, dado que sus propias indagaciones apuntan a que el automóvil en el que se transportaba Ramos fue atacado al parecer sin la intención de cometer un robo.;dado;m;0;NOUN;mark;1;1
"El papa Juan Pablo II calificó de ""bárbaro asesinato"" el crimen, registrado más de un año después del final de la guerra civil (1980-1992), que también fue condenado públicamente por los capellanes militares italianos.";papa;f;0;NOUN;nsubj;1;1
"El papa Juan Pablo II calificó de ""bárbaro asesinato"" el crimen, registrado más de un año después del final de la guerra civil (1980-1992), que también fue condenado públicamente por los capellanes militares italianos.";año;m;0;NOUN;obj;1;1
Ramos fue el segundo obispo asesinado en El Salvador, tras el crimen de monseñor Óscar Arnulfo Romero, ultimado por un escuadrón de la muerte en 1980 cuando oficiaba misa, ahora beato y en proceso de ser declarado santo.;ser;m;0;AUX;aux;1;0
El cardenal Rosa Chávez, nombrado el pasado 28 de junio por el papa Francisco en el Vaticano, arribó este martes a tierras salvadoreñas, donde fue recibido por el presidente, Salvador Sánchez Cerén, y cientos de fieles.;papa;f;0;NOUN;obj;1;1
De estos municipios, las autoridades han concentrado su atención en cinco, los cuales son: San Salvador, Santa Ana, Santa Tecla, Sonsonate y San Miguel.;concentrado;m;0;VERB;ROOT;1;0
De estos municipios, las autoridades han concentrado su atención en cinco, los cuales son: San Salvador, Santa Ana, Santa Tecla, Sonsonate y San Miguel.;cinco;m;0;NUM;obl;1;0
De acuerdo a la titular de esta cartera de Estado, la población más vulnerable siguen siendo los niños menores de cinco años, personas mayores de 60 y mujeres embarazadas.;cartera;f;0;NOUN;nmod;1;1
De acuerdo a la titular de esta cartera de Estado, la población más vulnerable siguen siendo los niños menores de cinco años, personas mayores de 60 y mujeres embarazadas.;cinco;m;0;NUM;nummod;1;0
"""Hasta la semana 25, cuando se decretó la alerta, los datos que tenemos es que llevamos alrededor de 18,706 neumonías en el país, pero infecciones respiratorias agudas llevamos un millón ciento treinta mil,  213, 684 casos de diarrea hasta el primero de julio"", dijo Menjívar en la entrevista de canal 10.";treinta;m;0;NUM;nummod;1;0
De todos los casos de neumonía registrados hasta el momento, 4,981 se han dado en menores de un año, 6,567 casos en niños entre 1-4 años y 3,512 en mayores de 60.;dado;m;0;VERB;ROOT;1;0
De todos los casos de neumonía registrados hasta el momento, 4,981 se han dado en menores de un año, 6,567 casos en niños entre 1-4 años y 3,512 en mayores de 60.;año;m;0;NOUN;nmod;1;1
Junto a las neumonías y las infecciones respiratorias, las diarreas se suman a las tres enfermedades que han reportado un mayor incremento en lo que va del año, según explicó.;tres;m;0;NUM;nummod;1;0
Junto a las neumonías y las infecciones respiratorias, las diarreas se suman a las tres enfermedades que han reportado un mayor incremento en lo que va del año, según explicó.;mayor;m;0;ADJ;amod;1;0
Junto a las neumonías y las infecciones respiratorias, las diarreas se suman a las tres enfermedades que han reportado un mayor incremento en lo que va del año, según explicó.;año;m;0;NOUN;obl;1;1
Pese al incremento, la funcionaria aseguró que en comparación con el año pasado, se reportan 4,000 casos menos, algo que atribuyó a la adquisición de vacunas que en total han sido un millón, de las cuales se han aplicado 550,000 mil.;año;m;0;NOUN;obl;1;1
"""El año pasado tuvimos incremento de neumonías, ahora tenemos como 4,000 casos menos.";año;m;0;NOUN;obl;1;1
"Hemos colocado mas de 550,000 dosis de vacunas, la mayoría en niños menores de cinco años y embarazadas"", detalló.";cinco;m;0;NUM;nummod;1;0
También fue firme al indicar que no están fuera de control tras el incremento de casos de estas enfermedades.;firme;m;1;ADJ;ROOT;1;0
Los fiscales y empleados administrativos que ingresaban a sus labores fueron sorprendidos por las dos calaveras pintadas en pedazos de cartón y colocadas en la fachada principal del edificio.;cartón;m;1;NOUN;nmod;1;1
La Fiscalía está situada sobre la 8a.;sobre;m;0;ADP;case;1;0
calle Poniente y avenida José Matías Delgado al nor poniente de esa cabecera departamental.;calle;f;0;NOUN;ROOT;1;1
La PNC cerró la calle, mientras técnicos del laboratorio científico policial levantaban huellas que pudieran llevar a los sujetos que colocaron los cartones en la ventana.;calle;f;0;NOUN;obj;1;1
La PNC cerró la calle, mientras técnicos del laboratorio científico policial levantaban huellas que pudieran llevar a los sujetos que colocaron los cartones en la ventana.;llevar;v;0;VERB;acl;1;1
La PNC a través del sistema de emergencia 911 incrementó los patrullajes en los contornos de la oficina fiscal, a petición de la institución.;emergencia;f;0;NOUN;nmod;1;1
"El fiscal general Douglas Meléndez denunció el pasado 12 de julio que tanto su persona, como la institución, están siendo víctimas de amenazas y de una conspiración; incluso dijo que “algunos personajes” pagan trolles para desprestigiar el trabajo fiscal, dijo Meléndez.";trabajo;m;0;NOUN;obj;1;1
El director de la Policía Nacional Civil reportó la captura de 90 de los 100 delincuentes más buscados, programa iniciado el año pasado para sacar de circulación a peligrosos pandilleros, vinculados con homicidios y extorsiones.;programa;m;0;NOUN;appos;1;1
El director de la Policía Nacional Civil reportó la captura de 90 de los 100 delincuentes más buscados, programa iniciado el año pasado para sacar de circulación a peligrosos pandilleros, vinculados con homicidios y extorsiones.;año;m;0;NOUN;obl;1;1
El director de la Policía Nacional Civil reportó la captura de 90 de los 100 delincuentes más buscados, programa iniciado el año pasado para sacar de circulación a peligrosos pandilleros, vinculados con homicidios y extorsiones.;sacar;v;0;VERB;advcl;1;1
El sujeto es considerado que posee un amplio récord delictivo.;récord;m;1;NOUN;obj;1;1
La actual “Ley de protección integral de la niñez y adolescencia” indica que los niños y adolescentes tienen derecho a educación en salud sexual y reproductiva “de forma prioritaria por su madre y padre” y que el Estado les “garantizará” el acceso a “programas de salud y educación sexual”, además de que deberá incluir la educación sexual y reproductiva como parte de sus programas.;madre;f;0;NOUN;nmod;1;1
La actual “Ley de protección integral de la niñez y adolescencia” indica que los niños y adolescentes tienen derecho a educación en salud sexual y reproductiva “de forma prioritaria por su madre y padre” y que el Estado les “garantizará” el acceso a “programas de salud y educación sexual”, además de que deberá incluir la educación sexual y reproductiva como parte de sus programas.;les;pron;1;PRON;obj;1;1
El ministro de Educación, Ciencia y Tecnología, Mauricio Pineda, fue cuestionado sobre el tema en la Comisión de Familia.;ciencia;m/f;0;PROPN;conj;1;1
El ministro de Educación, Ciencia y Tecnología, Mauricio Pineda, fue cuestionado sobre el tema en la Comisión de Familia.;sobre;m;0;ADP;case;1;0
El funcionario respondió que las redes sociales “están explotando acerca del artículo 33” pero señaló que es bueno que se estén interesando en el tema y que la regulación no tiene que ver en promover la promiscuidad.;ver;v;0;VERB;conj;1;1
“Esta no es una ley que está promoviendo la promiscuidad ni las relaciones sexocoitales, ni mucho menos, esta es una ley basada en educación pero basada sobre todo en derechos humanos e igualdad de género...;sobre;m;0;ADP;advmod;1;0
Citada por ACI Prensa, Sara Larín, presidenta de la Fundación VIDA SV, rechaza la eliminación del “derecho prioritario de los padres a educar a sus hijos” en la nueva Ley Crecer Juntos, así como las disposiciones en las que se delega al Estado como responsable de garantizar la educación integral de la sexualidad y en las que indican que se fomentarían “las relaciones sociales y sexuales respetuosas”.;prensa;f;0;PROPN;flat;1;1
Durante la reunión, el ministro aseguró que la Ley Crecer Juntos implicará un “salto de calidad en los servicios de educación” en El Salvador.;salto;m;0;NOUN;obj;1;1
El funcionario añadió que esta ley les dota de herramientas para combatir la violencia en el entono educativo y que la “meta es que todos los centros escolares se conviertan en espacios seguros” en donde los niños se desarrollen “integralmente”.;les;pron;1;PRON;obj;1;1
Según Pineda, esta nueva ley da herramientas para eliminar las causas del ausentismo y la deserción de niños entre 4 y 18 años de edad, así como dar alertas tempranas para prevenir la violencia y la deserción, y dar seguimiento a inasistencias injustificadas..;ausentismo;m;1;NOUN;nmod;1;1
Según Pineda, esta nueva ley da herramientas para eliminar las causas del ausentismo y la deserción de niños entre 4 y 18 años de edad, así como dar alertas tempranas para prevenir la violencia y la deserción, y dar seguimiento a inasistencias injustificadas..;dar;v;0;VERB;conj;1;1
Según Pineda, esta nueva ley da herramientas para eliminar las causas del ausentismo y la deserción de niños entre 4 y 18 años de edad, así como dar alertas tempranas para prevenir la violencia y la deserción, y dar seguimiento a inasistencias injustificadas..;dar;v;0;VERB;conj;1;1
El presidente Nayib Bukele no habría atendido llamadas del Secretario de Estado de los Estados Unidos, Antony Blinken para invitarlo personalmente a la Cumbre de las Américas, reveló ayer The New York Times que cita los esfuerzos de la administración de Biden para evitar la vergüenza de un boicot por parte de líderes clave, solo para encontrar que sus propuestas fueron rechazadas.;clave;f;0;NOUN;nmod;1;1
Según el diario estadounidense, los funcionarios estadounidenses pasaron semanas negociando con el gobierno mexicano, tratando de encontrar una manera de atraer al presidente Andrés Manuel López Obrador a la reunión en Los Ángeles.;manera;f;0;NOUN;obj;1;1
La vicepresidenta Kamala Harris llamó a la presidenta de Honduras para convencerla de que asistiera y también se enviaron funcionarios de alto nivel para tratar de convencer a los líderes de El Salvador y Guatemala.;tratar;v;0;VERB;advcl;1;1
Blinken, según cuatro personas familiarizadas con el alcance que no estaban autorizadas para hablar en público, dice el periódico neoyorquino.;hablar;v;0;VERB;advcl;1;1
Bukele no ha hecho público su razonamiento para no ir a la cumbre, pero personas familiarizadas con el pensamiento del presidente salvadoreño dicen que no vio el sentido de los apretones de manos y las sesiones fotográficas cuando el diálogo con Estados Unidos está fundamentalmente roto, dice el diario.;sentido;m;0;NOUN;obj;1;1
Un cabo del Ejército salvadoreño fue asesinado en horas de la tarde de este sábado, reportó la Fiscalía General de la República (FGR).;cabo;m;0;NOUN;nsubj;1;1
La víctima, identificada como Denys Alexis Reyes Chávez, se encontraba de licencia en su casa de habitación, ubicada en el Cantón Piedras Pachas, El Tránsito, San Miguel.;licencia;f;1;NOUN;obl;1;1
La víctima, identificada como Denys Alexis Reyes Chávez, se encontraba de licencia en su casa de habitación, ubicada en el Cantón Piedras Pachas, El Tránsito, San Miguel.;casa;f;0;NOUN;obl;1;1
La víctima, identificada como Denys Alexis Reyes Chávez, se encontraba de licencia en su casa de habitación, ubicada en el Cantón Piedras Pachas, El Tránsito, San Miguel.;tránsito;m;0;PROPN;flat;1;1
El Cabo se encontraba laborando para el Destacamento Militar Número 3 de La Unión.;cabo;m;0;PROPN;nsubj;1;1
Cinco de ellas en occidente, tres en el centro y tres en oriente.;cinco;m;0;NUM;ROOT;1;0
Cinco de ellas en occidente, tres en el centro y tres en oriente.;tres;m;0;NUM;appos;1;0
Cinco de ellas en occidente, tres en el centro y tres en oriente.;centro;m;0;NOUN;nmod;1;1
Cinco de ellas en occidente, tres en el centro y tres en oriente.;tres;m;0;NUM;appos;1;0
El ministro de Justicia y Seguridad Pública, Gustavo Villatoro, aseguró esta mañana que con lo que aseguró que han formalizado la causa penal en su contra.;contra;f;0;NOUN;obl;1;1
Villatoro aseveró también que seis de quince cabecillas de la MS-13 han sido capturados, sobre los restantes nueve, dijo que la mayoría “están fuera del país”.;sobre;m;0;ADP;case;1;0
Los problemas logísticos en China y la cadena de abastecimiento se han convertido en un reto para la industria farmacéutica de El Salvador, es por esto que el gremio señaló que se prepara para no caer en un desabastecimiento en su producción.;china;f;0;PROPN;nmod;1;1
Los problemas logísticos en China y la cadena de abastecimiento se han convertido en un reto para la industria farmacéutica de El Salvador, es por esto que el gremio señaló que se prepara para no caer en un desabastecimiento en su producción.;cadena;f;0;NOUN;conj;1;1
Los problemas logísticos en China y la cadena de abastecimiento se han convertido en un reto para la industria farmacéutica de El Salvador, es por esto que el gremio señaló que se prepara para no caer en un desabastecimiento en su producción.;caer;v;0;VERB;advcl;1;1
La presidenta de Inquifar indicó que la crisis de contenedores aún no ha sido superada y si antes, por ejemplo, se tardaban cuatro meses en obtener los insumos, ahora la mercancía puede arribar hasta después de 12 meses, por lo que han tenido que planificar y programar sus materias primas a largo plazo.;arribar;v;1;VERB;xcomp;1;1
“Yo tengo que calificar a mi proveedor de materia prima, no solo puedo comprar a cualquiera, luego tengo que estabilizar mis productos en base a esa materia prima”, añadió.;base;f;0;NOUN;fixed;1;1
En medio de un problema logístico en Asia, el CEO de la empresa farmacéutica Ancalmo Internacional, José Mario Ancalmo, explicó la semana pasada que la situación actual les ha llevado a tomar medidas, por el lado de gastos y costos para sortear la situación.;medio;m;0;NOUN;fixed;1;1
En medio de un problema logístico en Asia, el CEO de la empresa farmacéutica Ancalmo Internacional, José Mario Ancalmo, explicó la semana pasada que la situación actual les ha llevado a tomar medidas, por el lado de gastos y costos para sortear la situación.;situación;f;0;NOUN;nsubj;1;1
En medio de un problema logístico en Asia, el CEO de la empresa farmacéutica Ancalmo Internacional, José Mario Ancalmo, explicó la semana pasada que la situación actual les ha llevado a tomar medidas, por el lado de gastos y costos para sortear la situación.;les;pron;1;PRON;obj;1;1
En medio de un problema logístico en Asia, el CEO de la empresa farmacéutica Ancalmo Internacional, José Mario Ancalmo, explicó la semana pasada que la situación actual les ha llevado a tomar medidas, por el lado de gastos y costos para sortear la situación.;tomar;v;0;VERB;xcomp;1;1
En medio de un problema logístico en Asia, el CEO de la empresa farmacéutica Ancalmo Internacional, José Mario Ancalmo, explicó la semana pasada que la situación actual les ha llevado a tomar medidas, por el lado de gastos y costos para sortear la situación.;situación;f;0;NOUN;nsubj;1;1
Ancalmo trae sus materias primas de Europa, India, y China, donde los fletes marítimos han aumentado su precio.;china;f;0;PROPN;conj;1;1
El ejecutivo indicó que algunos productos han incrementado su costo entre un 5 % y 8 %, los cuales dependen de materia prima importada.;costo;m;1;NOUN;obj;1;1
Datos del Banco Central de Reserva (BCR) señalan que las compras de productos químicos, y farmacéuticos aumentaron un 18.4 % en los primeros cuatro meses del año.;banco;m;0;PROPN;flat;1;1
Datos del Banco Central de Reserva (BCR) señalan que las compras de productos químicos, y farmacéuticos aumentaron un 18.4 % en los primeros cuatro meses del año.;central;m;0;PROPN;flat;1;1
Datos del Banco Central de Reserva (BCR) señalan que las compras de productos químicos, y farmacéuticos aumentaron un 18.4 % en los primeros cuatro meses del año.;año;m;0;NOUN;nmod;1;1
En cambio, el volumen importado aumentó un 11.8 %, al pasar de los 138 millones de kilogramos a 154.3 millones para abril de 2022.;volumen;m;0;NOUN;nsubj;1;1
En cambio, el volumen importado aumentó un 11.8 %, al pasar de los 138 millones de kilogramos a 154.3 millones para abril de 2022.;pasar;v;0;VERB;advcl;1;1
Sin embargo, en abril la tendencia cayó, el país pagó $90.8 millones ese mes por 33.3 millones de kilogramos, una disminución del 29.7 % del volumen de marzo cuando se importaron 47.4 millones de kilogramos por $120.9 millones, 24.8 % menos del dinero invertido en marzo.;volumen;m;0;NOUN;nmod;1;1
Las compras de implementos e insumos para el sector de farmacéutica incluso es menor que hace un año, en abril del 2021 se importaron 37.2 millones de kilogramos, por $103.6 millones, una disminución del 10.5 % en volumen y 12.3 % en el dinero de inversión.;año;m;0;NOUN;obj;1;1
Las compras de implementos e insumos para el sector de farmacéutica incluso es menor que hace un año, en abril del 2021 se importaron 37.2 millones de kilogramos, por $103.6 millones, una disminución del 10.5 % en volumen y 12.3 % en el dinero de inversión.;volumen;m;0;NOUN;nmod;1;1
Al menos hasta agosto de 2017, la Policía Nacional Civil registró un total de 369 feminicidios en El Salvador, según manifestó ayer el Instituto de Estudios de la Mujer “Norma Virginia Guirola de Herrera” (Cemujer) y el Comité de América Latina y el Caribe para la Defensa de los Derechos de las Mujeres (Cladem).;defensa;f;0;PROPN;flat;1;1
Las instituciones indicaron que de este total de feminicidios, un 52.7 % son reportados por tres departamentos: San Salvador, La Libertad y Santa Ana, y que las edades de las víctimas oscilan entre 18 a 30 años.;tres;m;0;NUM;nummod;1;0
Asimismo, la institución alertó sobre la persistencia del embarazo infantil forzado en El Salvador, y la penalización absoluta del aborto “como una forma de violencia institucional y tortura”, y llamó al Estado a cumplir con las recomendaciones de los Comités Monitores de Derechos Humanos de Naciones Unidas para comprometerse a revisar su legislación punitiva del aborto.;sobre;m;0;ADP;case;1;0
El homicidio del investigador Marcos Antonio Carranza y homicidio tentado de dos investigadores con clave “Luis” y “Ramón”, quedaron impunes con la absolución que emitió ayer el Tribunal Cuarto de Sentencia de San Salvador, a favor de tres presuntos pandilleros que, según la Fiscalía General de la República, fueron los que participaron en el hecho.;clave;f;0;NOUN;nmod;1;1
El homicidio del investigador Marcos Antonio Carranza y homicidio tentado de dos investigadores con clave “Luis” y “Ramón”, quedaron impunes con la absolución que emitió ayer el Tribunal Cuarto de Sentencia de San Salvador, a favor de tres presuntos pandilleros que, según la Fiscalía General de la República, fueron los que participaron en el hecho.;ramón;m;0;PROPN;conj;1;1
El homicidio del investigador Marcos Antonio Carranza y homicidio tentado de dos investigadores con clave “Luis” y “Ramón”, quedaron impunes con la absolución que emitió ayer el Tribunal Cuarto de Sentencia de San Salvador, a favor de tres presuntos pandilleros que, según la Fiscalía General de la República, fueron los que participaron en el hecho.;tres;m;0;NUM;nummod;1;0
En su fallo, la jueza de la causa dijo que la Unidad Especializada Antipandillas y Delitos de Homicidio de la Fiscalía, no pudo probar los hechos y la evidencia presentada no fue suficiente para quebrantar el principio de presunción de inocencia de Rafael Antonio Medrano, Jairo José Flores Reyes y Carlos Armando Ramírez  Alvarado.;fallo;m;0;NOUN;obl;1;1
En la vista pública declararon en calidad de víctimas y testigos los dos agentes investigadores que sufrieron el atentado, y a quienes, desde el día del hecho, se les otorgó régimen de protección.;les;pron;0;PRON;obj;1;1
"Ambos declararon en el juicio y en su testimonio manifestaron que los tres imputados fueron los que dispararon en su contra e hirieron de bala a Carranza y “Clave Ramón”; el primero murió a raíz de los impactos de bala recibidos.";tres;m;0;NUM;nummod;1;0
"Ambos declararon en el juicio y en su testimonio manifestaron que los tres imputados fueron los que dispararon en su contra e hirieron de bala a Carranza y “Clave Ramón”; el primero murió a raíz de los impactos de bala recibidos.";contra;f;0;NOUN;obl;1;1
"Ambos declararon en el juicio y en su testimonio manifestaron que los tres imputados fueron los que dispararon en su contra e hirieron de bala a Carranza y “Clave Ramón”; el primero murió a raíz de los impactos de bala recibidos.";bala;f;0;NOUN;obj;1;1
"Ambos declararon en el juicio y en su testimonio manifestaron que los tres imputados fueron los que dispararon en su contra e hirieron de bala a Carranza y “Clave Ramón”; el primero murió a raíz de los impactos de bala recibidos.";clave;f;0;PROPN;conj;1;1
"Ambos declararon en el juicio y en su testimonio manifestaron que los tres imputados fueron los que dispararon en su contra e hirieron de bala a Carranza y “Clave Ramón”; el primero murió a raíz de los impactos de bala recibidos.";ramón;m;0;PROPN;flat;1;1
"Ambos declararon en el juicio y en su testimonio manifestaron que los tres imputados fueron los que dispararon en su contra e hirieron de bala a Carranza y “Clave Ramón”; el primero murió a raíz de los impactos de bala recibidos.";bala;f;0;NOUN;obj;1;1
Al analizar la supuesta participación que tuvo cada uno de los procesados, la jueza dijo que en el caso de Carlos Armando Ramírez  Alvarado, quien era controlador de la ruta 11 de autobuses, la Policía lo detuvo una hora después del atentado, pero por el delito de resistencia y que “Clave Luis” en ese momento no lo reconoció como uno de sus atacantes.;ruta;f;0;NOUN;nmod;1;1
Al analizar la supuesta participación que tuvo cada uno de los procesados, la jueza dijo que en el caso de Carlos Armando Ramírez  Alvarado, quien era controlador de la ruta 11 de autobuses, la Policía lo detuvo una hora después del atentado, pero por el delito de resistencia y que “Clave Luis” en ese momento no lo reconoció como uno de sus atacantes.;clave;f;0;PROPN;nsubj;1;1
La jueza cuestionó, por ejemplo, que lo hayan detenido en la zona de San Marcos, mientras andaba con un grupo de pandilleros y agregó que si hubiese sido uno de los que una hora antes se había enfrentado a la Policía, no habría andado en el lugar.;zona;f;0;NOUN;obl;1;1
Y aunque “Clave Luis” dijo que al momento de enfrentarse a balazos con ellos, pudo reconocerlo, la jueza manifestó que era una apreciación errónea de “Clave Luis” y les restó credibilidad.;clave;f;0;PROPN;nsubj;1;1
Y aunque “Clave Luis” dijo que al momento de enfrentarse a balazos con ellos, pudo reconocerlo, la jueza manifestó que era una apreciación errónea de “Clave Luis” y les restó credibilidad.;clave;f;0;PROPN;nsubj;1;1
Y aunque “Clave Luis” dijo que al momento de enfrentarse a balazos con ellos, pudo reconocerlo, la jueza manifestó que era una apreciación errónea de “Clave Luis” y les restó credibilidad.;les;pron;0;PRON;obj;1;1
A la jueza le presentó la marcación del reloj biométrico de ese día, así como una constancia donde la empresa certifica la producción hora por hora que durante toda esa semana hizo y que se transformó en 11 mil etiquetas.;reloj;m;0;NOUN;nmod;1;1
El hecho ocurrió el 13 de octubre del año 2016 a eso de las 9:30 de la mañana, en la calle al Guaje, a inmediaciones del punto de buses de la ruta 11, del municipio de San Marcos.;año;m;0;NOUN;compound;1;1
El hecho ocurrió el 13 de octubre del año 2016 a eso de las 9:30 de la mañana, en la calle al Guaje, a inmediaciones del punto de buses de la ruta 11, del municipio de San Marcos.;calle;f;0;NOUN;nmod;1;1
El hecho ocurrió el 13 de octubre del año 2016 a eso de las 9:30 de la mañana, en la calle al Guaje, a inmediaciones del punto de buses de la ruta 11, del municipio de San Marcos.;punto;m;0;NOUN;nmod;1;1
El hecho ocurrió el 13 de octubre del año 2016 a eso de las 9:30 de la mañana, en la calle al Guaje, a inmediaciones del punto de buses de la ruta 11, del municipio de San Marcos.;ruta;f;0;NOUN;nmod;1;1
Los investigadores iban a una diligencia, pero frente al punto,  un autobús que maniobraba les obstaculizó el paso, momento en que siete sujetos aprovecharon para dispararles.;diligencia;f;0;NOUN;obl;1;1
Los investigadores iban a una diligencia, pero frente al punto,  un autobús que maniobraba les obstaculizó el paso, momento en que siete sujetos aprovecharon para dispararles.;punto;m;0;NOUN;obl;1;1
Los investigadores iban a una diligencia, pero frente al punto,  un autobús que maniobraba les obstaculizó el paso, momento en que siete sujetos aprovecharon para dispararles.;les;pron;0;PRON;obj;1;1
Los investigadores iban a una diligencia, pero frente al punto,  un autobús que maniobraba les obstaculizó el paso, momento en que siete sujetos aprovecharon para dispararles.;paso;m;0;NOUN;obj;1;1
Los investigadores iban a una diligencia, pero frente al punto,  un autobús que maniobraba les obstaculizó el paso, momento en que siete sujetos aprovecharon para dispararles.;siete;m;0;NUM;nummod;1;0
Una campaña para incentivar la denuncia contra la extorsión anunciaron en conjunto, la Policía Nacional Civil  y la Fiscalía General de la República con el apoyo de la Embajada de los Estados Unidos.;incentivar;v;0;VERB;acl;1;1
Una campaña para incentivar la denuncia contra la extorsión anunciaron en conjunto, la Policía Nacional Civil  y la Fiscalía General de la República con el apoyo de la Embajada de los Estados Unidos.;contra;f;0;ADP;case;1;0
“Pagar extorsión, no es tu obligación”, es el lema de la iniciativa, que busca quebrar la “columna vertebral” de la existencia de las pandillas, dijo el director de la corporación policial Howard Cotto.;busca;f;0;VERB;acl;1;0
La PNC ha puesto a disposición de la ciudadanía 19 unidades policiales, que recibirán las denuncias en todo el país.;puesto;m;0;VERB;ROOT;1;0
Las autoridades han puesto a disposición el número telefónico 2511-1111 para recibir las denuncias las 24 horas del día.;puesto;m;0;VERB;ROOT;1;0
Las autoridades han puesto a disposición el número telefónico 2511-1111 para recibir las denuncias las 24 horas del día.;recibir;v;0;VERB;acl;1;1
Por su parte, el Fiscal General Douglas Meléndez dijo que dispondrán de nuevos fiscales para atender únicamente las denuncias contra la extorsión.;atender;v;0;VERB;advcl;1;1
Por su parte, el Fiscal General Douglas Meléndez dijo que dispondrán de nuevos fiscales para atender únicamente las denuncias contra la extorsión.;contra;f;0;ADP;case;1;0
La aplicación tendrá una capacidad para más de tres millones de usuarios, explicó Meléndez.;tres;m;0;NUM;nummod;1;0
Agregó que el año pasado recibieron dos mil 246 denuncias, mientras que este año llevan 1,571 casos, es decir, 675 menos.;año;m;0;NOUN;obl;1;1
Agregó que el año pasado recibieron dos mil 246 denuncias, mientras que este año llevan 1,571 casos, es decir, 675 menos.;año;m;0;NOUN;obl;1;1
Cotto recordó que el año pasado la PNC detuvo a 1,018 extorsionistas, entre el 1 de enero a la fecha, mientras en el presente año, suman 1, 804 arrestos por el referido delito, es decir, un incremento de 800 capturas más.;año;m;0;NOUN;obl;1;1
Cotto recordó que el año pasado la PNC detuvo a 1,018 extorsionistas, entre el 1 de enero a la fecha, mientras en el presente año, suman 1, 804 arrestos por el referido delito, es decir, un incremento de 800 capturas más.;año;m;0;NOUN;obl;1;1
La campaña durará un año.;año;m;0;NOUN;obj;1;1
"El 18 de octubre del año pasado, una menor de edad que llegó a San Salvador en busca de trabajo, fue a un carwash en el que ofrecían un salario semanal de $90, sin  imaginar que se trataba de una banda dedicada a la trata de personas, previa privación de libertad; por estos dos delitos, el Jugado 10o.";año;m;0;NOUN;compound;1;1
"El 18 de octubre del año pasado, una menor de edad que llegó a San Salvador en busca de trabajo, fue a un carwash en el que ofrecían un salario semanal de $90, sin  imaginar que se trataba de una banda dedicada a la trata de personas, previa privación de libertad; por estos dos delitos, el Jugado 10o.";busca;f;0;NOUN;obl;1;1
"El 18 de octubre del año pasado, una menor de edad que llegó a San Salvador en busca de trabajo, fue a un carwash en el que ofrecían un salario semanal de $90, sin  imaginar que se trataba de una banda dedicada a la trata de personas, previa privación de libertad; por estos dos delitos, el Jugado 10o.";trabajo;m;0;NOUN;nmod;1;1
"El 18 de octubre del año pasado, una menor de edad que llegó a San Salvador en busca de trabajo, fue a un carwash en el que ofrecían un salario semanal de $90, sin  imaginar que se trataba de una banda dedicada a la trata de personas, previa privación de libertad; por estos dos delitos, el Jugado 10o.";banda;f;0;NOUN;obj;1;1
"El 18 de octubre del año pasado, una menor de edad que llegó a San Salvador en busca de trabajo, fue a un carwash en el que ofrecían un salario semanal de $90, sin  imaginar que se trataba de una banda dedicada a la trata de personas, previa privación de libertad; por estos dos delitos, el Jugado 10o.";previa;f;0;ADJ;amod;1;0
Al finalizar la audiencia preliminar, el juez resolvió que fueran enviados a juicio, solo por trata de personas: Yeni Magali Ávalos Contreras, Yuri Elizabeth Landaverde, Nelson Jonathan Pérez Moreira, y Gladys Elizabeth Hernández, por los dos ilícitos en perjuicio de la víctima con clave “Cristal”.;clave;f;0;NOUN;nmod;1;1
Al finalizar la audiencia preliminar, el juez resolvió que fueran enviados a juicio, solo por trata de personas: Yeni Magali Ávalos Contreras, Yuri Elizabeth Landaverde, Nelson Jonathan Pérez Moreira, y Gladys Elizabeth Hernández, por los dos ilícitos en perjuicio de la víctima con clave “Cristal”.;cristal;m;0;PROPN;appos;1;1
En su denuncia, la menor de edad dice que viajó a San Salvador para encontrar un trabajo y que en el camino observó un rótulo en el que se leía:“Se necesitan jóvenes humildes para lavar trastos y limpieza”.;trabajo;m;0;NOUN;obj;1;1
En su denuncia, la menor de edad dice que viajó a San Salvador para encontrar un trabajo y que en el camino observó un rótulo en el que se leía:“Se necesitan jóvenes humildes para lavar trastos y limpieza”.;limpieza;f;0;NOUN;conj;1;1
"Cuando llegó a la dirección se percató que se trataba de un carwash, en donde la atendieron y le pidieron que ingresara; la primera pregunta que le hicieron fue si era policía, pero ella respondió que no y que necesitaba el trabajo.";trabajo;m;0;NOUN;obj;1;1
Inmediatamente, le manifestaron que su jornada diaria iba terminar a las 4:00 de la tarde y que además, en el local se vendían cervezas, pero que le llamó la atención ver a otras menores en diferentes cuartos a los que no se le permitía ingresar.;terminar;v;0;VERB;xcomp;1;1
Inmediatamente, le manifestaron que su jornada diaria iba terminar a las 4:00 de la tarde y que además, en el local se vendían cervezas, pero que le llamó la atención ver a otras menores en diferentes cuartos a los que no se le permitía ingresar.;ver;v;0;VERB;xcomp;1;1
“Cristal” expresó que ese 18 de octubre, cuando se hicieron las 4:00 de la tarde, se preparó para retirarse del lugar, pero un sujeto de forma prepotente le manifestó que no podía salir y que lo haría el domingo.;cristal;m;0;PROPN;nsubj;1;1
Mencionó que le quitaron la cartera, el teléfono celular y la encerraron en un cuarto bajo llave, entregándole otro tipo de ropa para que atendiera clientes con quienes debía tener relaciones sexuales.;cartera;f;1;NOUN;obj;1;1
Mencionó que le quitaron la cartera, el teléfono celular y la encerraron en un cuarto bajo llave, entregándole otro tipo de ropa para que atendiera clientes con quienes debía tener relaciones sexuales.;bajo;m;0;ADJ;case;1;0
Mencionó que le quitaron la cartera, el teléfono celular y la encerraron en un cuarto bajo llave, entregándole otro tipo de ropa para que atendiera clientes con quienes debía tener relaciones sexuales.;llave;f;0;NOUN;nmod;1;1
La víctima les reclamó que ese no era el trato pactado, entonces llegaron otras mujeres para someterla y amarrarla, al mismo tiempo tomaron un algodón y lo mojaron con un líquido, luego lo envolvieron con una gaza y se lo introdujeron en sus genitales, diciéndole que era para que no tuviera problemas cuando tuviera relaciones sexuales.;les;pron;0;PRON;iobj;1;1
La víctima les reclamó que ese no era el trato pactado, entonces llegaron otras mujeres para someterla y amarrarla, al mismo tiempo tomaron un algodón y lo mojaron con un líquido, luego lo envolvieron con una gaza y se lo introdujeron en sus genitales, diciéndole que era para que no tuviera problemas cuando tuviera relaciones sexuales.;gaza;f;0;NOUN;obl;1;1
La PNC fue al lugar e hizo un allanamiento, donde capturó a los imputados.;allanamiento;m;1;NOUN;obj;1;1
El crimen se cometió dentro de la unidad y ocurrió en la calle Los Diplomáticos, aproximadamente a las 6:00 de la mañana de este sábado.;calle;f;0;NOUN;obl;1;1
Al cierre de esta nota, la identidad de la víctima aún no ha sido proporcionada por las autoridades, quienes se encuentran procesado la escena de esta muerte violenta.;cierre;m;0;NOUN;obl;1;1
Al cierre de esta nota, la identidad de la víctima aún no ha sido proporcionada por las autoridades, quienes se encuentran procesado la escena de esta muerte violenta.;nota;f;0;NOUN;nmod;1;1
La Dirección de Auditoría Uno de la Corte de Cuentas de la República (CCR) determinó que el suministro de papeletas de votaciones para las elecciones de Asamblea Legislativa y concejos municipales de 2018 en El Salvador fue adjudicado a una empresa que presentó la mayor oferta económica.;corte;m;0;PROPN;flat;1;1
La Dirección de Auditoría Uno de la Corte de Cuentas de la República (CCR) determinó que el suministro de papeletas de votaciones para las elecciones de Asamblea Legislativa y concejos municipales de 2018 en El Salvador fue adjudicado a una empresa que presentó la mayor oferta económica.;mayor;m;0;ADJ;amod;1;0
de C.V., pese a que esta empresa “incumplió con lo requerido” en las bases de licitación y presentó mayor precio a la oferta.;mayor;m;0;ADJ;amod;1;0
El proceso de licitación pública cuestionado es el LP-01/TSE/PEE-2018 “Suministro de papeletas de votación para ser utilizadas en la elección de diputados y diputadas a la Asamblea Legislativa e Integrantes de los Concejos Municipales durante el evento electoral 2018”.;ser;m;0;AUX;aux;1;0
El proceso de licitación pública cuestionado es el LP-01/TSE/PEE-2018 “Suministro de papeletas de votación para ser utilizadas en la elección de diputados y diputadas a la Asamblea Legislativa e Integrantes de los Concejos Municipales durante el evento electoral 2018”.;evento;m;0;NOUN;obl;1;1
Los auditores indicaron que la empresa presentó documentos no presentados originalmente y que por ello modificó su oferta técnica, como programación del plan de producción y personal de supervisión con requisitos mayores de experiencia.;plan;m;0;NOUN;nmod;1;1
Los auditores confirmaron cinco hallazgos u observaciones al presupuesto electoral, trasladando el caso a juicio de cuentas a un tribunal de primera instancia de la CCR.;cinco;m;0;NUM;nummod;1;0
Según la Comisión Evaluadora, la licitación debe buscar la oferta más ventajosa a los intereses estatales y el bien común y ello no significa que la oferta más barata sea “necesariamente la seleccionada”, pues debe haber requisitos técnicos y financieros, citando una sentencia de la Sala de lo Contencioso Administrativo 57-2009 del 2 de diciembre de 2016.;buscar;v;0;VERB;ROOT;1;1
Pese a los argumentos de los miembros de dicha Comisión Evaluadora de Ofertas, los auditores de la Corte de Cuentas mantuvieron sus observaciones, debido a que la empresa incluyó personal que no estaba en la oferta original y aumentó los años de experiencia de los empleados, no se le debió dar el puntaje máximo del 20 % en el criterio maquinaria y equipo ante incongruencias entre los datos reflejados por el ofertante y que tuvo una oferta económica alta.;corte;m;0;PROPN;nmod;1;1
Pese a los argumentos de los miembros de dicha Comisión Evaluadora de Ofertas, los auditores de la Corte de Cuentas mantuvieron sus observaciones, debido a que la empresa incluyó personal que no estaba en la oferta original y aumentó los años de experiencia de los empleados, no se le debió dar el puntaje máximo del 20 % en el criterio maquinaria y equipo ante incongruencias entre los datos reflejados por el ofertante y que tuvo una oferta económica alta.;dar;v;0;VERB;advcl;1;1
La auditoría también determina que el director financiero institucional del TSE “no proporcionó información y documentación” para la auditoría, como explicaciones del proceso presupuestario y actas de cierre y escrutinio del TSE.;cierre;m;0;NOUN;nmod;1;1
Señaló inconsistencias en el registro contable de $3.9 millones de servicios de publicación de resultados con digitalización, transmisión y procesamiento de información de actas de cierre de escrutinio del TSE, porque fue “posterior” a la suscripción del contrato y emisión de factura.;registro;m;0;NOUN;nmod;1;1
Señaló inconsistencias en el registro contable de $3.9 millones de servicios de publicación de resultados con digitalización, transmisión y procesamiento de información de actas de cierre de escrutinio del TSE, porque fue “posterior” a la suscripción del contrato y emisión de factura.;cierre;m;0;NOUN;nmod;1;1
Señaló inconsistencias en el registro contable de $3.9 millones de servicios de publicación de resultados con digitalización, transmisión y procesamiento de información de actas de cierre de escrutinio del TSE, porque fue “posterior” a la suscripción del contrato y emisión de factura.;factura;f;0;NOUN;nmod;1;1
También observó la falta de reintegro del anticipo a vigilantes de las Juntas Receptoras de Votos (JRV) por parte del Partido Demócrata Cristiano (PDC), por un monto de $62,830.;partido;m;0;PROPN;nmod;1;1
La quinta observación realizada en la auditoría fue que el TSE delegó al director financiero funciones de programación de ejecución presupeustaria, apertura de cuentas, pago de remuneraciones, pagos ad honoromen, “generando incompatibilidad de funciones”.;quinta;f;0;ADJ;amod;1;0
Tras ocho años de trámites y procesos de construcción, ayer Energía del Pacífico (EDP) oficializó el inicio de operaciones comerciales de su mega planta de gas natural licuado (GLN), la primera de este tipo de generación en El Salvador.;gas;m;0;NOUN;nmod;1;1
EDP ganó un proceso de licitación para construir la primera planta de gas natural en El Salvador en 2014.;gas;m;0;NOUN;nmod;1;1
Su inicio de operación marca un hito no solo por ser la primera planta de gas natural, sino que es el proyecto de inversión privada más grande en la historia de El Salvador por más de $1,000 millones.;ser;m;0;AUX;cop;1;0
Su inicio de operación marca un hito no solo por ser la primera planta de gas natural, sino que es el proyecto de inversión privada más grande en la historia de El Salvador por más de $1,000 millones.;gas;m;0;NOUN;nmod;1;1
Estamos listos para operar comercialmente nuestra planta bajo un estricto compromiso de generar energía limpia, confiable y segura”, señaló Alberto Osorio, director del proyecto EDP.;bajo;m;0;ADP;case;1;0
Estamos listos para operar comercialmente nuestra planta bajo un estricto compromiso de generar energía limpia, confiable y segura”, señaló Alberto Osorio, director del proyecto EDP.;compromiso;m;0;NOUN;obl;1;1
Estamos listos para operar comercialmente nuestra planta bajo un estricto compromiso de generar energía limpia, confiable y segura”, señaló Alberto Osorio, director del proyecto EDP.;limpia;f;0;ADJ;amod;1;0
Daniel Álvarez, presidente de la Comisión Ejecutiva Hidroeléctrica del Río Lempa (CEL), destacó que, desde que EDP inició la operación comercial, El Salvador redujo la importación energía del Mercado Eléctrico Regional (MER).;comercial;m;0;ADJ;amod;1;0
Daniel Álvarez, presidente de la Comisión Ejecutiva Hidroeléctrica del Río Lempa (CEL), destacó que, desde que EDP inició la operación comercial, El Salvador redujo la importación energía del Mercado Eléctrico Regional (MER).;regional;m;0;PROPN;flat;1;1
La primera planta de gas tiene una capacidad de 380.7 megavatios (MW), lo que la convierte en el mayor generador instalado en el sistema eléctrico salvadoreño.;gas;m;0;NOUN;nmod;1;1
La primera planta de gas tiene una capacidad de 380.7 megavatios (MW), lo que la convierte en el mayor generador instalado en el sistema eléctrico salvadoreño.;mayor;m;0;ADJ;amod;1;0
De esa manera, la nueva planta de gas natural cubrirá el 30 % de la demanda energética y marca un cambio hacia una generación menos contaminante.;manera;f;0;NOUN;obl;1;1
De esa manera, la nueva planta de gas natural cubrirá el 30 % de la demanda energética y marca un cambio hacia una generación menos contaminante.;gas;m;0;NOUN;nmod;1;1
El megaproyecto cuenta con 19 motores de combustión interna a base de gas natural, una turbina de vapor de 28 megavatios y una infraestructura para GLN que incluye la terminal flotante de almacenamiento y regasificación (FSRU por sus siglas en inglés) BW Tatiana.;base;f;0;NOUN;fixed;1;1
El megaproyecto cuenta con 19 motores de combustión interna a base de gas natural, una turbina de vapor de 28 megavatios y una infraestructura para GLN que incluye la terminal flotante de almacenamiento y regasificación (FSRU por sus siglas en inglés) BW Tatiana.;gas;m;0;NOUN;nmod;1;1
El megaproyecto cuenta con 19 motores de combustión interna a base de gas natural, una turbina de vapor de 28 megavatios y una infraestructura para GLN que incluye la terminal flotante de almacenamiento y regasificación (FSRU por sus siglas en inglés) BW Tatiana.;vapor;m;0;NOUN;nmod;1;1
El megaproyecto cuenta con 19 motores de combustión interna a base de gas natural, una turbina de vapor de 28 megavatios y una infraestructura para GLN que incluye la terminal flotante de almacenamiento y regasificación (FSRU por sus siglas en inglés) BW Tatiana.;terminal;m;0;NOUN;nsubj;1;1
El megaproyecto cuenta con 19 motores de combustión interna a base de gas natural, una turbina de vapor de 28 megavatios y una infraestructura para GLN que incluye la terminal flotante de almacenamiento y regasificación (FSRU por sus siglas en inglés) BW Tatiana.;flotante;m;0;ADJ;amod;1;0
El buque BW Tatiana llegó a las aguas salvadoreñas en noviembre del 2021 desde el astillero Keppel Tuas en Singapur, la primera unidad flotante de regasificación y almacenamiento desplegada en la región.;flotante;m;0;ADJ;amod;1;0
La planta de EDP incluye una línea de transmisión de doble circuito con una tensión de 230 kilovoltios (kV) en una longitud de 44 kilómetros, que se encuentra conectada a las subestaciones de EDP y de Ahuachapán.;línea;f;0;NOUN;obj;1;1
La planta de EDP incluye una línea de transmisión de doble circuito con una tensión de 230 kilovoltios (kV) en una longitud de 44 kilómetros, que se encuentra conectada a las subestaciones de EDP y de Ahuachapán.;doble;m;0;NUM;amod;1;0
La otra línea de 230 kV interconecta a la subestación de EDP con Acajutla, lo que fortalecerá el sistema de transmisión nacional y la interconexión con la regional.;línea;f;0;NOUN;nsubj;1;1
La otra línea de 230 kV interconecta a la subestación de EDP con Acajutla, lo que fortalecerá el sistema de transmisión nacional y la interconexión con la regional.;regional;m;0;ADJ;amod;1;0
La ordenanza sanciona desde la amonestación hasta multas de cuatro salarios mínimos las contravenciones en las que incurran los ciudadanos que transiten o residan en el municipio.;amonestación;f;0;NOUN;obl;1;1
La ordenanza prohíbe obstaculizar la acera, con ripio, materiales, planchas de pupusas o negocios de lavados de vehículos.;ripio;m;0;NOUN;nmod;1;1
La ordenanza crea la Unidad de Tránsito del Cuerpo de Agentes Metropolitanos (UTCAMST), quienes tendrán uniforme, chaleco reflector y silbato, y podrán por aviso o denunciar iniciar procesos de sanción, y quitar obstáculos de las aceras.;tránsito;m;0;PROPN;flat;1;1
En un plan piloto, el alcalde de Santa Tecla, Henry Flores, detalló en una entrevista a Telecorporación Salvadoreña que el primer paso del reordenamiento será el cambio de recorrido de 15 rutas de buses y microbuses, las cuales ya no circularán frente al parque Daniel Hernández, sino que rodearán El Cafetalón.;plan;m;0;NOUN;obl;1;1
En un plan piloto, el alcalde de Santa Tecla, Henry Flores, detalló en una entrevista a Telecorporación Salvadoreña que el primer paso del reordenamiento será el cambio de recorrido de 15 rutas de buses y microbuses, las cuales ya no circularán frente al parque Daniel Hernández, sino que rodearán El Cafetalón.;piloto;f;0;NOUN;appos;1;1
En un plan piloto, el alcalde de Santa Tecla, Henry Flores, detalló en una entrevista a Telecorporación Salvadoreña que el primer paso del reordenamiento será el cambio de recorrido de 15 rutas de buses y microbuses, las cuales ya no circularán frente al parque Daniel Hernández, sino que rodearán El Cafetalón.;paso;m;0;NOUN;nsubj;1;1
Las rutas actualmente se quedan en los parques y “generan más tráfico y literal ahí se hace un mercadito”, explicó.;ahí;adv;0;ADV;advmod;1;0
Este plan piloto durará un mes y la alcaldía estará abierta a realizar cambios cambios.;plan;m;0;NOUN;nsubj;1;1
Este plan piloto durará un mes y la alcaldía estará abierta a realizar cambios cambios.;piloto;f;0;NOUN;nmod;1;1
Este plan piloto durará un mes y la alcaldía estará abierta a realizar cambios cambios.;realizar;v;0;VERB;advcl;1;1
El edil señaló que quieren “evitar” aglomeraciones, tráfico y potenciar el centro histórico de Santa Tecla como se hizo en San Salvador.;centro;m;0;NOUN;obj;1;1
Según el alcalde, vendedores se trasladarán a los mercados municipales Dueñas y Central.;central;m;0;PROPN;conj;1;1
/ Óscar Machón[/caption] En menos de 24 horas de cometido un múltiple crimen contra 11 personas en San Juan Opico, La Libertad, ayer ocurrió una nueva masacre en el municipio de Zaragoza, en ese mismo departamento.;contra;f;0;ADP;case;1;0
"Las víctimas, corresponden a los nombres de: Blanca Margarita Valencia Navarrete, de 43 años y sus hijos René Alonso Aguilar Valencia, de 24 años; Noé Stanley Flores Valencia, de 19, y Gustavo Onassis Flores Valencia, de 21, residentes en la comunidad El Corralito, del municipio de Zaragoza.";comunidad;f;0;NOUN;nmod;1;1
Las víctimas desaparecieron el pasado lunes 29 de febrero de su lugar de residencia, en la comunidad El Corralito, situada aproximadamente a un kilómetro de distancia de la escena del múltiple crimen.;comunidad;f;0;NOUN;obl;1;1
La Policía localizó el primer cadáver el pasado jueves por la noche y ayer a las 5:00  am  tres cuerpos más a unos 200 metros de distancia del primer hallazgo, luego de un amplio operativo de búsqueda.;tres;m;0;NUM;nummod;1;0
Existe la versión que fueron privados de libertad cuando llegaron a recoger sus pertenencias a su casa de habitación, la cual habían abandonado  por temor a supuestas amenazas  de muerte.;recoger;v;0;VERB;xcomp;1;1
Existe la versión que fueron privados de libertad cuando llegaron a recoger sus pertenencias a su casa de habitación, la cual habían abandonado  por temor a supuestas amenazas  de muerte.;casa;f;0;NOUN;obl;1;1
La Policía confirmó que en la vivienda encontraron manchas de sangre y varios casquillos de bala.;bala;f;0;NOUN;nmod;1;1
En otra casa cercana también fueron localizadas otras evidencias que apuntan a que un pandillero del mismo lugar, había forzado la huida de las víctimas y su participación en el cuádruple homicidio.;casa;f;0;NOUN;obl;1;1
Supuestamente existe otra mujer y sus hijos desaparecidos, residentes en la comunidad Corinto, en ese mismo sector.;comunidad;f;0;NOUN;nmod;1;1
Dos feminicidios y  un doble homicidios fueron cometidos ayer.;doble;m;0;ADJ;amod;1;0
Aida  María Pineda Paniagua, de 55 fue asesinada en la colonia La Milagrosa, de Ciudad Delgado, mientras que Yeni Carolina Chacón Murcia, de 18, le quitaron la vida, en el cantón La Loma, de San Pedro Perulapán, a la altura del kilómetro 18, carretera Panamericana.;colonia;f;0;NOUN;obl;1;1
Aida  María Pineda Paniagua, de 55 fue asesinada en la colonia La Milagrosa, de Ciudad Delgado, mientras que Yeni Carolina Chacón Murcia, de 18, le quitaron la vida, en el cantón La Loma, de San Pedro Perulapán, a la altura del kilómetro 18, carretera Panamericana.;carolina;f;0;PROPN;flat;1;1
Aida  María Pineda Paniagua, de 55 fue asesinada en la colonia La Milagrosa, de Ciudad Delgado, mientras que Yeni Carolina Chacón Murcia, de 18, le quitaron la vida, en el cantón La Loma, de San Pedro Perulapán, a la altura del kilómetro 18, carretera Panamericana.;loma;f;0;PROPN;appos;1;1
En el municipio de Usulután fueron asesinados los jornaleros Milton Ismael Rodríguez, de 32 y Ronualdo Luna, de 26, en el cantón Hacienda La Carrera.;luna;f;0;PROPN;flat;1;1
En el municipio de Usulután fueron asesinados los jornaleros Milton Ismael Rodríguez, de 32 y Ronualdo Luna, de 26, en el cantón Hacienda La Carrera.;carrera;f;0;PROPN;appos;1;1
En los primeros tres días de marzo se han registrado 64 homicidios.;tres;m;0;NUM;nummod;1;0
A partir del próximo año, los estudiantes tienen dos nuevas opciones para el bachillerato, se trata de agronegocios y serviempresas que será impartido en Ahuachapán, Sonsonate, La Libertad, San Salvador La Paz, Usulután, San Miguel y La Unión.;partir;v;0;NOUN;fixed;1;0
A partir del próximo año, los estudiantes tienen dos nuevas opciones para el bachillerato, se trata de agronegocios y serviempresas que será impartido en Ahuachapán, Sonsonate, La Libertad, San Salvador La Paz, Usulután, San Miguel y La Unión.;año;m;0;NOUN;obl;1;1
El anuncio fue hecho ayer por autoridades del Ministerio de Educación y de Fomilenio II, quienes aseguran que las nuevas opciones son para ir al encuentro de las necesidades de desarrollo del país.;encuentro;m;0;NOUN;obl;1;1
“Desde el 15 de noviembre se abrieron las inscripciones y esperamos una matrícula de 560 estudiantes para 2018, en los tres años del bachillerato esperamos beneficiar a un aproximado de 4,160 estudiantes”, dijo la viceministra de Ciencia y Tecnología, Erlinda Hándal.;tres;m;0;NUM;nummod;1;0
“Desde el 15 de noviembre se abrieron las inscripciones y esperamos una matrícula de 560 estudiantes para 2018, en los tres años del bachillerato esperamos beneficiar a un aproximado de 4,160 estudiantes”, dijo la viceministra de Ciencia y Tecnología, Erlinda Hándal.;beneficiar;v;0;VERB;xcomp;1;1
“Desde el 15 de noviembre se abrieron las inscripciones y esperamos una matrícula de 560 estudiantes para 2018, en los tres años del bachillerato esperamos beneficiar a un aproximado de 4,160 estudiantes”, dijo la viceministra de Ciencia y Tecnología, Erlinda Hándal.;ciencia;m/f;0;PROPN;nmod;1;1
Los dos nuevos bachilleratos son opciones técnicos vocacionales y tendrán la duración de tres años.;tres;m;0;NUM;nummod;1;0
Para este jueves el pronóstico del Ministerio de Medio Ambiente y Recursos Naturales (MARN), indica que se esperan vientos nortes de moderados a débiles en el territorio salvadoreño.;medio;m;0;PROPN;flat;1;1
Estos vientos se deben a un frente frío que se encuentra ubicado en Texas, Estados Unidos,  lo cual favorece también a una cuña anticiclónica que se ubica en Centroamérica, misma que generará nubosidad y algunas precipitaciones Los vientos que se esperan para hoy tendrán velocidades de entre los 12 a los 40 kilómetros por hora, los cuales se sentirán con mayor énfasis en las zonas altas y montañosas del país.;frío;m;0;ADJ;amod;1;0
Estos vientos se deben a un frente frío que se encuentra ubicado en Texas, Estados Unidos,  lo cual favorece también a una cuña anticiclónica que se ubica en Centroamérica, misma que generará nubosidad y algunas precipitaciones Los vientos que se esperan para hoy tendrán velocidades de entre los 12 a los 40 kilómetros por hora, los cuales se sentirán con mayor énfasis en las zonas altas y montañosas del país.;mayor;m;0;ADJ;amod;1;0
También se esperan bajas en las temperaturas sobre todo en horas de la noche.;sobre;m;0;ADP;advmod;1;0
En la misma resolución también se encuentra culpable a su hijo Diego Funes y se absuelve a la exprimera dama, Vanda Pignato, quien estuvo ausente de esta diligencia por presentar una complicación de salud, según el abogado de la también funcionaria.;diligencia;f;0;NOUN;nmod;1;1
En la misma resolución también se encuentra culpable a su hijo Diego Funes y se absuelve a la exprimera dama, Vanda Pignato, quien estuvo ausente de esta diligencia por presentar una complicación de salud, según el abogado de la también funcionaria.;presentar;v;0;VERB;acl;1;1
De acuerdo con el otro representante de la FGR, Funes fue encontrado culpable de enriquecerse de manera ilícita, no solamente de apropiarse fondos públicos.;manera;f;0;NOUN;obl;1;1
Al darse a conocer el hecho, los Funes quedan inhabilitados para ejercer cualquier cargo público por un período de diez años y deberán devolver el dinero obtenido por el enriquecimiento ilícito.;diez;m;0;NUM;nummod;1;0
Diputados de la Comisión de Justicia y Derechos Humanos de la Asamblea Legislativa pidieron esta mañana una reforma para que no se permita que personas condenadas por crímenes de guerra y lesa humanidad, así como miembros de pandillas, puedan solicitar a la Asamblea Legislativa o ser beneficiadas con indultos.;ser;m;0;AUX;aux;1;0
El diputado Dennis Salinas, de Nuevas Ideas, estuvo presente a la conferencia de prensa.;prensa;f;0;NOUN;nmod;1;1
La solicitud de indulto debe ser dirigida a la Asamblea Legislativa.;ser;m;0;AUX;aux;1;0
Ese día, en la reunión de la Comisión, el diputado Jorge Castro sugirió dar más estudio.;dar;v;0;VERB;xcomp;1;1
“Por responsabilidad debemos hacer un análisis, darle más tiempo a esto, estamos hablando de tomar en cuenta lo que han establecido como un indulto para poder determinar si las personas van a salir y van a incursionar en la sociedad, debemos estar un poco más seguro de lo que vamos a hacer, creo que debemos hacer un análisis más profundo, responsablemente”, afirmó en esa reunión en la cual la Comisión no rechazó los indultos aprobados por la CSJ.;tomar;v;0;VERB;xcomp;1;1
“Por responsabilidad debemos hacer un análisis, darle más tiempo a esto, estamos hablando de tomar en cuenta lo que han establecido como un indulto para poder determinar si las personas van a salir y van a incursionar en la sociedad, debemos estar un poco más seguro de lo que vamos a hacer, creo que debemos hacer un análisis más profundo, responsablemente”, afirmó en esa reunión en la cual la Comisión no rechazó los indultos aprobados por la CSJ.;incursionar;v;1;VERB;conj;1;1
“Por responsabilidad debemos hacer un análisis, darle más tiempo a esto, estamos hablando de tomar en cuenta lo que han establecido como un indulto para poder determinar si las personas van a salir y van a incursionar en la sociedad, debemos estar un poco más seguro de lo que vamos a hacer, creo que debemos hacer un análisis más profundo, responsablemente”, afirmó en esa reunión en la cual la Comisión no rechazó los indultos aprobados por la CSJ.;estar;v;0;AUX;cop;1;0
Romeo Auerbach, de Gana, dijo que por responsabilidad se comprometía a que sean analizados por un grupo de abogados, pero que la ley faculta a dicha Comisión a dar “indultos absolutos”.;dar;v;0;VERB;xcomp;1;1
“Hay que estudiarlo, este peso cae en nosotros porque viene favorable de parte de la Corte Suprema, entonces, hay que analizarlo, algunos delitos se ven más malos que los otros pero vamos a dárselo a un grupo de abogados”, dijo.;peso;m;0;NOUN;nsubj;1;1
“Hay que estudiarlo, este peso cae en nosotros porque viene favorable de parte de la Corte Suprema, entonces, hay que analizarlo, algunos delitos se ven más malos que los otros pero vamos a dárselo a un grupo de abogados”, dijo.;corte;m;0;PROPN;nmod;1;1
Un fuerte sismo se registró esta madrugada en nuestro país, el cual fue reportado a las 3:47 a.m, según el consolidado final proporcionado por el Ministerio de Medio Ambiente y Recursos Naturales (MARN).;consolidado;m;0;ADJ;amod;1;0
Un fuerte sismo se registró esta madrugada en nuestro país, el cual fue reportado a las 3:47 a.m, según el consolidado final proporcionado por el Ministerio de Medio Ambiente y Recursos Naturales (MARN).;medio;m;0;PROPN;flat;1;1
El movimiento telúrico tuvo una magnitud de 4.6 y se localizó a 28 kilómetros al sur de la playa Mizata, ubicada en el departamento de La Libertad, detalló el MARN.;playa;f;0;NOUN;nmod;1;1
La Asamblea Legislativa aprobó en la sesión plenaria de este martes una reforma presupuestaria al Ministerio de Agricultura y Ganadería (MAG) que permitirá la inyección de $5 millones al Banco de Fomento Agropecuario (BFA) y reforzar el Fideicomiso del Sector Agropecuario (Fideagro).;banco;m;0;PROPN;nmod;1;1
La reforma se realizará al presupuesto del MAG, cartera que recibirá estos fondos provenientes de excedentes de la recaudación de IVA e Impuesto a la Renta, de acuerdo a la solicitud del Ministerio de Hacienda.;cartera;f;0;NOUN;appos;1;1
El exlocutor de radio, Riley Serrano pasó este día a fase de confianza, tras una resolución emitida por el Juzgado 1o.;serrano;m;0;PROPN;flat;1;1
Riley Serrano, cumplirá las dos terceras partes de la pena el 13 de noviembre de 2018 y la pena total la terminará el 13 de noviembre de 2027.;serrano;m;0;PROPN;flat;1;1
Riley Serrano, cumplirá las dos terceras partes de la pena el 13 de noviembre de 2018 y la pena total la terminará el 13 de noviembre de 2027.;pena;f;0;NOUN;nmod;1;1
Riley Serrano, cumplirá las dos terceras partes de la pena el 13 de noviembre de 2018 y la pena total la terminará el 13 de noviembre de 2027.;pena;f;0;NOUN;nmod;1;1
Serrano fue condenado el 19 de julio de 2002 por haber plagiado a un hijo de un empresario radial.;serrano;m;0;PROPN;nsubj;1;1
Este secuestro fue perpetrado el 1 de noviembre del año 2000, en las afueras de una agencia de publicidad en la colonia San Benito.;año;m;0;NOUN;compound;1;1
Este secuestro fue perpetrado el 1 de noviembre del año 2000, en las afueras de una agencia de publicidad en la colonia San Benito.;colonia;f;0;NOUN;nmod;1;1
Además está vinculado al delito de lavado de dinero por el que fue condenado a cinco años y 22 por secuestro.;lavado;m;0;ADJ;nmod;1;0
Además está vinculado al delito de lavado de dinero por el que fue condenado a cinco años y 22 por secuestro.;cinco;m;0;NUM;nummod;1;0
La Asamblea Legislativa aprueba hoy una reforma presupuestaria que permitirá la inyección de $5 millones al Banco de Fomento Agropecuario (BFA) y reforzar el Fideicomiso del Sector Agropecuario (Fideagro).;banco;m;0;PROPN;nmod;1;1
Un aproximado de 1,500 aspirantes no seleccionados en las dos pruebas  de admisión de la Universidad de El Salvador (UES) serán admitidos a principios del próximo año.;año;m;0;NOUN;obl;1;1
Según el rector, Roger Arias, las asociaciones negociarán con las juntas directivas de cada facultad para abrir cupos en las carreras con poca demanda.;abrir;v;0;VERB;advcl;1;1
“Hay carreras que, por alguna razón, el estudiante no las demanda: la licenciatura Matemática, Geofísica, Ciencias Agronómicas, Química y Farmacia y otras carreras precisamente, porque tienen un nivel de complejidad mayor.;mayor;m;0;ADJ;amod;1;0
Carreras donde hay un enfásis muy fuerte en las ciencias duras, en las matemáticas, en la física y en la química, esas carreras van a permitir dar cobertura a esos aspirantes”, dijo ayer Arias.;dar;v;0;VERB;xcomp;1;1
Carreras donde hay un enfásis muy fuerte en las ciencias duras, en las matemáticas, en la física y en la química, esas carreras van a permitir dar cobertura a esos aspirantes”, dijo ayer Arias.;cobertura;f;0;NOUN;obj;1;1
Para optar a esta tercera fase, los aspirantes deben haber obtenido más de 30 puntos en la última prueba y presentar los formularios universitarios.;presentar;v;0;VERB;conj;1;1
La plataforma de servicio a domicilio Uber Eats ya alberga a 740 restaurantes y comercios en El Salvador, de los cuales un 60 % corresponde al segmento de pequeñas y medianas empresas.;plataforma;f;0;NOUN;nsubj;1;1
Uber Eats cumplió el 23 de noviembre cuatro años de operaciones en El Salvador, con presencia en la zona metropolitana de San Salvador, Ciudad Delgado, Santa Tecla, Antiguo Cuscatlán, Nuevo Cuscatlán, Soyapango, San Marcos, Santa Ana y San Miguel.;zona;f;0;NOUN;nmod;1;1
En un comunicado, la compañía explicó que buena parte de los restaurantes socios corresponden a emprendimientos como TodoMarket, Meditech, Petland, Hadas y Dragones, One Drink, y San Nicolás Market.;comunicado;m;0;NOUN;obl;1;1
El gerente general de Uber Eats para la región Andina, Centroamérica y el Caribe, Daniel Monge, explicó que se han habilitado nuevas funciones como ordenar en grupo, realizar un pedido a través de la aplicación y recogerlo directamente en el restaurante, sin hacer filas.;realizar;v;0;VERB;advcl;1;1
Un hombre fue capturado anoche en San Salvador por la Policía Nacional Civil (PNC), por incumplimiento de los deberes de asistencia económica.;asistencia;f;0;NOUN;nmod;1;1
Entre los lugares donde la policía hizo inspecciones figuran el establecimiento denominado Tío Sam, el Galaxy y otros ubicados sobre la 29 calle poniente de esta San Salvador.;sobre;m;0;ADP;case;1;0
Entre los lugares donde la policía hizo inspecciones figuran el establecimiento denominado Tío Sam, el Galaxy y otros ubicados sobre la 29 calle poniente de esta San Salvador.;calle;f;0;NOUN;obl;1;1
"Asimismo, los negocios el Macondo y la Costilla, de la colonia Miramontes; la zona del Trovador, La Fonda y Bar California de San Jacinto.";costilla;f;0;PROPN;conj;1;1
"Asimismo, los negocios el Macondo y la Costilla, de la colonia Miramontes; la zona del Trovador, La Fonda y Bar California de San Jacinto.";colonia;f;0;NOUN;nmod;1;1
"Asimismo, los negocios el Macondo y la Costilla, de la colonia Miramontes; la zona del Trovador, La Fonda y Bar California de San Jacinto.";zona;f;1;NOUN;appos;1;1
"Asimismo, los negocios el Macondo y la Costilla, de la colonia Miramontes; la zona del Trovador, La Fonda y Bar California de San Jacinto.";fonda;f;0;PROPN;appos;1;1
"Asimismo, los negocios el Macondo y la Costilla, de la colonia Miramontes; la zona del Trovador, La Fonda y Bar California de San Jacinto.";bar;m;0;PROPN;conj;1;1
Según la PNC, el objetivo de estas inspecciones es brindar garantizar la seguridad de la ciudadanía durante las festividades de Navidad y fin de año.;año;m;0;NOUN;nmod;1;1
"""Ahora lleva un recorte importante (el presupuesto) de alrededor de unos $12 millones de dolares, esto significa que la educación pública va a entrar en una situación de peor calamidad para el año 2018.";situación;f;0;NOUN;obl;1;1
"""Ahora lleva un recorte importante (el presupuesto) de alrededor de unos $12 millones de dolares, esto significa que la educación pública va a entrar en una situación de peor calamidad para el año 2018.";año;m;0;NOUN;nmod;1;1
"Ya la situación es insostenible en centros educativos, no hay material didáctico, ni siquiera lo minino para que los docentes puedan desempeñarse, han recurrido los docentes a solicitar donaciones a padres de familia, han recurrido a echar mano de sus precarios salarios los educadores, para financiar la escuela pública"", lamentó el secretario de Simeduco.";situación;f;0;NOUN;nsubj;1;1
"Ya la situación es insostenible en centros educativos, no hay material didáctico, ni siquiera lo minino para que los docentes puedan desempeñarse, han recurrido los docentes a solicitar donaciones a padres de familia, han recurrido a echar mano de sus precarios salarios los educadores, para financiar la escuela pública"", lamentó el secretario de Simeduco.";material;m;0;NOUN;obj;1;1
"Ya la situación es insostenible en centros educativos, no hay material didáctico, ni siquiera lo minino para que los docentes puedan desempeñarse, han recurrido los docentes a solicitar donaciones a padres de familia, han recurrido a echar mano de sus precarios salarios los educadores, para financiar la escuela pública"", lamentó el secretario de Simeduco.";echar;v;0;VERB;xcomp;1;1
"Ya la situación es insostenible en centros educativos, no hay material didáctico, ni siquiera lo minino para que los docentes puedan desempeñarse, han recurrido los docentes a solicitar donaciones a padres de familia, han recurrido a echar mano de sus precarios salarios los educadores, para financiar la escuela pública"", lamentó el secretario de Simeduco.";mano;f;0;NOUN;compound;1;1
El sindicato también lamentó que el gobierno ignore el recomendable del Consejo Nacional de Educación que pide que cada año se asigne a educación 1,200,000 millones.;año;m;0;NOUN;obl;1;1
Los sindicalistas exhortaron a los diputados a mejorar la inversión en educación, de no hacérselo dijeron que podrían boicotear el inicio del año escolar 2018.;año;m;0;NOUN;nmod;1;1
Los sindicalistas exhortaron a los diputados a mejorar la inversión en educación, de no hacérselo dijeron que podrían boicotear el inicio del año escolar 2018.;escolar;m;0;ADJ;amod;1;0
"""Creemos que esta situación ya no puede continuar de esta manera, por eso es que estamos exhortando a los diputados de la Asamblea Legislativa para que este día tomen consciencia de la importancia que significa invertir en educación"", dijo Francisco Zelada.";situación;f;0;NOUN;nsubj;1;1
"""Creemos que esta situación ya no puede continuar de esta manera, por eso es que estamos exhortando a los diputados de la Asamblea Legislativa para que este día tomen consciencia de la importancia que significa invertir en educación"", dijo Francisco Zelada.";manera;f;0;NOUN;obl;1;1
Alejandro Zelaya, titular de Hacienda, señaló este lunes que los resultados superaron en tres veces la recaudación prevista inicialmente por $40 millones y también fue mayor a los $110 millones que registraron en la amnistía de 2021.;tres;m;0;NUM;nummod;1;0
Alejandro Zelaya, titular de Hacienda, señaló este lunes que los resultados superaron en tres veces la recaudación prevista inicialmente por $40 millones y también fue mayor a los $110 millones que registraron en la amnistía de 2021.;mayor;m;0;ADJ;conj;1;0
Cerca de 25,000 contribuyentes se ampararon a la amnistía, un período en el cual los contribuyentes con retrasos ante el fisco podrían ponerse al día sin recibir una multa e incluso podrían programar sus pagos en plazos de hasta nueve cuotas.;fisco;m;0;NOUN;nmod;1;1
Cerca de 25,000 contribuyentes se ampararon a la amnistía, un período en el cual los contribuyentes con retrasos ante el fisco podrían ponerse al día sin recibir una multa e incluso podrían programar sus pagos en plazos de hasta nueve cuotas.;recibir;v;0;VERB;advcl;1;1
Los contribuyentes que se apegaron al pago en plazos debían honrar primero una prima del 10 % del impuesto a pagar, lo que representa $52 millones del total recaudado al cierre de la amnistía y los restantes $78 millones corresponden a las cuotas programadas.;cierre;m;0;NOUN;obj;1;1
El monto es menor frente a la Dirección General de Impuestos Internos (DGII) porque la mayoría de declaraciones aduaneras se honra antes de cruzar por la frontera, mientras que en la DGI el IVA se cancela un mes después del vencimiento.;cruzar;v;0;VERB;advcl;1;1
El titular de Hacienda aseguró que los ingresos recaudados en la amnistía fiscal servirán para “paliar los sacrificios fiscales que nosotros hemos tenido que hacer para contener el alza de precios en los combustibles y otros productos que son de suma importancia para nuestra economía”.;alza;f;0;NOUN;obj;1;1
El Ministerio de Hacienda informó que siete de contribuyentes con expedientes activos ante la Fiscalía General de la República (FGR) o con litigios en la Sala de lo Contencioso Administrativo se ampararon en la amnistía fiscal.;siete;m;0;NUM;nsubj;1;0
En la audiencia preliminar en contra del expresidente del Banco Multisectorial de Inversión, Nicola Ernesto Angelucci Silva, y Sigfredo Armando Figueroa Salinas, exdirector de la asociación Infocentros, la defensa planteó al juez que la Fiscalía está siguiendo un proceso que vulnera las garantías constitucionales y que el caso no debe terminar en esta etapa.;contra;f;0;NOUN;fixed;1;1
En la audiencia preliminar en contra del expresidente del Banco Multisectorial de Inversión, Nicola Ernesto Angelucci Silva, y Sigfredo Armando Figueroa Salinas, exdirector de la asociación Infocentros, la defensa planteó al juez que la Fiscalía está siguiendo un proceso que vulnera las garantías constitucionales y que el caso no debe terminar en esta etapa.;banco;m;0;PROPN;nmod;1;1
En la audiencia preliminar en contra del expresidente del Banco Multisectorial de Inversión, Nicola Ernesto Angelucci Silva, y Sigfredo Armando Figueroa Salinas, exdirector de la asociación Infocentros, la defensa planteó al juez que la Fiscalía está siguiendo un proceso que vulnera las garantías constitucionales y que el caso no debe terminar en esta etapa.;defensa;f;0;NOUN;nsubj;1;1
En la audiencia preliminar en contra del expresidente del Banco Multisectorial de Inversión, Nicola Ernesto Angelucci Silva, y Sigfredo Armando Figueroa Salinas, exdirector de la asociación Infocentros, la defensa planteó al juez que la Fiscalía está siguiendo un proceso que vulnera las garantías constitucionales y que el caso no debe terminar en esta etapa.;terminar;v;0;VERB;conj;1;1
Uno de los argumentos de los abogados es la prescripción de la acción, ya que aseguran que no es cierto que sea un delito continuado, pero Johana González, una de las fiscales del caso, dijo que no es cierto, ya que en el caso de Angelucci Silva se está frente a un delito oficial y se ha tomado como punto de partida para el conteo de la prescripción desde el momento en que finalizó su ejercicio como funcionario público, el 1 de julio del año 2009.;punto;m;0;NOUN;obl;1;1
Uno de los argumentos de los abogados es la prescripción de la acción, ya que aseguran que no es cierto que sea un delito continuado, pero Johana González, una de las fiscales del caso, dijo que no es cierto, ya que en el caso de Angelucci Silva se está frente a un delito oficial y se ha tomado como punto de partida para el conteo de la prescripción desde el momento en que finalizó su ejercicio como funcionario público, el 1 de julio del año 2009.;conteo;m;0;NOUN;nmod;1;1
Uno de los argumentos de los abogados es la prescripción de la acción, ya que aseguran que no es cierto que sea un delito continuado, pero Johana González, una de las fiscales del caso, dijo que no es cierto, ya que en el caso de Angelucci Silva se está frente a un delito oficial y se ha tomado como punto de partida para el conteo de la prescripción desde el momento en que finalizó su ejercicio como funcionario público, el 1 de julio del año 2009.;año;m;0;NOUN;compound;1;1
La Unidad Anticorrupción de la Fiscalía General de la República ha solicitado que se emita un auto de apertura a juicio para que los dos exfuncionarios señalados de peculado (apropiarse de bienes del Estado) y negociaciones ilícitas enfrenten una vista pública por hechos que presúntamente cometieron entre los años 1999 y 2009.;auto;m;0;NOUN;nsubj;1;1
Walter Guillén, inspector jefe de la Policía Nacional Civil (PNC), confirmó que el plan de seguridad de las elecciones para elegir diputados y alcaldes el próximo 4 de marzo,  inició el pasado viernes con la custodia de la imprenta donde se elaboran las papeletas de votación.;plan;m;0;NOUN;nsubj;1;1
El inspector agregó que un día antes de las votaciones, serán suspendidas las licencias para que los más de 23 mil agentes estén dedicados a dar seguridad al proceso electoral y a la población.;dar;v;0;VERB;xcomp;1;1
Esta mañana se registró un incendio en una vivienda ubicada en el pasaje IV de la colonia Bethania, en Santa Tecla, La Libertad.;pasaje;m;0;NOUN;obl;1;1
Esta mañana se registró un incendio en una vivienda ubicada en el pasaje IV de la colonia Bethania, en Santa Tecla, La Libertad.;colonia;f;0;NOUN;nmod;1;1
Los cuerpos de tres personas fueron hallados al interior de la vivienda, luego que Cuerpo de Bomberos controlara las llamas e ingresara a la casa.;tres;m;0;NUM;nummod;1;0
Los cuerpos de tres personas fueron hallados al interior de la vivienda, luego que Cuerpo de Bomberos controlara las llamas e ingresara a la casa.;interior;m;0;NOUN;obl;1;1
Los cuerpos de tres personas fueron hallados al interior de la vivienda, luego que Cuerpo de Bomberos controlara las llamas e ingresara a la casa.;casa;f;0;NOUN;obl;1;1
Según las investigaciones iniciales, Miguel Escalante, de 59 años de edad, mató a su esposa, Elsa Guadalupe Hidalgo, de 60, y a su hijo, Miguel Escalante, de 35, posteriormente incendió la casa donde todos residían, para luego quitarse la vida.;casa;f;0;NOUN;obj;1;1
Las autoridades fueron alertadas que al interior de la vivienda se escucharon disparos y luego inició el incendio.;interior;m;0;NOUN;obl;1;1
Las causas que llevaron al hombre a cometer el doble homicidio y a suicidarse no han sido informadas por las autoridades al cierre de la nota.;doble;m;0;ADJ;amod;1;0
Las causas que llevaron al hombre a cometer el doble homicidio y a suicidarse no han sido informadas por las autoridades al cierre de la nota.;cierre;m;0;NOUN;obj;1;1
Las causas que llevaron al hombre a cometer el doble homicidio y a suicidarse no han sido informadas por las autoridades al cierre de la nota.;nota;f;0;NOUN;nmod;1;1
"Con esta disposición, la primera dispensa que aprobó la actual legislatura fue la destitución de los magistrados de la Sala de lo Constitucional de la Corte Suprema de Justicia (CSJ) y la destitución del fiscal general en la sesión del 1 de mayo; y una de las más recientes fue el decreto del régimen de excepción, el 27 de marzo de 2022.";corte;m;0;PROPN;nmod;1;1
El 31 de agosto de 2021, se aprobaron las reformas a Ley de la Carrera Judicial y la Ley Orgánica de la Fiscalía General de la República que obligaron el retiro de funcionarios de más de 60 años o 30 años de servicio.;carrera;f;0;PROPN;flat;1;1
El 30 de noviembre de 2021, la Asamblea aprobó el contrato de préstamo con el Banco Centroamericano de Integración Económica (BCIE) por $214.7 millones y reformas a la Ley de Presupuesto 2021 para incorporar el Presupuesto Especial de la Dirección Nacional de Obras Municipales (DOM) $274.7 millones, así como otras incorporaciones de fondos a ramos del Ejecutivo y disposiciones transitorias para fondos a municipios.;banco;m;0;PROPN;nmod;1;1
La diputada del partido Vamos, Claudia Ortiz, valora que “hay un abuso claro y evidente del recurso de la dispensa de trámites” y que todos los casos hubo una emergencia, como lo indica el Reglamento, “sino porque es una manera de tomar por sorpresa a la opinión pública” y no dar suficiente debate.;partido;m;0;NOUN;nmod;1;1
La diputada del partido Vamos, Claudia Ortiz, valora que “hay un abuso claro y evidente del recurso de la dispensa de trámites” y que todos los casos hubo una emergencia, como lo indica el Reglamento, “sino porque es una manera de tomar por sorpresa a la opinión pública” y no dar suficiente debate.;emergencia;f;0;NOUN;obj;1;1
La diputada del partido Vamos, Claudia Ortiz, valora que “hay un abuso claro y evidente del recurso de la dispensa de trámites” y que todos los casos hubo una emergencia, como lo indica el Reglamento, “sino porque es una manera de tomar por sorpresa a la opinión pública” y no dar suficiente debate.;manera;f;0;NOUN;conj;1;1
La diputada del partido Vamos, Claudia Ortiz, valora que “hay un abuso claro y evidente del recurso de la dispensa de trámites” y que todos los casos hubo una emergencia, como lo indica el Reglamento, “sino porque es una manera de tomar por sorpresa a la opinión pública” y no dar suficiente debate.;tomar;v;0;VERB;acl;1;1
La diputada del partido Vamos, Claudia Ortiz, valora que “hay un abuso claro y evidente del recurso de la dispensa de trámites” y que todos los casos hubo una emergencia, como lo indica el Reglamento, “sino porque es una manera de tomar por sorpresa a la opinión pública” y no dar suficiente debate.;dar;v;0;VERB;conj;1;1
En la sesión plenaria extraordinaria del 4 de abril de 2022 se aprobó por dispensa de trámites la “Ley Especial Transitoria para Fijar Precios Máximos de los Combustibles”.;fijar;v;0;VERB;acl;1;1
La expansión mundial de la Mara Salvatrucha (MS-13)  no es una casualidad ya que la cúpula de esta estructura diseñó una estrategia para tener designados en países clave del continente americano y Europa.;mundial;m;0;ADJ;amod;1;0
La expansión mundial de la Mara Salvatrucha (MS-13)  no es una casualidad ya que la cúpula de esta estructura diseñó una estrategia para tener designados en países clave del continente americano y Europa.;clave;f;0;NOUN;nmod;1;1
La MS-13 desde hace muchos años comenzó por ordenar la casa y geográficamente abarcaron todo el territorio instalando 249 clicas y 48 programas (células)  todos bajo la orden de los cabecillas quienes han impuestos sus reglas.;casa;f;0;NOUN;obj;1;1
La MS-13 desde hace muchos años comenzó por ordenar la casa y geográficamente abarcaron todo el territorio instalando 249 clicas y 48 programas (células)  todos bajo la orden de los cabecillas quienes han impuestos sus reglas.;bajo;m;0;ADP;case;1;0
La MS-13 desde hace muchos años comenzó por ordenar la casa y geográficamente abarcaron todo el territorio instalando 249 clicas y 48 programas (células)  todos bajo la orden de los cabecillas quienes han impuestos sus reglas.;orden;f;0;NOUN;nmod;1;1
"Pero el programa 48 de Nueva York, integrado por pandilleros deportados, se ha convertido en la matriz de la expansión de esta estructura; este programa fue fundado por un pandillero alias, “Master Pupeth de Hollywood”, pero es dirigido desde el penal de máxima seguridad de Zacatecoluca por el “Enano” quien es ranflero.";programa;m;0;NOUN;nsubj;1;1
"Pero el programa 48 de Nueva York, integrado por pandilleros deportados, se ha convertido en la matriz de la expansión de esta estructura; este programa fue fundado por un pandillero alias, “Master Pupeth de Hollywood”, pero es dirigido desde el penal de máxima seguridad de Zacatecoluca por el “Enano” quien es ranflero.";programa;m;0;NOUN;nsubj;1;1
En el proceso penal iniciado contra más de 500 capturados, el pasado 15 de febrero, como parte de la Operación Cuscatlán, el testigo criteriado “Noé” reveló hechos y planes de la MS-13 para fortalecerse y contrarrestar  los planes gubernamentales.;contra;f;0;ADP;case;1;0
A Guatemala, enviaron a Pedro Benjamín Rivas Zelaya, alias “Sniper”, un ranflero que en la línea jerárquica era parte de La Federación (cabecillas en libertad), se instaló en ese país para que se trasladara hacia México a negociar armas con Los Zetas y luego enviarlas a El Salvador.;línea;f;0;NOUN;obl;1;1
Este cabecilla de la MS-13, fue detenido en  Guatemala en la operación denominada “Unidos contra las extorsiones” y su captura la hizo, agentes del Centro Antipandillas Trasnacional (CAT).;contra;f;0;ADP;case;1;0
Este cabecilla de la MS-13, fue detenido en  Guatemala en la operación denominada “Unidos contra las extorsiones” y su captura la hizo, agentes del Centro Antipandillas Trasnacional (CAT).;centro;m;0;PROPN;nmod;1;1
En El Salvador, la pandilla asignó a Efraín Cortez, alias, “El Tigre de Park View Locos”, como el encargado de la expansión mundial, este cabecilla se radicó en Sensuntepeque, Cabañas, desde donde diseñó el plan para tener presencia en Honduras, Panamá, México, reforzarse en Estados Unidos, Brasil, Italia y España.;tigre;m;0;PROPN;flat;1;1
En El Salvador, la pandilla asignó a Efraín Cortez, alias, “El Tigre de Park View Locos”, como el encargado de la expansión mundial, este cabecilla se radicó en Sensuntepeque, Cabañas, desde donde diseñó el plan para tener presencia en Honduras, Panamá, México, reforzarse en Estados Unidos, Brasil, Italia y España.;mundial;m;0;ADJ;amod;1;0
En El Salvador, la pandilla asignó a Efraín Cortez, alias, “El Tigre de Park View Locos”, como el encargado de la expansión mundial, este cabecilla se radicó en Sensuntepeque, Cabañas, desde donde diseñó el plan para tener presencia en Honduras, Panamá, México, reforzarse en Estados Unidos, Brasil, Italia y España.;plan;m;0;NOUN;obj;1;1
Según el criteriado, cuando “El Tigre de Park View Locos” cayó preso fue enviado a “Zacatraz”, pero desde ese reclusorio ha tenido el control de las clicas a nivel mundial.;tigre;m;0;PROPN;dep;1;1
Según el criteriado, cuando “El Tigre de Park View Locos” cayó preso fue enviado a “Zacatraz”, pero desde ese reclusorio ha tenido el control de las clicas a nivel mundial.;mundial;m;0;ADJ;amod;1;0
"Uno de los países donde tienen más presencia de cabecillas para coordinar con las clicas salvadoreñas es Estados Unidos, han llegado a tener hasta cinco ranfleros: “El Veterano de Tribus”, “El Slayer de Tyni  Winos” a  Hugo Armando Contreras, alias “El Flaco de Francis”; también a  “Marihuana  o Mary Jens de Hollywood” y  al “Cruger de  Peatonales”.";cinco;m;0;NUM;nummod;1;0
La aerolínea Avianca espera durante el feriado por Semana Santa.;feriado;m;0;NOUN;obl;1;1
Aunque una buena parte de los trabajadores, sobre todo público y municipal, se encuentran en vacaciones desde el sábado pasado mientras que los privados descansan desde este miércoles 13.;sobre;m;0;ADP;advmod;1;0
Aunque una buena parte de los trabajadores, sobre todo público y municipal, se encuentran en vacaciones desde el sábado pasado mientras que los privados descansan desde este miércoles 13.;miércoles;sust(m/f)/adj;0;NOUN;obl;1;1
El Ministerio de Turismo (Mitur) prevé que durante este feriado ingresen al país más de 170,000 turistas internacionales, ya sea por vía terrestre o área donde Avianca es una de las principales aerolíneas con operaciones en el Aeropuerto Internacional Monseñor Óscar Arnulfo Romero.;feriado;m;0;NOUN;obl;1;1
En las 19 rutas que opera en El Salvador espera movilizar a más de 55,000, entre entrada y salida, mientras que de su operación global prevé transportar a 850,000 pasajeros durante Semana Santa en 6,500 vuelos semanales.;entrada;f;0;NOUN;nmod;1;1
“Este sentido, es vital que autoridades, aerolíneas y clientes pongamos nuestro grano de arena para hacer de esta una temporada exitosa”, señaló Rolando Damas, director de Ventas de Avianca para Norteamérica, Centroamérica y el Caribe.;sentido;m;0;NOUN;nsubj;1;1
“Este sentido, es vital que autoridades, aerolíneas y clientes pongamos nuestro grano de arena para hacer de esta una temporada exitosa”, señaló Rolando Damas, director de Ventas de Avianca para Norteamérica, Centroamérica y el Caribe.;grano;m;0;NOUN;obj;1;1
"-  Recuerde que la mayoría está solicitando la cartilla de vacunación o prueba negativa de covid-19; por ejemplo, para Colombia es necesario llenar un formulario de Migración.";llenar;v;0;VERB;csubj;1;1
-Haga el registro (check in) un día antes de su vuelo, incluso horas antes.;registro;m;0;NOUN;obj;1;1
-Haga el registro (check in) un día antes de su vuelo, incluso horas antes.;vuelo;m;0;NOUN;obl;1;1
#¿NOMBRE?;registro;m;0;UNKNOWN;UNKNOWN;1;0
#¿NOMBRE?;llevar;v;0;UNKNOWN;UNKNOWN;1;0
#¿NOMBRE?;peso;m;0;UNKNOWN;UNKNOWN;1;0
-Por seguridad, en su equipaje de mano incluya artículos de valor como celulares, computadoras, tablets, cámaras, cargadores o cualquier objeto que contenga baterías de litio.;mano;f;0;NOUN;nmod;1;1
-No olvide portar mascarilla y alcohol gel desde el momento que ingresa al aeropuerto, en el vuelo y al salir del recinto.;portar;v;0;VERB;xcomp;1;1
-No olvide portar mascarilla y alcohol gel desde el momento que ingresa al aeropuerto, en el vuelo y al salir del recinto.;vuelo;m;0;NOUN;obl;1;1
Cotto afirmó que esta sospecha surgió luego que conocieran que el pasado 30 de diciembre, familiares de Castillo, acusado de desaparecer a la agente, abandonaron una vivienda en Soyapango y que una de las personas que habitaba en la casa, había fallecido.;casa;f;0;NOUN;obl;1;1
Según Cotto, a partir de estas indagaciones decidieron el pasado jueves 22 de febrero, custodiar el cementerio de San Francisco Javier e informar a la Fiscalía sobre los nuevos hallazgos.;partir;v;0;NOUN;fixed;1;0
Según Cotto, a partir de estas indagaciones decidieron el pasado jueves 22 de febrero, custodiar el cementerio de San Francisco Javier e informar a la Fiscalía sobre los nuevos hallazgos.;sobre;m;0;ADP;case;1;0
"""La Fiscalía ya está procesando la exhumación de la tumba, cubierta con tierra, pero hay tres tumbas ahí, tuvimos que verificar cuál de ellas era la relacionada (...) la exhumación podría ser mañana, pero también hay que hacer diligencia con el Ministerio de Salud"", declaró el fiscal.";tumba;f;0;NOUN;nmod;1;1
"""La Fiscalía ya está procesando la exhumación de la tumba, cubierta con tierra, pero hay tres tumbas ahí, tuvimos que verificar cuál de ellas era la relacionada (...) la exhumación podría ser mañana, pero también hay que hacer diligencia con el Ministerio de Salud"", declaró el fiscal.";tres;m;0;NUM;nummod;1;0
"""La Fiscalía ya está procesando la exhumación de la tumba, cubierta con tierra, pero hay tres tumbas ahí, tuvimos que verificar cuál de ellas era la relacionada (...) la exhumación podría ser mañana, pero también hay que hacer diligencia con el Ministerio de Salud"", declaró el fiscal.";ahí;adv;0;ADV;advmod;1;0
"""La Fiscalía ya está procesando la exhumación de la tumba, cubierta con tierra, pero hay tres tumbas ahí, tuvimos que verificar cuál de ellas era la relacionada (...) la exhumación podría ser mañana, pero también hay que hacer diligencia con el Ministerio de Salud"", declaró el fiscal.";ser;m;0;AUX;cop;1;0
"""La Fiscalía ya está procesando la exhumación de la tumba, cubierta con tierra, pero hay tres tumbas ahí, tuvimos que verificar cuál de ellas era la relacionada (...) la exhumación podría ser mañana, pero también hay que hacer diligencia con el Ministerio de Salud"", declaró el fiscal.";diligencia;f;0;NOUN;obj;1;1
El coordinador de la Alianza pidió a la comunidad internacional que “tome medidas contra el Gobierno” por tres situaciones, según ellos, no está pensando en honrar deudas, no respeta derechos humanos y no busca restablecer la democracia.;comunidad;f;0;NOUN;obj;1;1
El coordinador de la Alianza pidió a la comunidad internacional que “tome medidas contra el Gobierno” por tres situaciones, según ellos, no está pensando en honrar deudas, no respeta derechos humanos y no busca restablecer la democracia.;contra;f;0;ADP;case;1;0
El coordinador de la Alianza pidió a la comunidad internacional que “tome medidas contra el Gobierno” por tres situaciones, según ellos, no está pensando en honrar deudas, no respeta derechos humanos y no busca restablecer la democracia.;tres;m;0;NUM;nummod;1;0
El coordinador de la Alianza pidió a la comunidad internacional que “tome medidas contra el Gobierno” por tres situaciones, según ellos, no está pensando en honrar deudas, no respeta derechos humanos y no busca restablecer la democracia.;busca;f;0;VERB;conj;1;0
Añadió, en nombre de la Alianza Nacional El Salvador en Paz -una organización que aglutina a más una veintena de organizaciones populares- rechazó toda acusación que los etiqueta como defensores o a favor de las pandillas, al tiempo que aclararon que su oposición es a las medidas que abusan de la autoridad.;etiqueta;f;0;NOUN;obl;1;1
Remarcó que la amenaza que se capturará a los  , cuando había crisis política, institucional, crisis democrática, sino que se volvería a “capturar a la oposición acusándola de subversivo, terrorista o insurgente propio de la dictadura del pasado”.;capturar;v;0;VERB;xcomp;1;1
“Expresamos al presidente, nuestro total desacuerdo y rechazo al estado de excepción por los objetivos, la forma y el daño que le está causando a la población salvadoreña”, dijo Melara.;daño;m;0;NOUN;conj;1;1
Por su parte el abogado, Efraín Quijada, denunció que con el régimen de excepción  .;quijada;f;0;PROPN;flat;1;1
Finalmente Roberto Pereira, dirigente del comercio informal de San Salvador se quejó que a raíz del estado de excepción en el país, las ventas en el sector informal se han reducido al mínimo, porque las personas por el temor ya no se detienen a comprar cuando van de regreso a casa.;casa;f;0;NOUN;nmod;1;1
Cinco hombres fueron acribillados la noche del viernes, luego que desconocidos irrumpieran en una cervecería ubicada en el centro del cantón El Coco, jurisdicción de Chalchuapa, departamento de Santa Ana.;cinco;m;0;NUM;nummod;1;0
Cinco hombres fueron acribillados la noche del viernes, luego que desconocidos irrumpieran en una cervecería ubicada en el centro del cantón El Coco, jurisdicción de Chalchuapa, departamento de Santa Ana.;centro;m;0;NOUN;obl;1;1
Cinco hombres fueron acribillados la noche del viernes, luego que desconocidos irrumpieran en una cervecería ubicada en el centro del cantón El Coco, jurisdicción de Chalchuapa, departamento de Santa Ana.;coco;m;0;PROPN;appos;1;1
"De acuerdo con el reporte de la Policía Nacional Civil, a las 9:25 de la noche, una patrulla policial respondió a una llamada de emergencia, y al llegar al negocio encontró en el salón principal los cadáveres de cuatro hombres con ""múltiples lesiones de arma de fuego"", y en uno de los cuartos de la cervecería la policía localizó una quinta víctima mortal, que fue identificada como José David Méndez Polaco, efectivo militar del Comando Especial Antiterrorista de la Fuerza Aérea.";emergencia;f;0;NOUN;nmod;1;1
"De acuerdo con el reporte de la Policía Nacional Civil, a las 9:25 de la noche, una patrulla policial respondió a una llamada de emergencia, y al llegar al negocio encontró en el salón principal los cadáveres de cuatro hombres con ""múltiples lesiones de arma de fuego"", y en uno de los cuartos de la cervecería la policía localizó una quinta víctima mortal, que fue identificada como José David Méndez Polaco, efectivo militar del Comando Especial Antiterrorista de la Fuerza Aérea.";quinta;f;0;ADJ;amod;1;0
"De acuerdo con el reporte de la Policía Nacional Civil, a las 9:25 de la noche, una patrulla policial respondió a una llamada de emergencia, y al llegar al negocio encontró en el salón principal los cadáveres de cuatro hombres con ""múltiples lesiones de arma de fuego"", y en uno de los cuartos de la cervecería la policía localizó una quinta víctima mortal, que fue identificada como José David Méndez Polaco, efectivo militar del Comando Especial Antiterrorista de la Fuerza Aérea.";comando;f;0;PROPN;nmod;1;1
La canciller salvadoreña Alexandra Hill Tinoco respondió con la frase “los amigos no actúan de esa manera”, al secretario de Estado de Estados Unidos, Antony Blinken, quien condenó el domingo el aumento de la violencia de pandillas y pidió al Gobierno salvadoreño que proteja las libertades civiles.;canciller;m;1;NOUN;nsubj;1;1
La canciller salvadoreña Alexandra Hill Tinoco respondió con la frase “los amigos no actúan de esa manera”, al secretario de Estado de Estados Unidos, Antony Blinken, quien condenó el domingo el aumento de la violencia de pandillas y pidió al Gobierno salvadoreño que proteja las libertades civiles.;manera;f;0;NOUN;obl;1;1
También aseveró que el presidente Nayib Bukele se comprometió “desde el primer día” a luchar contra las causas de la inmigración irregular.;contra;f;0;ADP;case;1;0
Bukele también rechazó hoy el comentario del portavoz del Departamento de Estado, Ned Price, sobre el apoyo del Gobierno de EE.UU.;sobre;m;0;ADP;case;1;0
contra las pandillas.;contra;f;0;ADP;case;1;0
para combatir el crimen pero bajo la administración de Trump”.;bajo;m;0;ADP;case;1;0
Luego acusó al gobierno de Biden de apoyar a las pandillas: “Ahora ustedes solo están apoyando a las pandillas y sus ‘libertades civiles”.;ustedes;pron;0;NOUN;nsubj;1;0
La Corte Suprema de Justicia (CSJ) aún no aprueba las extradiciones.;corte;m;0;PROPN;nsubj;1;1
"El gobierno de Estados Unidos ha emitido condenas públicas contra el gobierno actual luego de que el 1 de mayo la Asamblea Legislativa destituyera y reemplazara a los magistrados de la Sala de lo Constitucional, y al fiscal general; que la nueva Sala habilitara la reelección presidencial inmediata, y también después de que el nuevo fiscal cerrara la Comisión Internacional contra la Impunidad en El Salvador (Cicies).";contra;f;0;ADP;case;1;0
"El gobierno de Estados Unidos ha emitido condenas públicas contra el gobierno actual luego de que el 1 de mayo la Asamblea Legislativa destituyera y reemplazara a los magistrados de la Sala de lo Constitucional, y al fiscal general; que la nueva Sala habilitara la reelección presidencial inmediata, y también después de que el nuevo fiscal cerrara la Comisión Internacional contra la Impunidad en El Salvador (Cicies).";contra;f;0;ADP;case;1;0
–el director de Centros Penales, Osiris Luna, y el director de Tejido Social de la Presidencial, Carlos Marroquín– en la lista de la Ley Global Magnitsky por supuesta corrupción y negociaciones con cabecillas de pandillas.;luna;f;0;PROPN;flat;1;1
–el director de Centros Penales, Osiris Luna, y el director de Tejido Social de la Presidencial, Carlos Marroquín– en la lista de la Ley Global Magnitsky por supuesta corrupción y negociaciones con cabecillas de pandillas.;tejido;m;0;PROPN;nmod;1;1
–el director de Centros Penales, Osiris Luna, y el director de Tejido Social de la Presidencial, Carlos Marroquín– en la lista de la Ley Global Magnitsky por supuesta corrupción y negociaciones con cabecillas de pandillas.;social;m/f;0;PROPN;flat;1;1
La dirigencia del FMLN reconoció su histórica derrota electoral del domingo y aseguró que tomaría “decisiones” para “corregir lo que sea necesario”.;dirigencia;f;1;NOUN;nsubj;1;1
La dirigencia del FMLN reconoció su histórica derrota electoral del domingo y aseguró que tomaría “decisiones” para “corregir lo que sea necesario”.;corregir;v;0;VERB;advcl;1;1
El mensaje ha sido claro y contundente de parte de la población, tanto hacia el Gobierno de Salvador Sánchez Cerén como hacia el partido FMLN.;partido;m;0;NOUN;conj;1;1
El FMLN tiene que escuchar, corregir y cambiar de rumbo.;corregir;v;0;VERB;advcl;1;1
Esa ha sido la característica de ese partido en la historia reciente y ha empeorado desde la llegada al poder.;partido;m;0;NOUN;nmod;1;1
Analistas afines y críticos al partido coinciden que el FMLN se volvió sordo y ciego ante los clamores de la población que exigía cambio de rumbo y que se reflejaba en las encuestas.;partido;m;0;NOUN;nmod;1;1
Por el contrario, la soberbia oficialista era tal que su única respuesta era que iban a derrotar a las encuestas.;oficialista;sust(m/f)/adj;1;ADJ;amod;1;0
El FMLN tiene que plantearse fuertes cambios en su manera de gobernar, en estos meses que le quedan.;manera;f;0;NOUN;obl;1;1
Cualquier partido que quiera sobrevivir una debacle electoral como ésta, necesita cambiar a los dirigentes que provocaron esa derrota.;partido;m;0;NOUN;nsubj;1;1
Las bases del propio partido han demostrado, con su rechazo a elegir a reconocidos dirigentes como diputados, que no están contentos con su dirección.;partido;m;0;NOUN;nmod;1;1
Escuchen, la sordera y la ceguera puede ser aún peor.;ceguera;f;0;NOUN;conj;1;1
Escuchen, la sordera y la ceguera puede ser aún peor.;ser;m;0;AUX;cop;1;0
Las autoridades arrestaron la noche de este miércoles a tres presuntos miembros de pandilla, quienes delinquían en una de las paradas de buses de la colonia Popotlán, en Apopa, vestidos como agentes de la Policía Nacional Civil (PNC).;miércoles;sust(m/f)/adj;0;NOUN;nmod;1;1
Las autoridades arrestaron la noche de este miércoles a tres presuntos miembros de pandilla, quienes delinquían en una de las paradas de buses de la colonia Popotlán, en Apopa, vestidos como agentes de la Policía Nacional Civil (PNC).;tres;m;0;NUM;nummod;1;0
Las autoridades arrestaron la noche de este miércoles a tres presuntos miembros de pandilla, quienes delinquían en una de las paradas de buses de la colonia Popotlán, en Apopa, vestidos como agentes de la Policía Nacional Civil (PNC).;colonia;f;0;NOUN;nmod;1;1
Las autoridades también incautaron una arma de fuego y otras de juguete, además prendas de vestir con logo de la corporación, cinturones y botas de uso exclusivo de la PNC.;vestir;v;0;VERB;acl;1;1
"Según reportes de la PNC una patrulla del sistema 911 ""intervino un vehículo sospechoso en la entrada de la Urbanización Popotlán del referido municipio, capturando en flagrancia a tres pandilleros con armas de fuego, uniformados simulando ser policías"".";entrada;f;0;NOUN;obl;1;1
"Según reportes de la PNC una patrulla del sistema 911 ""intervino un vehículo sospechoso en la entrada de la Urbanización Popotlán del referido municipio, capturando en flagrancia a tres pandilleros con armas de fuego, uniformados simulando ser policías"".";tres;m;0;NUM;nummod;1;0
"Según reportes de la PNC una patrulla del sistema 911 ""intervino un vehículo sospechoso en la entrada de la Urbanización Popotlán del referido municipio, capturando en flagrancia a tres pandilleros con armas de fuego, uniformados simulando ser policías"".";ser;m;0;AUX;cop;1;0
"""No se va a cobrar, se está trabajando en un proyecto de reordenamiento para las ventas que están abajo (de la Puerta del Diablo), pero no va a implicar ningún costo"", dijo una fuente del Ministerio de Turismo a Diario El Mundo.";costo;m;1;NOUN;obj;1;1
"El Instituto Salvadoreño del Turismo (Istu) es el encargado de administrar los 14 parques recreativos del Estado, entre ellos, el parque Balboa, el parque de la Familia y la Puerta del Diablo; actualmente, el ingreso al parque Balboa y de la Familia cuesta $1.50 por persona y $1 por vehículo.";administrar;v;0;VERB;acl;1;1
"En redes sociales ha circulado que dentro de unos meses el costo por ingresar a la Puerta del Diablo será de $1.50, compartiendo, con esta información, un video del presidente del Istu, José Álvaro Cornejo, en donde indica que hay un proyecto que se puede llevar a cabo en esta zona y que se haría el cobro indicado por llegar a los tres lugares del Complejo; sin embargo, la misma fuente asegura que las declaraciones fueron sacadas de contexto.";costo;m;1;NOUN;nsubj;1;1
"En redes sociales ha circulado que dentro de unos meses el costo por ingresar a la Puerta del Diablo será de $1.50, compartiendo, con esta información, un video del presidente del Istu, José Álvaro Cornejo, en donde indica que hay un proyecto que se puede llevar a cabo en esta zona y que se haría el cobro indicado por llegar a los tres lugares del Complejo; sin embargo, la misma fuente asegura que las declaraciones fueron sacadas de contexto.";video;m;0;NOUN;obj;1;1
"En redes sociales ha circulado que dentro de unos meses el costo por ingresar a la Puerta del Diablo será de $1.50, compartiendo, con esta información, un video del presidente del Istu, José Álvaro Cornejo, en donde indica que hay un proyecto que se puede llevar a cabo en esta zona y que se haría el cobro indicado por llegar a los tres lugares del Complejo; sin embargo, la misma fuente asegura que las declaraciones fueron sacadas de contexto.";llevar;v;0;VERB;acl;1;1
"En redes sociales ha circulado que dentro de unos meses el costo por ingresar a la Puerta del Diablo será de $1.50, compartiendo, con esta información, un video del presidente del Istu, José Álvaro Cornejo, en donde indica que hay un proyecto que se puede llevar a cabo en esta zona y que se haría el cobro indicado por llegar a los tres lugares del Complejo; sin embargo, la misma fuente asegura que las declaraciones fueron sacadas de contexto.";cabo;m;0;NOUN;compound;1;1
"En redes sociales ha circulado que dentro de unos meses el costo por ingresar a la Puerta del Diablo será de $1.50, compartiendo, con esta información, un video del presidente del Istu, José Álvaro Cornejo, en donde indica que hay un proyecto que se puede llevar a cabo en esta zona y que se haría el cobro indicado por llegar a los tres lugares del Complejo; sin embargo, la misma fuente asegura que las declaraciones fueron sacadas de contexto.";tres;m;0;NUM;nummod;1;0
Por su parte, el ministro de Gobernación, Arístides Valencia, indicó que esta Semana Santa no se le cobrará el ingreso a los lugares administrados por el Istu a las personas que van en buses alegres, que salen desde el centro de San Salvador.;centro;m;0;NOUN;obl;1;1
El inspector, William Edgardo Méndez Barrientos, destacado en la División de Antinarcóticos (DAN) de la Policía Nacional Civil (PNC) fue capturado por conducir en estado de ebriedad, con 119 grados de alcohol en la sangre, confirmó ayer la comisionada Margarita Rivas, de la División de Tránsito Terrestre.;tránsito;m;1;PROPN;flat;1;1
La PNC detuvo a Méndez Barrientos por el delito de “conducción peligrosa” cuando se dirigía hacia el lago de Coatepeque, ubicado en Santa Ana, en el municipio de El Congo.;congo;m;0;PROPN;nmod;1;1
“El procedimiento ha sido el de ley como se aplica a cualquiera, tuvo más de 100 grados, se puso a la orden de la fiscalía para ponerse a la orden del juez, está detenido como cualquiera” aseveró Rivas.;orden;f;0;NOUN;obl;1;1
“El procedimiento ha sido el de ley como se aplica a cualquiera, tuvo más de 100 grados, se puso a la orden de la fiscalía para ponerse a la orden del juez, está detenido como cualquiera” aseveró Rivas.;orden;f;0;NOUN;obl;1;1
Rivas también hizo el llamado de conciencia a los conductores para que sean “responsables” durante estas vacaciones.;llamado;m;0;NOUN;obj;1;1
"En caso que deciden quitarlo no estaríamos hablando de una prórroga sino de un nuevo decreto y ese nuevo decreto de tres meses pareciera estar generando la duda, la incertidumbre, pero además un riesgo que haya algún acuerdo oscuro con quienes se oponen a que las medidas extraordinarias estén funcionando"", dijo Misael Mejía del FMLN.";tres;m;0;NUM;nummod;1;0
"En caso que deciden quitarlo no estaríamos hablando de una prórroga sino de un nuevo decreto y ese nuevo decreto de tres meses pareciera estar generando la duda, la incertidumbre, pero además un riesgo que haya algún acuerdo oscuro con quienes se oponen a que las medidas extraordinarias estén funcionando"", dijo Misael Mejía del FMLN.";estar;v;0;AUX;aux;1;0
El Consejo Nacional de Administración de Bienes (CONAB) informó que en los últimos cinco años ha recibido $22 millones 374,451.54 en concepto de 897 bienes confiscados bajo la Ley de Extinción de Dominio, a las estructuras criminales.;cinco;m;0;NUM;nummod;1;0
El Consejo Nacional de Administración de Bienes (CONAB) informó que en los últimos cinco años ha recibido $22 millones 374,451.54 en concepto de 897 bienes confiscados bajo la Ley de Extinción de Dominio, a las estructuras criminales.;bajo;m;0;ADP;case;1;0
De estas cifras $439,441.38 son provenientes de 235 bienes incautados al presente año.;año;m;0;NOUN;obl;1;1
En el 2017, el CONAB entregó en uso provisional bienes valorados en más de $5 millones 433 mil dólares a la Corte Suprema, Fiscalía General de la República, Ministerios de la Defensa y Seguridad, además de la Policía Nacional Civil (PNC).;corte;m;0;PROPN;obj;1;1
En el 2017, el CONAB entregó en uso provisional bienes valorados en más de $5 millones 433 mil dólares a la Corte Suprema, Fiscalía General de la República, Ministerios de la Defensa y Seguridad, además de la Policía Nacional Civil (PNC).;defensa;f;0;PROPN;flat;1;1
El año pasado también se realizó la primera venta en pública subasta, en la que se recaudó $280 mil 697, que han sido destinados para el fortalecimiento de las instituciones establecidas en la LEDAB.;año;m;0;NOUN;obl;1;1
En esta cifra, no están incluidos bienes consistentes en empresas de servicio como Gumarsal, hoteles, gasolineras, que desde el año pasado administra, explicó David Molina, director del CONAB;año;m;0;NOUN;obl;1;1
La Fiscalía General del Estado de Quintana Roo, en la Rivera Maya de México, descartó que este lunes se registrara algún tiroteo en el Aeropuerto Internacional de Cancún, después que las autoridades portuarias evacuaran a cientos de pasajeros.;tiroteo;m;0;NOUN;nsubj;1;1
"A pesar de esta información, la autoridad del Aeropuerto Internacional de Cancún declaró ""Código Rojo"" como consecuencia de varios estruendos registrado en las instalaciones, concretamente en la Terminal 3 del aeropuerto, de donde parten los vuelos internacionales.";terminal;m;0;PROPN;nmod;1;1
El Centro Operativo de Emergencias del Aeropuerto Internacional de Cancún (COE), informó que los cuerpos de seguridad realizan en este momento las investigaciones pertinentes para determinar la causa que provocó la alerta entre los pasajeros y usuarios del Aeropuerto.;centro;m;0;PROPN;nsubj;1;1
Los estruendos, sin embargo, se reportaron inicialmente como un tiroteo, aunque no se registró hasta ahora ninguna persona herida.;tiroteo;m;0;NOUN;obj;1;1
Además hay viajeros que se encuentran en los aviones sin poder desembarcar ante la situación de emergencia, según informan medios de comunicación mexicanos.;situación;f;0;NOUN;obl;1;1
Además hay viajeros que se encuentran en los aviones sin poder desembarcar ante la situación de emergencia, según informan medios de comunicación mexicanos.;emergencia;f;0;NOUN;nmod;1;1
Decenas de personas han sido ya desalojadas de la terminal y hay presentes en el lugar elementos de la Guardia Nacional.;terminal;m;0;NOUN;obl;1;1
"[caption id=""attachment_611778"" align=""aligncenter"" width=""627""]  Archivo/DEM[/caption]   Las personas fallecidas durante el período vacacional, comprendido entre el sábado 19 y martes 22, se ha elevado a 14, tres más de las 11 reportadas este lunes, informó el Sistema Nacional de Protección Civil.";tres;m;0;NUM;compound;1;0
En el consolidado de emergencias, Protección Civil informó que en este período se han producido un total de 164 accidente de tránsito.;consolidado;m;0;ADJ;obl;1;0
En el consolidado de emergencias, Protección Civil informó que en este período se han producido un total de 164 accidente de tránsito.;tránsito;m;1;NOUN;nmod;1;1
Los incendios ascendieron a 50: 22 por maleza seca, 8 estructurales, 5 vehículos, 4 forestales, 3 conatos y otros tres de causas no identificadas.;maleza;f;0;NOUN;nmod;1;1
Los incendios ascendieron a 50: 22 por maleza seca, 8 estructurales, 5 vehículos, 4 forestales, 3 conatos y otros tres de causas no identificadas.;seca;f;0;ADJ;amod;1;0
Los incendios ascendieron a 50: 22 por maleza seca, 8 estructurales, 5 vehículos, 4 forestales, 3 conatos y otros tres de causas no identificadas.;tres;m;0;NUM;conj;1;0
Autoridades policiales explicaron que Portillo fue requerido por un tribunal de justicia, pero no se presentó a la diligencia, por lo que procedieron a su captura.;diligencia;f;0;NOUN;obl;1;1
"""En este caso la orden de localización la giró el Juzgado 2° de Paz de Mejicanos, con fecha 26 de agosto de 2005.";orden;f;0;NOUN;iobj;1;1
"Será el Tribunal quien informe las razones por la cual se giró la orden para que él fuera llevado ante el Tribunal"", comunicó la PNC.";orden;f;0;NOUN;nsubj;1;1
Según la PNC, la detención del exportero se efectuó ayer a las 6:00 de la tarde al interior del mercado Cuscatlán, entre 25 avenida sur y calle Gerardo Barios.;interior;m;0;NOUN;nmod;1;1
Según la PNC, la detención del exportero se efectuó ayer a las 6:00 de la tarde al interior del mercado Cuscatlán, entre 25 avenida sur y calle Gerardo Barios.;calle;f;0;NOUN;conj;1;1
Mareros habrían asesinado al agente penitenciario, David Carpio Rosales, según el director de centros penales Marco Tulio Lima.;lima;f;0;PROPN;flat;1;1
Ayer en horas de la mañana, el custodio recién había salido de su vivienda con dirección a su trabajo en el complejo penitenciario de Izalco, cuando fue atacado a balazos por la espalda.;trabajo;m;0;NOUN;obl;1;1
El crimen fue cometido en el lugar conocido como Quebrada Seca, del cantón Talcomunca, Sonzacate, en el departamento de Sonsonate, según el informe de la unidad de vida de la Fiscalía General de la República.;seca;f;0;PROPN;flat;1;1
Según el director de centros penales, el ataque contra el custodio penitenciario estaría relacionado con el asesinato de la abogada Odilia patricia Recinos, atacada a balazos cuando se bajaba de un vehículo nacional en el municipio de Sonzacate.;contra;f;0;ADP;case;1;0
Lima sospecha que la misma estructura criminal que le dio muerte a la abogada, también participó en el crimen contra el custodio Carpio Rosales, ayer en la mañana.;lima;f;0;PROPN;nsubj;1;1
Lima sospecha que la misma estructura criminal que le dio muerte a la abogada, también participó en el crimen contra el custodio Carpio Rosales, ayer en la mañana.;contra;f;0;ADP;case;1;0
El funcionario confirmó que el personal penitenciario está amenazado, por lo cual desarrollan un plan de seguridad interno, tanto en el transporte  de ingreso y de regreso.;plan;m;0;NOUN;obj;1;1
La conmoción que ha causado la noticia de que una joven estudiante de Medicina tomó la trágica decisión de quitarse la vida debido a los maltratos sufridos por sus docentes ha desatado una ola de denuncias sobre una realidad que lleva años comentándose discretamente entre los médicos en formación.;sobre;m;0;ADP;case;1;0
Médicos ya graduados han confirmado que ellos mismos sufrieron esos abusos de parte de sus docentes, incluyendo turnos de 36 horas que bajo cualquier arrebato de un docente, podían prolongarse.;bajo;m;0;ADP;case;1;0
¿Cómo pueden ser médicos que curan el cuerpo y enferman la mente de sus estudiantes?;ser;m;0;AUX;cop;1;0
El gremio médico y especialmente el cuerpo docente de Medicina -en la UES y el resto de universidades- debería hacer una profunda reflexión sobre esta situación que evidentemente no se trata de un caso aislado.;sobre;m;0;ADP;case;1;0
El gremio médico y especialmente el cuerpo docente de Medicina -en la UES y el resto de universidades- debería hacer una profunda reflexión sobre esta situación que evidentemente no se trata de un caso aislado.;situación;f;1;NOUN;nmod;1;1
La oportuna sugerencia de algunos diputados de que someta a revisión la ley que regula las prácticas clínicas de los estudiantes de medicina, debe ser tomada en serio y el Ministerio de Salud, el Ministerio de Educación, las universidades y el Colegio Médico deben tomar cartas en el asunto con mucha seriedad y responsabilidad.;ser;m;0;AUX;aux;1;0
La oportuna sugerencia de algunos diputados de que someta a revisión la ley que regula las prácticas clínicas de los estudiantes de medicina, debe ser tomada en serio y el Ministerio de Salud, el Ministerio de Educación, las universidades y el Colegio Médico deben tomar cartas en el asunto con mucha seriedad y responsabilidad.;tomar;v;0;VERB;conj;1;1
La oportuna sugerencia de algunos diputados de que someta a revisión la ley que regula las prácticas clínicas de los estudiantes de medicina, debe ser tomada en serio y el Ministerio de Salud, el Ministerio de Educación, las universidades y el Colegio Médico deben tomar cartas en el asunto con mucha seriedad y responsabilidad.;asunto;m;0;NOUN;obl;1;1
Pero además hay otro factor terrible en esta situación.;situación;f;0;NOUN;obl;1;1
Si no hay mejora en el tratamiento a los médicos en formación, ¿cómo se puede pretender que los pacientes reciban mejor atención con médicos maltratados, humillados, agotados por turnos y afrontando la depresión causada por esa realidad que tarde o temprano afecta a toda la sociedad?;depresión;f;0;NOUN;obj;1;1
, un grupo de sus compañeros de la carrera, denunciaron abusos de parte los docentes del doctorado.;carrera;f;0;NOUN;nmod;1;1
En enero de 2019, la Asamblea Legislativa aprobó la Ley especial para la regulación de las prácticas clínicas de los estudiantes de internado rotatorio, año social, médicos y odongólogos residentes en proceso de especialización.;año;m;1;NOUN;appos;1;1
En enero de 2019, la Asamblea Legislativa aprobó la Ley especial para la regulación de las prácticas clínicas de los estudiantes de internado rotatorio, año social, médicos y odongólogos residentes en proceso de especialización.;social;m/f;0;ADJ;amod;1;0
La ley también creaba el Consejo para la Enseñanza y Aprendizaje Académico de las prácticas clínicas, regulado por el Ministerio de Salud, Educación, Universidades, Consejo Superior de Salud Pública, Junta de Vigilancia de la Profesión Médica, Comando de Sanidad Militar, Instituto Salvadoreño del Seguro Social y el Instituto Salvadoreño de Rehabilitación de Inválidos.;comando;f;0;PROPN;flat;1;1
La ley también creaba el Consejo para la Enseñanza y Aprendizaje Académico de las prácticas clínicas, regulado por el Ministerio de Salud, Educación, Universidades, Consejo Superior de Salud Pública, Junta de Vigilancia de la Profesión Médica, Comando de Sanidad Militar, Instituto Salvadoreño del Seguro Social y el Instituto Salvadoreño de Rehabilitación de Inválidos.;social;m/f;0;PROPN;flat;1;1
"Sujetos no identificados lo atacaron a balazos a la altura del kilómetro 3 de la calle a Los Planes de Renderos, frente a una universidad privada de San Salvador; minutos después, murió en el hospital Saldaña del municipio en referencia, según confirmaron las fuentes policiales.";calle;f;0;NOUN;nmod;1;1
Dijo que no daría detalles del sujeto lesionado, pero  cuando se recupere será entrevistado sobre los hechos.;sobre;m;0;ADP;case;1;0
Bolaños Hernández estaba destacado en la delegación  Centro Histórico, en la capital salvadoreña.;centro;m;0;PROPN;appos;1;1
“No puedo dar detalles que no hemos procesado, pero pudiera tratarse de un hecho en el cual este miembro de la institución haya realizado actos irregulares que llevaron a que falleciera”, dijo el jefe policial.;dar;v;0;VERB;xcomp;1;1
En la escena del crimen también se encontró una pistola propiedad de la corporación.;pistola;f;0;NOUN;nsubj;1;1
La Iglesia católica de El Salvador urgió ayer a las autoridades policiales y fiscales a esclarecer el crimen del sacerdote Walter Osmír Vásquez Jiménez, asesinado el 29 de marzo de este año en Lolotique, San Miguel.;año;m;0;NOUN;nmod;1;1
“Como Conferencia Episcopal de El Salvador hacemos un vehemente llamado a las autoridades correspondientes a que cumplan con su obligación para que este grave crimen sea esclarecido y se haga justicia”, enfatizó en una rueda de prensa.;llamado;m;0;ADJ;amod;1;0
“Como Conferencia Episcopal de El Salvador hacemos un vehemente llamado a las autoridades correspondientes a que cumplan con su obligación para que este grave crimen sea esclarecido y se haga justicia”, enfatizó en una rueda de prensa.;rueda;f;0;NOUN;obl;1;1
“Como Conferencia Episcopal de El Salvador hacemos un vehemente llamado a las autoridades correspondientes a que cumplan con su obligación para que este grave crimen sea esclarecido y se haga justicia”, enfatizó en una rueda de prensa.;prensa;f;0;NOUN;nmod;1;1
El padre Walter Vásquez fue asesinado el 29 de marzo cuando se dirigía a la Ermita del cantón Las Ventas para celebrar, en esa comunidad, una misa en el marco de sus asignaciones para la conmemoración de la Semana Santa.;comunidad;f;0;NOUN;obl;1;1
De esta camioneta todoterreno se bajan tres sujetos cubiertos del rostro, portando al menos un arma larga y también dos armas cortas, y proceden a robar las pertenencias de todos los ocupantes del vehículo”, detalló en esa ocasión el director de la corporación policial, Howard Cotto.;camioneta;f;1;NOUN;obl;1;1
De esta camioneta todoterreno se bajan tres sujetos cubiertos del rostro, portando al menos un arma larga y también dos armas cortas, y proceden a robar las pertenencias de todos los ocupantes del vehículo”, detalló en esa ocasión el director de la corporación policial, Howard Cotto.;tres;m;0;NUM;nummod;1;0
El Gobierno de El Salvador condenó el asesinato y ordenó a la PNC reforzar la seguridad en Lolotique durante las celebraciones en el marco de la Semana Mayor, así como también a profundizar la investigación del caso hasta dar con los culpables.;mayor;m;0;PROPN;flat;1;1
El Gobierno de El Salvador condenó el asesinato y ordenó a la PNC reforzar la seguridad en Lolotique durante las celebraciones en el marco de la Semana Mayor, así como también a profundizar la investigación del caso hasta dar con los culpables.;dar;v;0;VERB;advcl;1;1
El arzobispo de San Salvador dijo que como iglesia desean que todos los asesinatos sean “debidamente” investigados y se conozca la verdad porque a su criterio solo así se podrá llegar a la paz social.;social;m/f;0;ADJ;amod;1;0
“Deseamos que todos los crímenes, que lamentablemente a diario se cometen, sean debidamente investigados y que, en todos ellos sin excepción alguna, se administre justicia, porque solo así llegaremos a la auténtica paz social”, manifestó.;social;m/f;0;ADJ;amod;1;0
El sacerdote Walter Osmír Vásquez Jiménez, asesinado el 29 de marzo de este año en Lolotique, San Miguel cuando se dirigía a oficiar una misa en el marco de la Semana Mayor.;año;m;0;NOUN;nmod;1;1
El sacerdote Walter Osmír Vásquez Jiménez, asesinado el 29 de marzo de este año en Lolotique, San Miguel cuando se dirigía a oficiar una misa en el marco de la Semana Mayor.;mayor;m;0;PROPN;flat;1;1
El juzgado de Paz de Olocuilta decretó instrucción formal con detención provisional en contra de Henry Alberto Salazar Burgos por el feminicidio en perjuicio de su novia, Lilian Beatriz  Méndez Ramírez de 27 años de edad.;contra;f;0;NOUN;fixed;1;1
La detención fue decretada este sábado tras la audiencia inicial en la cual también fue acusado por el delito de aborto sin consentimiento, dado que al momento de asesinar a su novia ya tenía ocho meses de embarazo.;dado;m;0;NOUN;mark;1;1
Según las investigaciones, Salazar Burgos asesinó a su novia el 20 de octubre del año pasado y el cadáver fue encontrado un día después a un costado de la autopista Comalapa, jurisdicción de Olocuilta, La Paz.;año;m;0;NOUN;compound;1;1
Las investigaciones fiscales han determinado que el 11 de octubre del año pasado, el imputado pidió 11 días de permiso sin goce de sueldo.;año;m;0;NOUN;compound;1;1
Las investigaciones fiscales han determinado que el 11 de octubre del año pasado, el imputado pidió 11 días de permiso sin goce de sueldo.;permiso;m;0;NOUN;nmod;1;1
Al cabo de la finalización del permiso, el ahora procesado ya no se presentó a laborar.;cabo;m;0;NOUN;fixed;1;1
Al cabo de la finalización del permiso, el ahora procesado ya no se presentó a laborar.;permiso;m;0;NOUN;nmod;1;1
Según ha expresado el fiscal general de la República, Douglas Meléndez,  el permiso sin goce de sueldo indicaba que Salazar Burgos tenía planificado asesinar a su novia.;permiso;m;0;NOUN;nsubj;1;1
Los policías detenidos estaban asignados a la referida delegación pero ejercían sus funciones en dos subdelegaciones de la zona oriente de la capital, según confirmó la Fiscalía General de la República.;zona;f;0;NOUN;nmod;1;1
Los agentes detenidos fueron identificados como Obelio Antonio Zelada y Víctor Alcides Díaz Nolasco, a quienes habían destacado en la subdelegación policial del municipio de San Martín y en el puesto El Limón que depende de la subdelegación de Soyapango.;puesto;m;0;NOUN;nmod;1;1
El caso lo comenzaron a investigar tras recibir información sobre la presunta colaboración de los agentes con estructuras criminales, entre ellos grupos de pandillas, quienes guardando prisión en las bartolinas de la PNC de Soyapango, tenían acceso a teléfonos celulares para comunicarse con pandilleros que estaban en libertad y desde donde se daban órdenes.;recibir;v;0;VERB;advcl;1;1
El caso lo comenzaron a investigar tras recibir información sobre la presunta colaboración de los agentes con estructuras criminales, entre ellos grupos de pandillas, quienes guardando prisión en las bartolinas de la PNC de Soyapango, tenían acceso a teléfonos celulares para comunicarse con pandilleros que estaban en libertad y desde donde se daban órdenes.;sobre;m;0;ADP;case;1;0
En contra de los agentes tienen información que los incrimina en esa actividad ilícita, razón por la cual pedirán que sigan en detención provisional al momento de ponerlos a la orden de un juzgado de la zona.;contra;f;0;NOUN;fixed;1;1
En contra de los agentes tienen información que los incrimina en esa actividad ilícita, razón por la cual pedirán que sigan en detención provisional al momento de ponerlos a la orden de un juzgado de la zona.;orden;f;0;NOUN;obj;1;1
En contra de los agentes tienen información que los incrimina en esa actividad ilícita, razón por la cual pedirán que sigan en detención provisional al momento de ponerlos a la orden de un juzgado de la zona.;zona;f;0;NOUN;nmod;1;1
"Zelada y Díaz Nolasco, fueron capturados por una orden administrativa que la Fiscalía giró tras determinar que han incurrido en el delito de tráfico de objetos prohibidos en centros penitenciarios, de detención o reeducativos; pero, no se ha especificado desde cuándo habían estado colaborando con los reos que llegaban a las mencionadas bartolinas.";orden;f;0;NOUN;obl;1;1
"El abogado defensor del acusado Luís Miguel Ángel García en el caso Saqueo Público, William Cruz, manifestó que ""todos somos iguales ante la norma"" respecto a la no captura de Vanda Pignato, también implicada y acusada de lavado de dinero y activos por la Fiscalía General de la República.";lavado;m;0;ADJ;obj;1;0
"Al consultarle su opinión sobre el tratado a Vanda Pignato, actual secretaria de Inclusión Social, el profesional de derecho indicó que ""todos somos iguales ante la norma, todos debemos, dice la norma, no yo, a través del principio de igualdad de las partes, ser tratados y procesados de la misma forma"".";sobre;m;0;ADP;case;1;0
"Al consultarle su opinión sobre el tratado a Vanda Pignato, actual secretaria de Inclusión Social, el profesional de derecho indicó que ""todos somos iguales ante la norma, todos debemos, dice la norma, no yo, a través del principio de igualdad de las partes, ser tratados y procesados de la misma forma"".";social;m/f;0;PROPN;flat;1;1
"Al consultarle su opinión sobre el tratado a Vanda Pignato, actual secretaria de Inclusión Social, el profesional de derecho indicó que ""todos somos iguales ante la norma, todos debemos, dice la norma, no yo, a través del principio de igualdad de las partes, ser tratados y procesados de la misma forma"".";ser;m;0;AUX;aux;1;0
Aunque Pignato ha sido acusada, el Ministerio Público no ha girado orden de captura en su contra.;orden;f;0;NOUN;obj;1;1
Aunque Pignato ha sido acusada, el Ministerio Público no ha girado orden de captura en su contra.;contra;f;0;NOUN;obl;1;1
Esto ha generado diferentes reacciones, como la solicitud de la diputada Patricia Valdivieso al Presidente de la República de retirar a la funcionaria de su cargo al frente de la Secretaría de Inclusión Social.;social;m/f;0;PROPN;flat;1;1
"A su cliente, indicó, lo acusan ""nada más de lavado de dinero y activos"".";lavado;m;0;ADJ;nmod;1;0
Las mismas fuentes hablan de hasta 28 órdenes de captura contra exfuncionarios del gobierno de Funes y se espera que las autoridades den a conocer esta mañana los detalles de esos arrestos y las acusaciones en su contra.Se informaba de operativos en varias zonas de la capital.;contra;f;0;ADP;case;1;0
Las mismas fuentes hablan de hasta 28 órdenes de captura contra exfuncionarios del gobierno de Funes y se espera que las autoridades den a conocer esta mañana los detalles de esos arrestos y las acusaciones en su contra.Se informaba de operativos en varias zonas de la capital.;contra;f;0;ADP;case;1;0
Y sus inversiones, negocios y propiedades no tienen nada que ver con mi gobierno.;ver;v;0;VERB;acl;1;1
"La mayoría comenzaron antes de mi Presidencia"", escribió Funes ""Tal como la anticipé: El Fiscal ha montado una acusación en mi contra y algunos de mis exfuncionarios.";contra;f;0;ADP;obl;1;0
Tres agentes de la Policía Nacional Civil (PNC) resultaron lesionados, tras ser impactados por un conductor de nacionalidad guatemalteca en Acajutla, Sonsonate, informó la División de Tránsito.;tres;m;0;NUM;nummod;1;0
Tres agentes de la Policía Nacional Civil (PNC) resultaron lesionados, tras ser impactados por un conductor de nacionalidad guatemalteca en Acajutla, Sonsonate, informó la División de Tránsito.;ser;m;0;AUX;aux;1;0
Tres agentes de la Policía Nacional Civil (PNC) resultaron lesionados, tras ser impactados por un conductor de nacionalidad guatemalteca en Acajutla, Sonsonate, informó la División de Tránsito.;conductor;m;0;NOUN;obj;1;1
Tres agentes de la Policía Nacional Civil (PNC) resultaron lesionados, tras ser impactados por un conductor de nacionalidad guatemalteca en Acajutla, Sonsonate, informó la División de Tránsito.;tránsito;m;1;PROPN;flat;1;1
De acuerdo al reporte brindado por las autoridades, el conductor del vehículo que impactó, se conducía en estado de ebriedad e irrespetó una señal de alto, lo que provocó el choque con la patrulla policial que se encontraba en la zona.;conductor;m;0;NOUN;nsubj;1;1
De acuerdo al reporte brindado por las autoridades, el conductor del vehículo que impactó, se conducía en estado de ebriedad e irrespetó una señal de alto, lo que provocó el choque con la patrulla policial que se encontraba en la zona.;zona;f;0;NOUN;obl;1;1
El conductor fue detenido y los tres agentes fueron trasladados a un centro asistencial.;conductor;m;0;NOUN;nsubj;1;1
El conductor fue detenido y los tres agentes fueron trasladados a un centro asistencial.;tres;m;0;NUM;nummod;1;0
El conductor fue detenido y los tres agentes fueron trasladados a un centro asistencial.;centro;m;0;NOUN;obl;1;1
La División de Tránsito informó que debido a la gravedad de las lesiones, los lesionados podrían ser trasladados al Instituto Salvadoreño del Seguro Social (ISSS).;tránsito;m;1;PROPN;flat;1;1
La División de Tránsito informó que debido a la gravedad de las lesiones, los lesionados podrían ser trasladados al Instituto Salvadoreño del Seguro Social (ISSS).;ser;m;0;AUX;aux;1;0
La División de Tránsito informó que debido a la gravedad de las lesiones, los lesionados podrían ser trasladados al Instituto Salvadoreño del Seguro Social (ISSS).;social;m/f;0;PROPN;flat;1;1
Al menos unas 15 personas resultaron lesionadas esta mañana, luego que el bus de la ruta 304 que hace su recorrido de la Unión a San Salvador, volcara en el kilómetro 102 1/2 de la carretera panamericana, cerca del desvío Nueva Granada, Usulután.;ruta;f;0;NOUN;nmod;1;1
Al lugar llegó Cruz Roja Salvadoreña para atender a los lesionados.;roja;f;0;PROPN;flat;1;1
Al lugar llegó Cruz Roja Salvadoreña para atender a los lesionados.;atender;v;0;VERB;advcl;1;1
Más temprano, otro accidente se reportó frente al cementerio La Bermeja que dejó, afortunadamente, sólo daños materiales y un fuerte percance vial en la zona.;zona;f;0;NOUN;nmod;1;1
En este caso, el conductor impactó contra un poste.;conductor;m;0;NOUN;nsubj;1;1
En este caso, el conductor impactó contra un poste.;contra;f;0;ADP;case;1;0
Organizaciones de derechos humanos exigieron a los diputados que conforman la Comisión Ad-hoc que estudiará una Ley de Reconciliación Nacional, excusarse de ser parte de la misma por haber participado de manera directa o indirecta en los crímenes de guerra.;ser;m;0;AUX;cop;1;0
Organizaciones de derechos humanos exigieron a los diputados que conforman la Comisión Ad-hoc que estudiará una Ley de Reconciliación Nacional, excusarse de ser parte de la misma por haber participado de manera directa o indirecta en los crímenes de guerra.;manera;f;0;NOUN;obl;1;1
"La comisión está conformada por el diputado del PDC, Rodolfo Parker, quien según el Informe de la Verdad alteró declaraciones para ocultar las responsabilidades de altos oficiales en el asesinato de los sacerdotes jesuitas; por el FMLN, participará la diputada Nidia Díaz, quien ha sido denunciada ante Fiscalía por la masacre de la Zona Rosa; por ARENA el diputado Mauricio Vargas, firmante de los Acuerdos de Paz en representación del gobierno; por el PCN estará el diputado y coronel Antonio Almendáriz, quien es señalado de encubrir el asesinato de la ciudadana española Begoña García Arandigoyen y por GANA, el diputado Juan Carlos Mendoza.";zona;f;0;PROPN;nmod;1;1
"La comisión está conformada por el diputado del PDC, Rodolfo Parker, quien según el Informe de la Verdad alteró declaraciones para ocultar las responsabilidades de altos oficiales en el asesinato de los sacerdotes jesuitas; por el FMLN, participará la diputada Nidia Díaz, quien ha sido denunciada ante Fiscalía por la masacre de la Zona Rosa; por ARENA el diputado Mauricio Vargas, firmante de los Acuerdos de Paz en representación del gobierno; por el PCN estará el diputado y coronel Antonio Almendáriz, quien es señalado de encubrir el asesinato de la ciudadana española Begoña García Arandigoyen y por GANA, el diputado Juan Carlos Mendoza.";coronel;m;0;NOUN;conj;1;1
“No puede ser posible que quienes vayan a determinar el futuro de la reconciliación del país, quienes van a hablar de las víctimas, sean de alguna forma los que causaron el daño o estuvieron involucrados en ello”, señaló el director de la Asociación Pro-Búsqueda, Eduardo García.;ser;m;0;AUX;cop;1;0
“No puede ser posible que quienes vayan a determinar el futuro de la reconciliación del país, quienes van a hablar de las víctimas, sean de alguna forma los que causaron el daño o estuvieron involucrados en ello”, señaló el director de la Asociación Pro-Búsqueda, Eduardo García.;hablar;v;0;VERB;acl;1;1
“No puede ser posible que quienes vayan a determinar el futuro de la reconciliación del país, quienes van a hablar de las víctimas, sean de alguna forma los que causaron el daño o estuvieron involucrados en ello”, señaló el director de la Asociación Pro-Búsqueda, Eduardo García.;daño;m;0;NOUN;obj;1;1
Las organizaciones pidieron a la Junta Directiva de la Asamblea Legislativa “reflexionar” sobre el perfil de los diputados que han elegido y a “rectificar”, pues de lo contrario advirtieron que se verán obligados en recusarlos.;sobre;m;0;ADP;case;1;0
Las organizaciones pidieron a la Junta Directiva de la Asamblea Legislativa “reflexionar” sobre el perfil de los diputados que han elegido y a “rectificar”, pues de lo contrario advirtieron que se verán obligados en recusarlos.;rectificar;v;0;VERB;conj;1;1
“Estamos dando un compás de espera para que las personas designadas en esta comisión, por coherencia ética, se excusen de participar, de lo contrario, estaremos buscando mecanismos jurídicos para impedir que personas con interés lleven adelante una ley que busca superar la impunidad”, amenazó el exprocurador de derechos humanos, David Morales.;busca;f;0;VERB;acl;1;0
“Me parece que son antimilitarismos enfermizos que definitivamente me tienen sin cuidado, tengo mi conciencia tranquila, y mi forma de proceder en la vida profesional y política, son las que van a hablar por mí, no por lo que cada quien crea”, aseguró el legislador, quien dijo que la única forma en que se apartaría de la Comisión es por orden de la Junta Directiva.;hablar;v;0;VERB;ccomp;1;1
“Me parece que son antimilitarismos enfermizos que definitivamente me tienen sin cuidado, tengo mi conciencia tranquila, y mi forma de proceder en la vida profesional y política, son las que van a hablar por mí, no por lo que cada quien crea”, aseguró el legislador, quien dijo que la única forma en que se apartaría de la Comisión es por orden de la Junta Directiva.;orden;f;0;NOUN;ccomp;1;1
El coronel Antonio Almendáriz, de PCN se negó a opinar.;coronel;m;0;NOUN;nsubj;1;1
Rusia amplió sus objetivos militares en Ucrania el domingo con ataques a una base militar cerca de la frontera con Polonia, mientras Kiev informó de que más de 2.000 civiles murieron en una de sus ciudades sitiadas.;rusia;f;0;PROPN;nsubj;1;1
Rusia amplió sus objetivos militares en Ucrania el domingo con ataques a una base militar cerca de la frontera con Polonia, mientras Kiev informó de que más de 2.000 civiles murieron en una de sus ciudades sitiadas.;base;f;0;NOUN;nmod;1;1
Las fuerzas rusas atacaron la base militar de Yavoriv, a unos 40 kilómetros al noroeste de Leópolis, destino de miles desplazados internos, y situada a unos 20 kilómetros de la frontera con Polonia, miembro de la OTAN.;base;f;0;NOUN;obj;1;1
Los bombardeos, llevados a cabo desde los mares Negro y de Azov, causaron 35 muertos y 134 heridos, según el gobernador de la región, Maxim Kozitsky.;cabo;m;0;NOUN;compound;1;1
"""Como resultado del ataque, hasta 180 mercenarios extranjeros y una gran cantidad de armas extranjeras fueron eliminados"", replicó el portavoz del Ministerio de Defensa ruso, Igor Konashenkov.";defensa;f;0;PROPN;flat;1;1
En este contexto, el presidente ucraniano, Volodimir Zelenski, volvió a reclamar a la OTAN una zona de exclusión aérea sobre su país.;reclamar;v;0;VERB;xcomp;1;1
En este contexto, el presidente ucraniano, Volodimir Zelenski, volvió a reclamar a la OTAN una zona de exclusión aérea sobre su país.;zona;f;0;NOUN;obj;1;1
En este contexto, el presidente ucraniano, Volodimir Zelenski, volvió a reclamar a la OTAN una zona de exclusión aérea sobre su país.;sobre;m;0;ADP;case;1;0
"""Si no cierran nuestro cielo, es solo cuestión de tiempo que los cohetes rusos caigan sobre su territorio, sobre el territorio de la OTAN"", aseguró en un mensaje en vídeo.";sobre;m;0;ADP;case;1;0
"""Si no cierran nuestro cielo, es solo cuestión de tiempo que los cohetes rusos caigan sobre su territorio, sobre el territorio de la OTAN"", aseguró en un mensaje en vídeo.";sobre;m;0;ADP;case;1;0
"Ya se han lanzado unas 100 bombas sobre Mariúpol"", añadió.";sobre;m;0;ADP;case;1;0
Procedente de Zaporiyia, el convoy estuvo más de cinco horas bloqueado en un control ruso el sábado.;cinco;m;0;NUM;nummod;1;0
"La llegada de la ayuda es clave, ya que en la ciudad ""el sufrimiento humano es inmenso"", denunció el Comité Internacional de la Cruz Roja, que advirtió del ""peor escenario"".";clave;f;0;NOUN;ccomp;1;1
"La llegada de la ayuda es clave, ya que en la ciudad ""el sufrimiento humano es inmenso"", denunció el Comité Internacional de la Cruz Roja, que advirtió del ""peor escenario"".";roja;f;0;PROPN;flat;1;1
En un comunicado, la oenegé dijo que la población se ve obligada a esconderse en refugios antiaéreos sin calefacción y arriesga su vida para buscar comida y agua.;comunicado;m;1;NOUN;obl;1;1
En un comunicado, la oenegé dijo que la población se ve obligada a esconderse en refugios antiaéreos sin calefacción y arriesga su vida para buscar comida y agua.;buscar;v;0;VERB;advcl;1;1
En un comunicado, la oenegé dijo que la población se ve obligada a esconderse en refugios antiaéreos sin calefacción y arriesga su vida para buscar comida y agua.;comida;f;0;NOUN;obj;1;1
En un comunicado, la oenegé dijo que la población se ve obligada a esconderse en refugios antiaéreos sin calefacción y arriesga su vida para buscar comida y agua.;agua;f;0;NOUN;conj;1;1
"Mariúpol ""se ha convertido en una ciudad mártir en la desgarradora guerra que está devastando a Ucrania"", lamentó el papa Francisco, que pidió poner fin a la ""masacre"".";papa;f;0;NOUN;nsubj;1;1
"Mariúpol ""se ha convertido en una ciudad mártir en la desgarradora guerra que está devastando a Ucrania"", lamentó el papa Francisco, que pidió poner fin a la ""masacre"".";poner;v;0;VERB;xcomp;1;1
En esta ciudad tuvo lugar el 9 de marzo un bombardeo de un hospital pediátrico, en el cual murieron tres personas.;tres;m;0;NUM;nummod;1;0
"Este tipo de ataques contra el personal y las infraestructuras sanitarias debe cesar de inmediato por ser de una ""crueldad inadmisible"", exigió la ONU este domingo.";contra;f;0;ADP;case;1;0
"Este tipo de ataques contra el personal y las infraestructuras sanitarias debe cesar de inmediato por ser de una ""crueldad inadmisible"", exigió la ONU este domingo.";ser;m;0;AUX;cop;1;0
Multarán hasta con $100,000 a comerciantes que venden tambos de gas licuado de petróleo (GLP) con el peso inexacto, y desde $500 a los que comercialicen el producto con un precio no aprobado por el Ministerio de Economía.;gas;m;1;NOUN;nmod;1;1
Multarán hasta con $100,000 a comerciantes que venden tambos de gas licuado de petróleo (GLP) con el peso inexacto, y desde $500 a los que comercialicen el producto con un precio no aprobado por el Ministerio de Economía.;peso;m;0;NOUN;obl;1;1
La ley establece multas desde $500 a $10,000 a quienes no permitan y faciliten de manera inmediata, en un período de 15 minutos, a los delegados de la Dirección de Hidrocarburos y Minas cuando realicen inspecciones en cualquiera de las instalaciones, así para los distribuidores que no respeten los precios máximos de venta del GLP establecidos por el Ministerio de Economía.;manera;f;0;NOUN;obl;1;1
Estas multas también serán aplicables a quienes no respeten el precio máximo de venta de GLP envasado en cilindros para uso doméstico y cuando no se excluya el precio de venta de los combustibles del FEFE y Contrans de manera temporal.;manera;f;0;NOUN;nmod;1;1
El diputado de Nuevas Ideas, Christian Guevara, pidió que durante su vigencia prevalecerá sobre la “Ley reguladora del depósito transporte y distribución de productos del petróleo” y cualquier otra que la contrarie.;sobre;m;0;ADP;case;1;0
Esta ley es parte de un paquete de 11 medidas que anunció el presidente Nayib Bukele para enfrentar el alza de los combustibles por la invasión a Ucrania.;alza;f;0;NOUN;obj;1;1
El agente de la Policía Nacional Civil, Darwin Dagoberto Arana García, fue asesinado ayer en la ciudad en la urbanización Escalón, Santa Ana, en la zona del centro turístico Sihuatehuacán.;zona;f;0;NOUN;obl;1;1
El agente de la Policía Nacional Civil, Darwin Dagoberto Arana García, fue asesinado ayer en la ciudad en la urbanización Escalón, Santa Ana, en la zona del centro turístico Sihuatehuacán.;centro;m;0;NOUN;nmod;1;1
Según la información preliminar que manejaba la corporación policial, ayer, dos sujetos dispararon contra el agente Arana.;contra;f;0;ADP;case;1;0
Uno de ellos vestía camisa celeste y otro blanca, quienes huyeron después del ataque en una zona que es dominada por la pandilla MS-13.;zona;f;0;NOUN;obl;1;1
El cuerpo del agente quedó al interior de un vehículo placas P81621 y tenía los impactos de bala en la espalda.;interior;m;0;NOUN;obl;1;1
El cuerpo del agente quedó al interior de un vehículo placas P81621 y tenía los impactos de bala en la espalda.;bala;f;0;NOUN;nmod;1;1
Otra versión del hecho que se maneja, es que  había salido a almorzar, y estaba junto a otra persona en el vehículo cuando vio que estaban asaltando una casa frente a donde se encontraban.;almorzar;v;1;VERB;advcl;1;1
Otra versión del hecho que se maneja, es que  había salido a almorzar, y estaba junto a otra persona en el vehículo cuando vio que estaban asaltando una casa frente a donde se encontraban.;casa;f;0;NOUN;obj;1;1
Hasta el momento, unos seis agentes de la Policía Nacional Civil  han sido asesinados en hechos violentos en lo que va de este año, 2018.;año;m;0;NOUN;obl;1;1
Durante las vacaciones de agosto se han registrado 235 accidentes accidentes de tránsito que han dejado 154 personas lesionadas y 10 fallecidas, de acuerdo al consolidado preliminar del Sistema Nacional de Protección Civil, brindado esta mañana en el Turicentro Apulo.;tránsito;m;1;NOUN;nmod;1;1
Durante las vacaciones de agosto se han registrado 235 accidentes accidentes de tránsito que han dejado 154 personas lesionadas y 10 fallecidas, de acuerdo al consolidado preliminar del Sistema Nacional de Protección Civil, brindado esta mañana en el Turicentro Apulo.;consolidado;m;0;ADJ;amod;1;0
Mientras que la cifra total de lesionados, que en este año es de 209, también reporta una disminución del 12.92 %, comparado con las estadísticas del año pasado, que contabilizaban 240.;año;m;0;NOUN;obl;1;1
Mientras que la cifra total de lesionados, que en este año es de 209, también reporta una disminución del 12.92 %, comparado con las estadísticas del año pasado, que contabilizaban 240.;año;m;0;NOUN;obl;1;1
Sobre los fallecidos, las autoridades indicaron que este 2018 la cifra muestra una disminución del 68.75 %,  ya que el año pasado iban 32 a la fecha.;sobre;m;0;ADP;case;1;0
Sobre los fallecidos, las autoridades indicaron que este 2018 la cifra muestra una disminución del 68.75 %,  ya que el año pasado iban 32 a la fecha.;año;m;0;NOUN;obl;1;1
Protección Civil también informó que durante la implementación del Plan Divino Salvador 2018 se han atendido 97 rescates y 10 incendios.;plan;m;0;PROPN;nmod;1;1
En los cinco días de vacaciones se han realizado 3,923 pruebas de alcotest.;cinco;m;0;NUM;nummod;1;0
El movimiento Defensa Ciudadana de la Democracia (Decide) pidió al tribunal del caso del expresidente Antonio Saca haga “correcciones proporcionales y acordes al enorme daño ocasionado al país”, al manifestarse contra el proceso abreviado de condena que recibirá el expresidente.;defensa;f;0;PROPN;appos;1;1
El movimiento Defensa Ciudadana de la Democracia (Decide) pidió al tribunal del caso del expresidente Antonio Saca haga “correcciones proporcionales y acordes al enorme daño ocasionado al país”, al manifestarse contra el proceso abreviado de condena que recibirá el expresidente.;saca;f;0;PROPN;flat;1;1
El movimiento Defensa Ciudadana de la Democracia (Decide) pidió al tribunal del caso del expresidente Antonio Saca haga “correcciones proporcionales y acordes al enorme daño ocasionado al país”, al manifestarse contra el proceso abreviado de condena que recibirá el expresidente.;daño;m;0;NOUN;nmod;1;1
El movimiento Defensa Ciudadana de la Democracia (Decide) pidió al tribunal del caso del expresidente Antonio Saca haga “correcciones proporcionales y acordes al enorme daño ocasionado al país”, al manifestarse contra el proceso abreviado de condena que recibirá el expresidente.;contra;f;0;ADP;case;1;0
“Vemos con profunda indignación que el caso del expresidente Elías Antonio Saca se esté tramitando de una forma que, si bien se apega a los resquicios establecidos en la ley, no responde a la imperante necesidad de la sociedad salvadoreña de vivir en un país donde los funcionarios que abusen del poder y roben al Estado, respondan apropiadamente por sus delitos”, expresó en un comunicado.;saca;f;0;PROPN;flat;1;1
“Vemos con profunda indignación que el caso del expresidente Elías Antonio Saca se esté tramitando de una forma que, si bien se apega a los resquicios establecidos en la ley, no responde a la imperante necesidad de la sociedad salvadoreña de vivir en un país donde los funcionarios que abusen del poder y roben al Estado, respondan apropiadamente por sus delitos”, expresó en un comunicado.;vivir;v;0;VERB;acl;1;1
“Vemos con profunda indignación que el caso del expresidente Elías Antonio Saca se esté tramitando de una forma que, si bien se apega a los resquicios establecidos en la ley, no responde a la imperante necesidad de la sociedad salvadoreña de vivir en un país donde los funcionarios que abusen del poder y roben al Estado, respondan apropiadamente por sus delitos”, expresó en un comunicado.;comunicado;m;0;NOUN;obl;1;1
En el escrito le piden al juez del caso que “someta la resolución final a los castigos y correcciones que sean proporcionales y acordes” al daño.;daño;m;0;NOUN;obj;1;1
El Juzgado Especializado de Extinción de dominio dio luz verde, desde el pasado jueves 9 de agosto, para que la  Fiscalía General de la República materializara la incautación de 35 bienes inmuebles y 46 vehículos de los imputados en el caso Saca.;saca;f;0;PROPN;flat;1;1
"En el proceso penal, Fiscalía acusó de lavado de dinero y peculado al expresidente de la República, Antonio Saca y seis colaboradores: Élmer Charlaix, César Funes, Julio Rank, Francisco Rodríguez, Jorge Herrera y Pablo Gómez; los seis primeros se han declarado culpables de los delitos en el juicio que aún sigue.";lavado;m;0;ADJ;obj;1;0
"En el proceso penal, Fiscalía acusó de lavado de dinero y peculado al expresidente de la República, Antonio Saca y seis colaboradores: Élmer Charlaix, César Funes, Julio Rank, Francisco Rodríguez, Jorge Herrera y Pablo Gómez; los seis primeros se han declarado culpables de los delitos en el juicio que aún sigue.";saca;f;0;PROPN;flat;1;1
Ayer, Meléndez explicó que han incautado $1.5 millones en efectivo, 11 locales, las seis sociedades del expresidente Saca, entre ellas el Grupo Samix (Ver nota aparte), y tres haciendas: Una de 400 manzanas, ubicada en El Cauca, El Rosario, en el departamento de La Paz.;saca;f;0;PROPN;appos;1;1
Ayer, Meléndez explicó que han incautado $1.5 millones en efectivo, 11 locales, las seis sociedades del expresidente Saca, entre ellas el Grupo Samix (Ver nota aparte), y tres haciendas: Una de 400 manzanas, ubicada en El Cauca, El Rosario, en el departamento de La Paz.;ver;v;0;PROPN;flat;1;0
Ayer, Meléndez explicó que han incautado $1.5 millones en efectivo, 11 locales, las seis sociedades del expresidente Saca, entre ellas el Grupo Samix (Ver nota aparte), y tres haciendas: Una de 400 manzanas, ubicada en El Cauca, El Rosario, en el departamento de La Paz.;nota;f;0;PROPN;flat;1;1
Ayer, Meléndez explicó que han incautado $1.5 millones en efectivo, 11 locales, las seis sociedades del expresidente Saca, entre ellas el Grupo Samix (Ver nota aparte), y tres haciendas: Una de 400 manzanas, ubicada en El Cauca, El Rosario, en el departamento de La Paz.;tres;m;0;NUM;nummod;1;0
También fueron incautados cinco propiedades al exsecretario de comunicaciones de la presidencia, Julio Rank, entre ellas un rancho de playa en San Blas, La Libertad, según Fiscalía.;cinco;m;0;NUM;nummod;1;0
También fueron incautados cinco propiedades al exsecretario de comunicaciones de la presidencia, Julio Rank, entre ellas un rancho de playa en San Blas, La Libertad, según Fiscalía.;playa;f;0;NOUN;nmod;1;1
Sobre los bienes de César Funes, el fiscal dijo que siguen procesándolas.;sobre;m;0;ADP;case;1;0
El Conab publicó una lista de bienes donde aparecen residencias y ranchos de playa del exjefe de la unidad financiera, Francisco Rodríguez, que ayer pasaron a ser administradas por el Consejo Nacional de Administración de Bienes (Conab).;playa;f;0;NOUN;nmod;1;1
El Conab publicó una lista de bienes donde aparecen residencias y ranchos de playa del exjefe de la unidad financiera, Francisco Rodríguez, que ayer pasaron a ser administradas por el Consejo Nacional de Administración de Bienes (Conab).;ser;m;0;AUX;aux;1;0
De manera símbolica, el jefe fiscal inició la incautación de bienes en la mansión Saca, lugar de residencia del exmandatario hasta el día de su captura, el 30 de octubre del 2016.;manera;f;0;NOUN;obl;1;1
De manera símbolica, el jefe fiscal inició la incautación de bienes en la mansión Saca, lugar de residencia del exmandatario hasta el día de su captura, el 30 de octubre del 2016.;saca;f;0;PROPN;appos;1;1
El Fiscal también explicó que Élmer Charlaix será el único de los imputados cuyos bienes serán perseguidos a través de la vía civil y no por extinción de dominio porque existe una condena en su contra por enriquecimiento ilícito y la Sala de lo Constitucional prohibió la doble persecusión.;contra;f;0;NOUN;nmod;1;1
El Fiscal también explicó que Élmer Charlaix será el único de los imputados cuyos bienes serán perseguidos a través de la vía civil y no por extinción de dominio porque existe una condena en su contra por enriquecimiento ilícito y la Sala de lo Constitucional prohibió la doble persecusión.;doble;m;0;ADJ;amod;1;0
Tras una caída máxima registrada este miércoles el precio del bitcoin experimenta una leve estabilidad al cotizarse su precio en $16.006 luego de caer en 24 horas de $18,749 a $15,663.;miércoles;sust(m/f)/adj;0;NOUN;obl;1;1
Tras una caída máxima registrada este miércoles el precio del bitcoin experimenta una leve estabilidad al cotizarse su precio en $16.006 luego de caer en 24 horas de $18,749 a $15,663.;caer;v;0;VERB;advcl;1;1
El portal de consulta de criptomonedas coingecko.com destaca que el precio solo este miércoles bajó a -14.1%.;portal;m;0;NOUN;nsubj;1;1
El portal de consulta de criptomonedas coingecko.com destaca que el precio solo este miércoles bajó a -14.1%.;miércoles;sust(m/f)/adj;0;NOUN;nmod;1;1
"""Se espera tormentas eléctricas y lluvias con énfasis en los alrededores de la cordillera volcánica, zona centro y el occidente del país.";zona;f;0;NOUN;appos;1;1
"""Se espera tormentas eléctricas y lluvias con énfasis en los alrededores de la cordillera volcánica, zona centro y el occidente del país.";centro;m;0;NOUN;nmod;1;1
"El viento viajará con velocidades entre los 12 y 25 kilómetros por hora, siendo del noreste por la mañana y la noche, con ráfagas de viento ocasionales sobre todo acompañando a las tormentas, en horas de la tarde el viento asociado a la brisa marina será del este y sureste, con máximos de 22 kilómetros por hora"", indica el informe.";sobre;m;0;ADP;advmod;1;0
"El viento viajará con velocidades entre los 12 y 25 kilómetros por hora, siendo del noreste por la mañana y la noche, con ráfagas de viento ocasionales sobre todo acompañando a las tormentas, en horas de la tarde el viento asociado a la brisa marina será del este y sureste, con máximos de 22 kilómetros por hora"", indica el informe.";brisa;f;0;NOUN;obj;1;1
Estas lluvias serán producto del paso de una Onda Tropical sobre territorio salvadoreño.;paso;m;0;NOUN;nmod;1;1
Estas lluvias serán producto del paso de una Onda Tropical sobre territorio salvadoreño.;sobre;m;0;ADP;case;1;0
El cielo se presentará medio nublado a nublado.;medio;m;0;NOUN;advmod;1;1
Los sospechosos fueron detenidos en flagrancia la tarde del pasado miércoles en el parqueo de  una agencia bancaria, en la colonia Escalón, de San Salvador, en el momento que supuestamente intentaban sustraer dinero de un cajero automático con el uso de una tarjeta clonada.;miércoles;sust(m/f)/adj;0;NOUN;nmod;1;1
Los sospechosos fueron detenidos en flagrancia la tarde del pasado miércoles en el parqueo de  una agencia bancaria, en la colonia Escalón, de San Salvador, en el momento que supuestamente intentaban sustraer dinero de un cajero automático con el uso de una tarjeta clonada.;parqueo;m;1;NOUN;obl;1;1
Los sospechosos fueron detenidos en flagrancia la tarde del pasado miércoles en el parqueo de  una agencia bancaria, en la colonia Escalón, de San Salvador, en el momento que supuestamente intentaban sustraer dinero de un cajero automático con el uso de una tarjeta clonada.;colonia;f;1;NOUN;nmod;1;1
Durante el procedimiento policial les incautaron $680 en efectivo y 16 tarjetas falsas de crédito y debito, de diferentes bancos.;les;pron;0;PRON;obj;1;1
Durante el procedimiento policial les incautaron $680 en efectivo y 16 tarjetas falsas de crédito y debito, de diferentes bancos.;crédito;m;0;NOUN;nmod;1;1
Además, un automóvil en el que se transportaban y tres teléfonos.;tres;m;0;NUM;nummod;1;0
Las víctimas, denunciaron a los bancos que les habían sustraído dinero de sus cuentas bancarias, acto que fue alertado en la PNC.;les;pron;0;PRON;obj;1;1
Uno de los crímenes fue cometido en la comunidad El Descanso, la víctima es un menor de 16 años.;comunidad;f;0;NOUN;obl;1;1
Mientras que en la comunidad Santa Teresa fue asesinado José Amelio Cuéllar, de 38 años.;comunidad;f;0;NOUN;obl;1;1
Durante septiembre, el promedio de crímenes diarios es de siete.;siete;m;0;NUM;ROOT;1;0
La elección de magistrados sobrepasó la séptima semana sin realizarse, mientras aumentan las voces encaprichadas de fracciones legislativas que exigen sus cuotas en la Corte Suprema, un claro retroceso a la época donde ese órgano de Estado era una prolongación de la polarización política e instrumento partidario.;corte;m;0;PROPN;obl;1;1
La elección de magistrados sobrepasó la séptima semana sin realizarse, mientras aumentan las voces encaprichadas de fracciones legislativas que exigen sus cuotas en la Corte Suprema, un claro retroceso a la época donde ese órgano de Estado era una prolongación de la polarización política e instrumento partidario.;partidario;m;0;ADJ;amod;1;0
Los nuevos magistrados deben ser ejemplos de integridad, independencia, imparcialidad, valentía, honestidad y profesionalidad, tener el carácter suficiente para mostrar sus cualidades.;ser;m;0;AUX;cop;1;0
Preocupa entonces el interés de manipular esta elección para que esos requisitos se hagan de lado y se prefiera a futuros magistrados obedientes a la partidocracia y sin los méritos suficientes para ocupar tan altos cargos.;ocupar;v;0;VERB;acl;1;1
El Ministerio de Obras Públicas restringirá nuevamente el paso a la carretera al Puerto de La Libertad este jueves, por obras de ejecución del proyecto de ampliación a 4 carriles de esta carretera, en su Tramo II.;paso;m;0;NOUN;obj;1;1
La actividad se realizará en el kilómetro 25.2 de la Carretera al Puerto de la Libertad, zona de Comunidad Corinto 2.;zona;f;0;NOUN;appos;1;1
La actividad se realizará en el kilómetro 25.2 de la Carretera al Puerto de la Libertad, zona de Comunidad Corinto 2.;comunidad;f;0;PROPN;nmod;1;1
El jueves 20 de septiembre de 2018, se realizará el montaje de 4 vigas y 3 descansos en lateral derecho, por lo que se restringirá el paso de 2:00 p.m en adelante, el tráfico será trasladado al carril izquierdo, en dirección a Santa Tecla y San Salvador.;paso;m;0;NOUN;nsubj;1;1
El jueves 20 de septiembre de 2018, se realizará el montaje de 4 vigas y 3 descansos en lateral derecho, por lo que se restringirá el paso de 2:00 p.m en adelante, el tráfico será trasladado al carril izquierdo, en dirección a Santa Tecla y San Salvador.;carril;m;0;NOUN;obl;1;1
en adelante se instalará la viga principal, por lo que se interrumpirá el tráfico por unos 30 minutos.;viga;f;0;NOUN;nsubj;1;1
La Policía Nacional Civil (PNC) reportó la captura de dos jóvenes acusados de participar en el asesinato de un investigador de la División Central de Investigaciones (DCI) de la corporación policial, hecho registrado la semana pasada a bordo de un autobús de la ruta 117, en el kilómetro 13 de la carretera Troncal del Norte, en Apopa.;central;m;0;PROPN;flat;1;1
La Policía Nacional Civil (PNC) reportó la captura de dos jóvenes acusados de participar en el asesinato de un investigador de la División Central de Investigaciones (DCI) de la corporación policial, hecho registrado la semana pasada a bordo de un autobús de la ruta 117, en el kilómetro 13 de la carretera Troncal del Norte, en Apopa.;ruta;f;0;NOUN;nmod;1;1
Según las autoridades, ambos son miembros de una banda de asaltantes que operaba en la zona de la carretera Troncal del Norte y lugares aledaños.;banda;f;0;NOUN;nmod;1;1
Según las autoridades, ambos son miembros de una banda de asaltantes que operaba en la zona de la carretera Troncal del Norte y lugares aledaños.;zona;f;0;NOUN;obl;1;1
Además, uno de los delincuentes fue encontrado muerto al interior del carro, horas después del hecho, en la 41 avenida Norte, a un costado del Centro Nacional de Registro (CNR), en San Salvador.;interior;m;0;NOUN;obl;1;1
Además, uno de los delincuentes fue encontrado muerto al interior del carro, horas después del hecho, en la 41 avenida Norte, a un costado del Centro Nacional de Registro (CNR), en San Salvador.;carro;m;1;NOUN;nmod;1;1
Además, uno de los delincuentes fue encontrado muerto al interior del carro, horas después del hecho, en la 41 avenida Norte, a un costado del Centro Nacional de Registro (CNR), en San Salvador.;centro;m;0;PROPN;nmod;1;1
Además, uno de los delincuentes fue encontrado muerto al interior del carro, horas después del hecho, en la 41 avenida Norte, a un costado del Centro Nacional de Registro (CNR), en San Salvador.;registro;m;0;PROPN;flat;1;1
El alcalde de San Miguel, Miguel Pereira informó a través de su cuenta de Twitter, sobre un nuevo cierre en la carretera del Litoral en el kilómetro 140 aproximadamente, esto ante las inundaciones en la zona producto de las lluvias registradas en las últimas horas.;sobre;m;0;ADP;case;1;0
El alcalde de San Miguel, Miguel Pereira informó a través de su cuenta de Twitter, sobre un nuevo cierre en la carretera del Litoral en el kilómetro 140 aproximadamente, esto ante las inundaciones en la zona producto de las lluvias registradas en las últimas horas.;cierre;m;0;NOUN;obl;1;1
El edil detalló que la medida obedece también al crecimiento del Río Grande que ya ha sobrepaso los niveles de agua, por lo que se ha aumentado su caudal.;crecimiento;m;1;NOUN;obj;1;1
El edil detalló que la medida obedece también al crecimiento del Río Grande que ya ha sobrepaso los niveles de agua, por lo que se ha aumentado su caudal.;agua;f;0;NOUN;nmod;1;1
En la zona se iniciarán una serie de evaluaciones para poder habilitar el paso lo más pronto posible.;zona;f;0;NOUN;obl;1;1
En la zona se iniciarán una serie de evaluaciones para poder habilitar el paso lo más pronto posible.;habilitar;v;0;VERB;advcl;1;1
En la zona se iniciarán una serie de evaluaciones para poder habilitar el paso lo más pronto posible.;paso;m;0;NOUN;obj;1;1
Protección Civil emitió una nueva alerta verde para 223 municipios y mantuvo la alerta amarilla en 39, debido al nuevo pronóstico de lluvias para las siguientes 72 horas, según el Ministerio de Medio Ambiente.;medio;m;0;PROPN;flat;1;1
Las lluvias de la tormenta tropical 14 azotaron, en primera instancia, la zona oriental del país y al desplazarse, la zona occidental, inundando los municipios costeros y más vulnerables.;zona;f;0;NOUN;obj;1;1
Las lluvias de la tormenta tropical 14 azotaron, en primera instancia, la zona oriental del país y al desplazarse, la zona occidental, inundando los municipios costeros y más vulnerables.;zona;f;0;NOUN;obj;1;1
La ley actual establece el derecho del receptor a recibir medicación oportuna y permanente para el mantenimiento del órgano trasplantado, así como el derecho del donante a recibir atención, ambos con la posibilidad de hacer una homologación para recibir tratamiento en el sistema público si el trasplante se hizo en el sector privado.;receptor;m;0;NOUN;nmod;1;1
La ley actual establece el derecho del receptor a recibir medicación oportuna y permanente para el mantenimiento del órgano trasplantado, así como el derecho del donante a recibir atención, ambos con la posibilidad de hacer una homologación para recibir tratamiento en el sistema público si el trasplante se hizo en el sector privado.;recibir;v;0;VERB;acl;1;1
La ley actual establece el derecho del receptor a recibir medicación oportuna y permanente para el mantenimiento del órgano trasplantado, así como el derecho del donante a recibir atención, ambos con la posibilidad de hacer una homologación para recibir tratamiento en el sistema público si el trasplante se hizo en el sector privado.;mantenimiento;m;0;NOUN;nmod;1;1
La ley actual establece el derecho del receptor a recibir medicación oportuna y permanente para el mantenimiento del órgano trasplantado, así como el derecho del donante a recibir atención, ambos con la posibilidad de hacer una homologación para recibir tratamiento en el sistema público si el trasplante se hizo en el sector privado.;recibir;v;0;VERB;acl;1;1
La ley actual establece el derecho del receptor a recibir medicación oportuna y permanente para el mantenimiento del órgano trasplantado, así como el derecho del donante a recibir atención, ambos con la posibilidad de hacer una homologación para recibir tratamiento en el sistema público si el trasplante se hizo en el sector privado.;recibir;v;0;VERB;acl;1;1
"En cambio, el proyecto de nueva ley establece como infracción grave –con multa de hasta 150 salarios mínimos– negar el derecho de todas las personas “a recibir un trasplante cuando sea una indicación médica”; sin embargo, a diferencia de la homologación que plantea la ley actual, señala que “cuando se desarrolle en hospitales privados, el receptor, su familia o representante legal cubrirá los gastos médicos de ablación, trasplante, posterior vigilancia y seguimiento del donador”.";recibir;v;0;VERB;advcl;1;1
"En cambio, el proyecto de nueva ley establece como infracción grave –con multa de hasta 150 salarios mínimos– negar el derecho de todas las personas “a recibir un trasplante cuando sea una indicación médica”; sin embargo, a diferencia de la homologación que plantea la ley actual, señala que “cuando se desarrolle en hospitales privados, el receptor, su familia o representante legal cubrirá los gastos médicos de ablación, trasplante, posterior vigilancia y seguimiento del donador”.";receptor;m;0;NOUN;nsubj;1;1
Sostiene que los diputados se han comprometido a modificar la ley para dar “una mejor calidad de vida al paciente”.;dar;v;0;VERB;advcl;1;1
“Es importante el seguimiento, consultas médicas y sobre todo en la medicación que tenemos de por vida.;sobre;m;0;ADP;conj;1;0
El nefrólogo mexicano Raúl Borrego Gaxiola recomendó crear una base de datos genéticos para aplicar la ley de trasplante.;base;f;0;NOUN;obj;1;1
El pasado viernes en el kilómetro 31 y medio de la Carretera de Oro, jurisdicción de Soyapango, fue encontrado el cadáver de un hombre en una bolsa.;medio;m;0;NUM;conj;1;0
Un día después la Policía fue alertada sobre un cadáver envuelto en una sábana, que habían lanzado en el kilómetro 7 Carretera a Los Planes de Renderos, al sur de San Salvador.;sobre;m;0;ADP;case;1;0
El mismo sábado, pero en horas de la noche las autoridades policiales reportaron un triple homicidio en el la jurisdicción de Ciudad Delgado, se trata de dos hermanos y un primero que fueron atacados a balazos y con arma blanca.;triple;m;0;NUM;nummod;1;0
El hecho ocurrió en la lotificación Santa Laura, Calle El Cujín, del cantón Arenales, del referido municipio.;calle;f;0;PROPN;conj;1;1
"La Policía Nacional Civil reportó que los fallecidos fueron identificados como: Cristian Salazar Álvarez, de 19 años, Eric Vladimir Huezo, de 21 años, y José Daniel Salazar Álvarez, de 17 años; en el momento de la inspección realizada por Medicinal Legal les encontraron lesiones producidas con arma blanca y arma de fuego.";les;pron;0;PRON;obj;1;1
Cuando las autoridades policiales llegaron a la escena, varios testigos informaron del presunto responsable y proporcionaron el nombre y apellido, pero la Policía no proporcionó ningún detalle sobre el supuesta homicida.;sobre;m;0;ADP;case;1;0
Los tres fallecidos eran conocidos en el sector como “Los Zorros” y supuestamente formaban parte de las pandillas pero en calidad de colaboradores, por lo que las autoridades policiales no descartan que el hecho esté relacionado con la rivalidad entre las pandillas y que el móvil tenga que ver con los vínculos que supuestamente las víctimas tenían con esos grupos delictivos.;tres;m;0;NUM;nummod;1;0
Los tres fallecidos eran conocidos en el sector como “Los Zorros” y supuestamente formaban parte de las pandillas pero en calidad de colaboradores, por lo que las autoridades policiales no descartan que el hecho esté relacionado con la rivalidad entre las pandillas y que el móvil tenga que ver con los vínculos que supuestamente las víctimas tenían con esos grupos delictivos.;ver;v;0;VERB;conj;1;1
"En muchas ocasiones estas concentraciones son de 2, 5,000, 10,000, 20,000 personas y nunca han escuchado ustedes que de esas concentraciones salga casi 30 heridos y muchos menos un aproximado de 15 personas heridas de bala"", dijo Cotto a su salida de la entrevista de Noticiero Hechos.";ustedes;pron;1;PRON;obj;1;1
"En muchas ocasiones estas concentraciones son de 2, 5,000, 10,000, 20,000 personas y nunca han escuchado ustedes que de esas concentraciones salga casi 30 heridos y muchos menos un aproximado de 15 personas heridas de bala"", dijo Cotto a su salida de la entrevista de Noticiero Hechos.";bala;f;0;NOUN;nmod;1;1
"En muchas ocasiones estas concentraciones son de 2, 5,000, 10,000, 20,000 personas y nunca han escuchado ustedes que de esas concentraciones salga casi 30 heridos y muchos menos un aproximado de 15 personas heridas de bala"", dijo Cotto a su salida de la entrevista de Noticiero Hechos.";noticiero;m;0;PROPN;nmod;1;1
El titular de la institución dejó claro que se está analizando e investigando lo sucedido y dejó claro que la PNC, a través de la Unidad de Mantenimiento del Orden (UMO) y de unidades de seguridad pública, son las que tienen la capacidad para manejar situaciones como la que se registró en Santa Tecla.;mantenimiento;m;0;PROPN;flat;1;1
El titular de la institución dejó claro que se está analizando e investigando lo sucedido y dejó claro que la PNC, a través de la Unidad de Mantenimiento del Orden (UMO) y de unidades de seguridad pública, son las que tienen la capacidad para manejar situaciones como la que se registró en Santa Tecla.;orden;f;0;PROPN;flat;1;1
El titular de la institución dejó claro que se está analizando e investigando lo sucedido y dejó claro que la PNC, a través de la Unidad de Mantenimiento del Orden (UMO) y de unidades de seguridad pública, son las que tienen la capacidad para manejar situaciones como la que se registró en Santa Tecla.;manejar;v;0;VERB;acl;1;1
"""Yo pregunto, y a los Cuerpos de Agentes Metropolitanos para funciones de mantenimiento del orden quién los entrena, cuál es el equipo que tienen, cómo enfrentan estas situaciones, cuáles son los protocolos y procedimientos, no los tienen y porqué no los tienen, porque no están dentro de sus competencias y esto le podría sucede a cualquier municipalidad si pretende disponer de unidades o personas que realicen funciones de este tipo que no le corresponde"", sostuvo el director de la PNC.";mantenimiento;m;0;NOUN;nmod;1;1
"""Yo pregunto, y a los Cuerpos de Agentes Metropolitanos para funciones de mantenimiento del orden quién los entrena, cuál es el equipo que tienen, cómo enfrentan estas situaciones, cuáles son los protocolos y procedimientos, no los tienen y porqué no los tienen, porque no están dentro de sus competencias y esto le podría sucede a cualquier municipalidad si pretende disponer de unidades o personas que realicen funciones de este tipo que no le corresponde"", sostuvo el director de la PNC.";orden;f;0;NOUN;nmod;1;1
"Además, hizo un llamado a todos los alcaldes para que ""analicen muy bien las funciones que pretenden o han delegado a miembros del CAM"".";llamado;m;0;ADJ;obj;1;0
La diputada del Frente Farabundo Martí para la Liberación Nacional (FMLN), Anabel Belloso, exhortó a Atilio Montalvo, exmiembro de dicho partido, a que denuncie en las instancias correspondientes un supuesto mal manejo de fondos gestionados para la entidad política.;partido;m;0;NOUN;nmod;1;1
La diputada del Frente Farabundo Martí para la Liberación Nacional (FMLN), Anabel Belloso, exhortó a Atilio Montalvo, exmiembro de dicho partido, a que denuncie en las instancias correspondientes un supuesto mal manejo de fondos gestionados para la entidad política.;manejo;m;0;NOUN;obj;1;1
En una entrevista a Diario El Mundo, Montalvo señaló que una Comisión de Finanzas del FMLN intentó fallidamente entregar un informe a la dirigencia en la Convención Nacional del partido, en diciembre pasado, pero se han negado a conocerlo.;dirigencia;f;0;NOUN;nmod;1;1
En una entrevista a Diario El Mundo, Montalvo señaló que una Comisión de Finanzas del FMLN intentó fallidamente entregar un informe a la dirigencia en la Convención Nacional del partido, en diciembre pasado, pero se han negado a conocerlo.;partido;m;0;NOUN;flat;1;1
Montalvo indicó que al menos $1,000 millones gestionados políticamente para el FMLN habrían quedado en manos de algunos dirigentes y militantes del partido que no han rendido cuentas.;partido;m;0;NOUN;nmod;1;1
Al respecto, Belloso pidió a Montalvo que busque al Tribunal de Ética del partido político y considera que esta instancia debe investigar.;partido;m;0;NOUN;nmod;1;1
“Hay una contralaría para el caso de quienes ejercemos la función pública y poder dar seguimiento a nuestro trabajo y todo lo que tiene que ver con nuestros ingresos, tiene que agotar las instancias que dentro del partido están”, afirmó Belloso.;dar;v;0;VERB;conj;1;1
“Hay una contralaría para el caso de quienes ejercemos la función pública y poder dar seguimiento a nuestro trabajo y todo lo que tiene que ver con nuestros ingresos, tiene que agotar las instancias que dentro del partido están”, afirmó Belloso.;trabajo;m;0;NOUN;obj;1;1
“Hay una contralaría para el caso de quienes ejercemos la función pública y poder dar seguimiento a nuestro trabajo y todo lo que tiene que ver con nuestros ingresos, tiene que agotar las instancias que dentro del partido están”, afirmó Belloso.;ver;v;0;VERB;conj;1;1
“Hay una contralaría para el caso de quienes ejercemos la función pública y poder dar seguimiento a nuestro trabajo y todo lo que tiene que ver con nuestros ingresos, tiene que agotar las instancias que dentro del partido están”, afirmó Belloso.;partido;m;0;NOUN;obl;1;1
Asimismo, la legisladora del partido de izquierda también hizo el llamado a la dirigencia del FMLN a investigar esta denuncia porque se debe esclarecer a la militancia “por el bien de la entidad política”.;partido;m;0;NOUN;nmod;1;1
Asimismo, la legisladora del partido de izquierda también hizo el llamado a la dirigencia del FMLN a investigar esta denuncia porque se debe esclarecer a la militancia “por el bien de la entidad política”.;llamado;m;0;ADJ;obj;1;0
Asimismo, la legisladora del partido de izquierda también hizo el llamado a la dirigencia del FMLN a investigar esta denuncia porque se debe esclarecer a la militancia “por el bien de la entidad política”.;dirigencia;f;0;NOUN;obj;1;1
La dirigencia del FMLN no se ha pronunciado sobre los señalamientos de manejo de fondos gestionados políticamente y usados en privado por dirigentes y militantes.;dirigencia;f;0;NOUN;nsubj;1;1
La dirigencia del FMLN no se ha pronunciado sobre los señalamientos de manejo de fondos gestionados políticamente y usados en privado por dirigentes y militantes.;sobre;m;0;ADP;case;1;0
La dirigencia del FMLN no se ha pronunciado sobre los señalamientos de manejo de fondos gestionados políticamente y usados en privado por dirigentes y militantes.;manejo;m;0;NOUN;nmod;1;1
"Nelson Amílcar Rivas, alias ""Oso"", es uno de los detenidos que dejó un operativo policial realizado en las primeras horas de este 26 de diciembre en diferentes puntos de San Salvador.";oso;m;1;PROPN;appos;1;1
La Policía lo señala de ser el hombre que presuntamente aparece en un vídeo, viral en redes sociales, entregando un paquete a un agente de la PNC en la comunidad Tutunichapa, de San Salvador.;ser;m;0;AUX;cop;1;0
La Policía lo señala de ser el hombre que presuntamente aparece en un vídeo, viral en redes sociales, entregando un paquete a un agente de la PNC en la comunidad Tutunichapa, de San Salvador.;comunidad;f;0;NOUN;obl;1;1
"""La persona que aparece en el video que ha circulado en redes sociales es la detenida.";video;m;0;NOUN;obl;1;1
"El video fue verificado y por la validez del video se ha dado seguimiento"", dijo el Subcomisionado Juan Carlos Arévalo.";video;m;0;NOUN;nsubj;1;1
"El video fue verificado y por la validez del video se ha dado seguimiento"", dijo el Subcomisionado Juan Carlos Arévalo.";video;m;0;NOUN;nsubj;1;1
"El video fue verificado y por la validez del video se ha dado seguimiento"", dijo el Subcomisionado Juan Carlos Arévalo.";dado;m;0;VERB;conj;1;0
Asimismo, se indicó que los policías relacionados están bajo investigración.;bajo;m;0;ADP;case;1;0
"Al interior de la institución actuamos de manera más severa"", agregó el subcomisionado.";interior;m;0;NOUN;obl;1;1
"Al interior de la institución actuamos de manera más severa"", agregó el subcomisionado.";manera;f;0;NOUN;obl;1;1
Durante el operativo, se encontaron 6,700 gramos de marihuana, la mayoría en la comunidad Tutunichapa II.;comunidad;f;0;NOUN;nmod;1;1
El precio del bitcoin logró subir la tarde de este lunes, pero sigue sin recuperar el terreno perdido el fin de semana.;subir;v;0;VERB;xcomp;1;1
El precio del bitcoin comenzó a caer el viernes pasado desde los $43,000 que se cotizaba, pero ayer en la tarde el criptoactivo ganó un poco del terreno perdido y se cotizaba a las 6:00 p.m.;caer;v;0;VERB;xcomp;1;1
Pese a la mejora, el bitcoin seguía ayer debajo de la cota de los $40,0000 y había perdido $30,300 desde noviembre pasado cuando alcanzó su mayor cotización por arriba de los $66,300.;mayor;m;0;ADJ;amod;1;0
En la madrugada de ayer, incluso llegó a los $32,983.59, su precio más bajo desde el 22 de julio de 2021 cuando la criptomoneda rondaba los $32,298.90.;bajo;m;0;ADJ;amod;1;0
La caída del bitcoin se lleva a su paso a otras criptomonedas como ethereum que ayer tenía una pérdida del 3.6 % en las últimas 24 horas y binance coin reportaba un baja de 2.5 %, mientras que tether se cotizaban en terreno positivo en 0.3 % en el mismo período.;paso;m;0;NOUN;obl;1;1
La caída del bitcoin se lleva a su paso a otras criptomonedas como ethereum que ayer tenía una pérdida del 3.6 % en las últimas 24 horas y binance coin reportaba un baja de 2.5 %, mientras que tether se cotizaban en terreno positivo en 0.3 % en el mismo período.;positivo;adv;0;ADJ;amod;1;0
En medio de esta caída, el viernes pasado el presidente Nayib Bukele anunció que el Gobierno había comprado 410 bitcoin por una inversión cercana a los $15 millones.;medio;m;0;NOUN;fixed;1;1
El cadáver, según el informe del 911, también presentaba una lesión en la mano derecha, provocada con arma blanca.;mano;f;0;NOUN;nmod;1;1
Cambiar de ubicación las terminales de oriente y occidente, reubicar el mercado La Tiendona y construir una terminal de carga en la parte norte del Área Metropolitana de San Salvador (AMSS) son algunas de las sugerencias de la consultora Tahal en un estudio realizado en 1995.;ubicación;f;0;NOUN;obl;1;1
Cambiar de ubicación las terminales de oriente y occidente, reubicar el mercado La Tiendona y construir una terminal de carga en la parte norte del Área Metropolitana de San Salvador (AMSS) son algunas de las sugerencias de la consultora Tahal en un estudio realizado en 1995.;reubicar;v;1;VERB;advcl;1;1
Cambiar de ubicación las terminales de oriente y occidente, reubicar el mercado La Tiendona y construir una terminal de carga en la parte norte del Área Metropolitana de San Salvador (AMSS) son algunas de las sugerencias de la consultora Tahal en un estudio realizado en 1995.;terminal;m;0;NOUN;obj;1;1
Cambiar de ubicación las terminales de oriente y occidente, reubicar el mercado La Tiendona y construir una terminal de carga en la parte norte del Área Metropolitana de San Salvador (AMSS) son algunas de las sugerencias de la consultora Tahal en un estudio realizado en 1995.;carga;f;0;NOUN;nmod;1;1
Denominado Plan maestro del transporte vehicular en el Área Metropolitana de San Salvador (conocido como Plamatrans), el estudio –que inició el 6 de noviembre de 1995, duró 570 días y comprendía un plan a largo plazo con vigencia hasta 2017- identificó debilidades en la red vial del AMSS como la carencia de control de tránsito, misma que aún se mantiene en diferentes vías pese a los años.;plan;m;0;PROPN;flat;1;1
Denominado Plan maestro del transporte vehicular en el Área Metropolitana de San Salvador (conocido como Plamatrans), el estudio –que inició el 6 de noviembre de 1995, duró 570 días y comprendía un plan a largo plazo con vigencia hasta 2017- identificó debilidades en la red vial del AMSS como la carencia de control de tránsito, misma que aún se mantiene en diferentes vías pese a los años.;plan;m;0;PROPN;flat;1;1
Denominado Plan maestro del transporte vehicular en el Área Metropolitana de San Salvador (conocido como Plamatrans), el estudio –que inició el 6 de noviembre de 1995, duró 570 días y comprendía un plan a largo plazo con vigencia hasta 2017- identificó debilidades en la red vial del AMSS como la carencia de control de tránsito, misma que aún se mantiene en diferentes vías pese a los años.;tránsito;m;1;NOUN;nmod;1;1
Asimismo sugería reubicar la terminal de oriente en las cercanías de Apopa o en la parte oriente de Soyapango (donde se encuentra actualmente Plaza Amanecer), de igual forma recomendaba mover la terminal de occidente a Ciudad Merliot,  reubicar el mercado La Tiendona en la carretera Quezaltepeque- Apopa y construir una terminal de carga en la parte norte del AMSS.;reubicar;v;1;VERB;xcomp;1;1
Asimismo sugería reubicar la terminal de oriente en las cercanías de Apopa o en la parte oriente de Soyapango (donde se encuentra actualmente Plaza Amanecer), de igual forma recomendaba mover la terminal de occidente a Ciudad Merliot,  reubicar el mercado La Tiendona en la carretera Quezaltepeque- Apopa y construir una terminal de carga en la parte norte del AMSS.;terminal;m;0;NOUN;obj;1;1
Asimismo sugería reubicar la terminal de oriente en las cercanías de Apopa o en la parte oriente de Soyapango (donde se encuentra actualmente Plaza Amanecer), de igual forma recomendaba mover la terminal de occidente a Ciudad Merliot,  reubicar el mercado La Tiendona en la carretera Quezaltepeque- Apopa y construir una terminal de carga en la parte norte del AMSS.;terminal;m;0;NOUN;obj;1;1
Asimismo sugería reubicar la terminal de oriente en las cercanías de Apopa o en la parte oriente de Soyapango (donde se encuentra actualmente Plaza Amanecer), de igual forma recomendaba mover la terminal de occidente a Ciudad Merliot,  reubicar el mercado La Tiendona en la carretera Quezaltepeque- Apopa y construir una terminal de carga en la parte norte del AMSS.;reubicar;v;1;VERB;xcomp;1;1
Asimismo sugería reubicar la terminal de oriente en las cercanías de Apopa o en la parte oriente de Soyapango (donde se encuentra actualmente Plaza Amanecer), de igual forma recomendaba mover la terminal de occidente a Ciudad Merliot,  reubicar el mercado La Tiendona en la carretera Quezaltepeque- Apopa y construir una terminal de carga en la parte norte del AMSS.;terminal;m;0;NOUN;obj;1;1
Asimismo sugería reubicar la terminal de oriente en las cercanías de Apopa o en la parte oriente de Soyapango (donde se encuentra actualmente Plaza Amanecer), de igual forma recomendaba mover la terminal de occidente a Ciudad Merliot,  reubicar el mercado La Tiendona en la carretera Quezaltepeque- Apopa y construir una terminal de carga en la parte norte del AMSS.;carga;f;0;NOUN;nmod;1;1
Consideraba como “acciones principales” brindar respaldo jurídico normativo a la operación de las terminales de transporte público “para asegurar tránsito corriente, la seguridad vial y la comodidad al usuario (pasajero) y a los operadores”.;tránsito;m;1;NOUN;obj;1;1
En agosto de 2018 (23 años después) fue inaugurada la nueva terminal de oriente.;terminal;m;0;NOUN;nsubj;1;1
Actualmente los transportistas de occidente buscan un terreno para reubicar su terminal y, según Gaspar Portillo, director de Transporte, también hay una iniciativa con transportistas de la zona norte para establecer una terminal, ya que hasta el momento las rutas del norte llegan frente a las instalaciones de Fenadesal y la antigua terminal de oriente.;reubicar;v;0;VERB;advcl;1;1
Actualmente los transportistas de occidente buscan un terreno para reubicar su terminal y, según Gaspar Portillo, director de Transporte, también hay una iniciativa con transportistas de la zona norte para establecer una terminal, ya que hasta el momento las rutas del norte llegan frente a las instalaciones de Fenadesal y la antigua terminal de oriente.;terminal;m;0;NOUN;obj;1;1
Actualmente los transportistas de occidente buscan un terreno para reubicar su terminal y, según Gaspar Portillo, director de Transporte, también hay una iniciativa con transportistas de la zona norte para establecer una terminal, ya que hasta el momento las rutas del norte llegan frente a las instalaciones de Fenadesal y la antigua terminal de oriente.;zona;f;0;NOUN;nmod;1;1
Actualmente los transportistas de occidente buscan un terreno para reubicar su terminal y, según Gaspar Portillo, director de Transporte, también hay una iniciativa con transportistas de la zona norte para establecer una terminal, ya que hasta el momento las rutas del norte llegan frente a las instalaciones de Fenadesal y la antigua terminal de oriente.;terminal;m;0;NOUN;obj;1;1
Actualmente los transportistas de occidente buscan un terreno para reubicar su terminal y, según Gaspar Portillo, director de Transporte, también hay una iniciativa con transportistas de la zona norte para establecer una terminal, ya que hasta el momento las rutas del norte llegan frente a las instalaciones de Fenadesal y la antigua terminal de oriente.;terminal;m;0;NOUN;obj;1;1
Delmi Germinda Romero de Rivera, de 45 años de edad, fue asesinada la noche del domingo 17 de marzo, al interior de su vivienda ubicada en la colonia Libertad, calle al Triunfo, del municipio de Sesori, San Miguel.;interior;m;0;NOUN;obl;1;1
Delmi Germinda Romero de Rivera, de 45 años de edad, fue asesinada la noche del domingo 17 de marzo, al interior de su vivienda ubicada en la colonia Libertad, calle al Triunfo, del municipio de Sesori, San Miguel.;colonia;f;1;NOUN;obl;1;1
Delmi Germinda Romero de Rivera, de 45 años de edad, fue asesinada la noche del domingo 17 de marzo, al interior de su vivienda ubicada en la colonia Libertad, calle al Triunfo, del municipio de Sesori, San Miguel.;calle;f;0;NOUN;appos;1;1
Según testigos, la mujer se dedicaba a la venta de comida y tamales en el lugar de su residencia, donde llegaron cuatro sujetos a bordo de un pick up gris, simulando ser de una empresa eléctrica.;comida;f;0;NOUN;nmod;1;1
Según testigos, la mujer se dedicaba a la venta de comida y tamales en el lugar de su residencia, donde llegaron cuatro sujetos a bordo de un pick up gris, simulando ser de una empresa eléctrica.;ser;m;0;AUX;cop;1;0
Entraron a la vivienda manifestando que iban a realizar trabajos en el sistema eléctrico.;realizar;v;0;VERB;xcomp;1;1
Inmediatamente, uno de los sujetos sacó un arma y disparó contra la mujer, quien murió de inmediato por las múltiples lesiones producidas.;contra;f;0;ADP;case;1;0
La víctima tenía seis años de haber llegado a residir a esa zona.;zona;f;0;NOUN;obl;1;1
Un oficial de la Policía Nacional Civil de San Miguel manifestó que la víctima había vivido, antes, en Usulután y no se sabe los motivos por los que se había trasladado a residir a Sesori .;vivido;m;0;VERB;ccomp;1;0
Vecinos piensan que los asesinos ya cambiaron sus tácticas de buscar a las víctimas.;buscar;v;0;VERB;acl;1;1
En este caso, el pick up gris es en el que se transporta carga, escaleras, rollos de alambre y otros implementos que las compañías instaladoras del sistema eléctrico utilizan para realizar sus trabajos.;carga;f;0;NOUN;nsubj;1;1
En este caso, el pick up gris es en el que se transporta carga, escaleras, rollos de alambre y otros implementos que las compañías instaladoras del sistema eléctrico utilizan para realizar sus trabajos.;realizar;v;0;VERB;advcl;1;1
El Ministerio de Medio Ambiente y Recursos Naturales (MARN) informó hoy, a través de su cuenta de Twitter, que anoche murió el oso hormiguero hembra que fue rescatado el pasado 23 de marzo, tras sufrir graves quemaduras en un incendio de maleza registrado en el caserío El Salitral , cantón El Golfo, San Juan Nonualco, La Paz.;medio;m;0;PROPN;flat;1;1
El Ministerio de Medio Ambiente y Recursos Naturales (MARN) informó hoy, a través de su cuenta de Twitter, que anoche murió el oso hormiguero hembra que fue rescatado el pasado 23 de marzo, tras sufrir graves quemaduras en un incendio de maleza registrado en el caserío El Salitral , cantón El Golfo, San Juan Nonualco, La Paz.;oso;m;0;NOUN;nsubj;1;1
El Ministerio de Medio Ambiente y Recursos Naturales (MARN) informó hoy, a través de su cuenta de Twitter, que anoche murió el oso hormiguero hembra que fue rescatado el pasado 23 de marzo, tras sufrir graves quemaduras en un incendio de maleza registrado en el caserío El Salitral , cantón El Golfo, San Juan Nonualco, La Paz.;hembra;f;0;NOUN;amod;1;1
El Ministerio de Medio Ambiente y Recursos Naturales (MARN) informó hoy, a través de su cuenta de Twitter, que anoche murió el oso hormiguero hembra que fue rescatado el pasado 23 de marzo, tras sufrir graves quemaduras en un incendio de maleza registrado en el caserío El Salitral , cantón El Golfo, San Juan Nonualco, La Paz.;maleza;f;0;NOUN;nmod;1;1
La gravedad de las lesiones y el daño en sus órganos internos, producto de la inhalación de humo, fueron las causas de la muerte del animal, informó la institución.;daño;m;0;NOUN;conj;1;1
La gravedad de las lesiones y el daño en sus órganos internos, producto de la inhalación de humo, fueron las causas de la muerte del animal, informó la institución.;animal;m;0;NOUN;nmod;1;1
El MARN señaló que el personal técnico y veterinario de la institución hicieron un gran esfuerzo por atender al oso hormiguero, pero su estado crítico imposibilitó que le salvaran la vida.;atender;v;0;VERB;advcl;1;1
El MARN señaló que el personal técnico y veterinario de la institución hicieron un gran esfuerzo por atender al oso hormiguero, pero su estado crítico imposibilitó que le salvaran la vida.;oso;m;0;NOUN;obj;1;1
El animal tenía quemaduras en la mitad de su hocico, en parte de su pelaje, en una oreja, en el contorno de sus ojos y en sus plantares.;animal;m;0;NOUN;nsubj;1;1
El animal tenía quemaduras en la mitad de su hocico, en parte de su pelaje, en una oreja, en el contorno de sus ojos y en sus plantares.;oreja;f;0;NOUN;obl;1;1
Además, el mamífero perdió su garra principal, que le permitía comer o defenderse de otros depredadores, había informado la veterinaria de la clínica del MARN, Kattia Gómez.;comer;v;0;VERB;xcomp;1;1
El precio del quesillo y queso duro blando se duplicó en las últimas tres semanas, indican datos del Ministerio de Agricultura y Ganadería (MAG).;tres;m;0;NUM;nummod;1;0
Agricultura a través de su División de Estadísticas Agropecuarias realiza censos diarios sobre el precio de los granos básicos, hortalizas, frutas, alimentos agroindustriales y pecuarios que se comercializan en las principales plazas o mercados del país.;sobre;m;0;ADP;case;1;0
La libra de quesillo se colocó la semana pasada a $3, un 50 % más caro que los $2 que costaba el 22 de diciembre de 2021.;libra;f;0;NOUN;nsubj;1;1
Por su lado, la libra de queso duro blando pasó de costar $3 a $4 en el mismo período, es decir, que el valor se duplicó en tres semanas.;libra;f;0;NOUN;nsubj;1;1
Por su lado, la libra de queso duro blando pasó de costar $3 a $4 en el mismo período, es decir, que el valor se duplicó en tres semanas.;tres;m;0;NUM;nummod;1;0
Mientras tanto, la crema mantiene el precio de $3 la botella y el queso fresco a $1.50 la libra.;botella;f;0;NOUN;appos;1;1
Mientras tanto, la crema mantiene el precio de $3 la botella y el queso fresco a $1.50 la libra.;libra;f;0;NOUN;appos;1;1
Así, cuando el concentrado (alimento para las vacas), los insumos agrícolas y el combustible subieron, los costos para los ganaderos se volvieron insostenibles y varios decidieron vender sus bovinos.;concentrado;m;0;ADJ;amod;1;0
Así, cuando el concentrado (alimento para las vacas), los insumos agrícolas y el combustible subieron, los costos para los ganaderos se volvieron insostenibles y varios decidieron vender sus bovinos.;vender;v;0;VERB;xcomp;1;1
Sin embargo, las importaciones comienzan a desacelerar porque en Nicaragua los productores están optando por dejar los bovinos para el consumo de carne ante el alza en los cárnicos y además las autoridades nicaragüenses están aumentando las regulaciones para las exportaciones.;alza;f;0;NOUN;obl;1;1
“Si estas medidas están reduciendo el volumen, hay un incremento en el precio al consumidor porque se está exigiendo que el producto en realidad cumpla, no porque se le esté limitando la entrada al producto”, indicó Escobar.;volumen;m;0;NOUN;obj;1;1
“Si estas medidas están reduciendo el volumen, hay un incremento en el precio al consumidor porque se está exigiendo que el producto en realidad cumpla, no porque se le esté limitando la entrada al producto”, indicó Escobar.;entrada;f;0;NOUN;obj;1;1
La gremial advierte que aún es insostenible la producción de leche porque para 2022 se enfrentan a mayores costos por el alza en el fertilizante, usado para los cultivos de maíz y pasto para ganado.;alza;f;0;NOUN;nmod;1;1
La gremial advierte que aún es insostenible la producción de leche porque para 2022 se enfrentan a mayores costos por el alza en el fertilizante, usado para los cultivos de maíz y pasto para ganado.;ganado;m;1;NOUN;obl;1;1
La gremial reconoció que el MAG endureció el ingreso de productos lácteos que no cumplan los estándares de calidad, pero que aún hace falta implementar pruebas de adulteración de la leche porque no se cuenta con un laboratorio especializado.;implementar;v;1;VERB;csubj;1;1
Tres personas resultaron lesionadas en un accidente entre una rastra y un vehículo registrado este martes en el kilómetro 12 1/2 del bulevar Monseñor Romero.;tres;m;0;NUM;nummod;1;0
Tres personas resultaron lesionadas en un accidente entre una rastra y un vehículo registrado este martes en el kilómetro 12 1/2 del bulevar Monseñor Romero.;rastra;f;1;NOUN;obl;1;1
Tres personas resultaron lesionadas en un accidente entre una rastra y un vehículo registrado este martes en el kilómetro 12 1/2 del bulevar Monseñor Romero.;bulevar;m;0;NOUN;nmod;1;1
"Cruz Roja Salvadoreña informó que Rosa Elvira Reyes Gutiérrez, de 29 años de edad; presentaba diferentes traumas, por lo que fue trasladada a un centro asistencial.";roja;f;0;PROPN;flat;1;1
"Cruz Roja Salvadoreña informó que Rosa Elvira Reyes Gutiérrez, de 29 años de edad; presentaba diferentes traumas, por lo que fue trasladada a un centro asistencial.";centro;m;0;NOUN;obl;1;1
Mientras que en el lugar del accidente, Cruz Roja atendió a una menor de edad y a otra mujer con laceraciones en el cuello y en el pie.;roja;f;0;PROPN;flat;1;1
Mientras que en el lugar del accidente, Cruz Roja atendió a una menor de edad y a otra mujer con laceraciones en el cuello y en el pie.;pie;m;0;NOUN;conj;1;1
"La Dirección General de Patrimonio Cultural y Natural del Ministerio de Cultura comunicó que los parques arqueológicos San Andrés, Casa Blanca, Tazumal, Joya de Cerén y Cihuatán; cerrarán los días 18, 19 y 22 de abril por la Semana Santa.";casa;f;0;PROPN;appos;1;1
La entrada a estos sitios tiene un costo de $1.00 para nacionales y centroamericanos, $3.00 para turistas de otras nacionalidades, y niños menores de 12 años y adultos mayores de 60 años, no pagan entrada.;entrada;f;0;NOUN;nsubj;1;1
La entrada a estos sitios tiene un costo de $1.00 para nacionales y centroamericanos, $3.00 para turistas de otras nacionalidades, y niños menores de 12 años y adultos mayores de 60 años, no pagan entrada.;costo;m;1;NOUN;obj;1;1
La entrada a estos sitios tiene un costo de $1.00 para nacionales y centroamericanos, $3.00 para turistas de otras nacionalidades, y niños menores de 12 años y adultos mayores de 60 años, no pagan entrada.;entrada;f;0;NOUN;nsubj;1;1
El alcalde de San Salvador, Ernesto Muyshondt, aseguró ayer que durante su primer año como jefe edilicio capitalino, ha  ejecutado más de siete obras por día en todo el municipio.;año;m;0;NOUN;obl;1;1
El alcalde de San Salvador, Ernesto Muyshondt, aseguró ayer que durante su primer año como jefe edilicio capitalino, ha  ejecutado más de siete obras por día en todo el municipio.;siete;m;0;NUM;nummod;1;0
Muyshondt presentó ayer el informe de su primer año de gestión y aseguró que ha realizado “13,527 acciones en beneficio de nuestra gente y 2,800 pequeñas y grandes obras que han mejorado la vida de todos nuestros habitantes y visitantes.;año;m;0;NOUN;nmod;1;1
Muyshondt presentó ayer el informe de su primer año de gestión y aseguró que ha realizado “13,527 acciones en beneficio de nuestra gente y 2,800 pequeñas y grandes obras que han mejorado la vida de todos nuestros habitantes y visitantes.;beneficio;m;0;NOUN;nmod;1;1
Es más de una obra por día en cada distrito, y más de siete obras por día en todo el municipio”.;siete;m;0;NUM;nummod;1;0
Administrando mejor nuestros recursos desde un moderno centro de monitoreo y facilitando aún más la participación ciudadana”.;centro;m;0;NOUN;obl;1;1
El jefe municipal destacó como uno de sus principales logros el programa Canchas Para Todos.;programa;m;0;NOUN;obj;1;1
“Un programa insignia que ha sido tomado como ejemplo a replicar por autoridades municipales de otras ciudades de la región”, dijo Muyshondt.;programa;m;0;NOUN;ccomp;1;1
“Estas obras benefician especialmente a los jóvenes, sobre todo en sectores populares”, subrayó.;sobre;m;0;ADP;advmod;1;0
El edil también incluyó en su informe los cientos de jóvenes beneficiados por el programa municipal “Becas por Notas”, los programas del Centro de Formación Laboral, la Secretaría de la Mujer y la Familia, el Instituto Municipal de la Juventud, el IMDER y la Secretaría de la Cultura.;programa;m;0;NOUN;obj;1;1
El edil también incluyó en su informe los cientos de jóvenes beneficiados por el programa municipal “Becas por Notas”, los programas del Centro de Formación Laboral, la Secretaría de la Mujer y la Familia, el Instituto Municipal de la Juventud, el IMDER y la Secretaría de la Cultura.;centro;m;0;PROPN;nmod;1;1
“En los programas y cursos del Instituto Municipal de la Juventud, en un año hemos beneficiado a cerca de 10 mil jóvenes”, dijo Muyshondt.;año;m;0;NOUN;obl;1;1
Muyshondt también mencionó entre sus logros la moderna biblioteca en la Comunidad Iberia y aseguró que su gestión ha mejorado la recolección de la basura y la limpieza de la ciudad.;comunidad;f;0;PROPN;nmod;1;1
Muyshondt también mencionó entre sus logros la moderna biblioteca en la Comunidad Iberia y aseguró que su gestión ha mejorado la recolección de la basura y la limpieza de la ciudad.;limpieza;f;0;NOUN;conj;1;1
La alcaldía de Zaragoza, en el departamento de La Libertad, inició la remodelación de las instalaciones del polideportivo municipal este miércoles (10.11.2021).;miércoles;sust(m/f)/adj;0;NOUN;obl;1;1
La remodelación, según informó la comuna, tendrá un costo $30,000 provenientes de la recaudación tributaria de la municipalidad.;costo;m;0;NOUN;obj;1;1
Además, el edil reveló que el surfista Bryan Pérez, medalla de bronce en los Juegos Panamericanos de Lima 2019, será el encargado de dar clases de natación en el complejo deportivo.;lima;f;0;PROPN;nmod;1;1
Además, el edil reveló que el surfista Bryan Pérez, medalla de bronce en los Juegos Panamericanos de Lima 2019, será el encargado de dar clases de natación en el complejo deportivo.;dar;v;0;VERB;acl;1;1
El alcalde destacó que Pérez no recibirá “un solo centavo” en concepto de pago por dar las clases.;centavo;m;1;NOUN;obj;1;1
El alcalde destacó que Pérez no recibirá “un solo centavo” en concepto de pago por dar las clases.;dar;v;0;VERB;acl;1;1
La municipalidad también destacó que se espera beneficiar con la promoción del deporte a cientos de niños y jóvenes de Zaragoza con edades entre los 4 y 17 años, con miras a alejarlos de la violencia.;beneficiar;v;0;VERB;csubj;1;1
Un joven de a penas 15 años de edad fue asesinado este miércoles por sujetos desconocidos, mientras vendía pan francés sobre la 7a.;miércoles;sust(m/f)/adj;0;NOUN;obl;1;1
Un joven de a penas 15 años de edad fue asesinado este miércoles por sujetos desconocidos, mientras vendía pan francés sobre la 7a.;pan;m;0;NOUN;obj;1;1
Un joven de a penas 15 años de edad fue asesinado este miércoles por sujetos desconocidos, mientras vendía pan francés sobre la 7a.;sobre;m;0;ADP;case;1;0
calle Poniente de la colonia Castañeda, del municipio de Colón, en La Libertad.;calle;f;0;NOUN;ROOT;1;1
calle Poniente de la colonia Castañeda, del municipio de Colón, en La Libertad.;colonia;f;0;NOUN;nmod;1;1
El joven fue identificado como Ítalo Josué Granados Zúniga, quien se dedicaba a la venta de pan francés en la zona de Lourdes, Colón.;pan;m;0;NOUN;nmod;1;1
El joven fue identificado como Ítalo Josué Granados Zúniga, quien se dedicaba a la venta de pan francés en la zona de Lourdes, Colón.;zona;f;0;NOUN;obl;1;1
Además, otras dos personas resultaron heridas durante el ataque en contra del joven.;contra;f;0;NOUN;fixed;1;1
La audiencia preliminar en la que la jueza Especializada de la Mujer decidiría si envía a juicio a al youtuber José Roberto Silva Rugamas programada para este jueves, fue aplazada para el 14 de febrero del próximo año.;año;m;0;NOUN;nmod;1;1
Silva Rugamas es procesado por difundir información, expresiones de violencia y discriminación contra la mujer y difusión ilegal de información en perjuicio de la exdiputada Karina Sosa y la excandidata por el FMLN, Daniela Genovés.;contra;f;0;ADP;case;1;0
La diligencia fue suspendida porque una de las víctimas no se presentó al tribunal.;diligencia;f;0;NOUN;nsubj;1;1
Silva también afronta otro proceso judicial, por desacato, contra el exdiputado Schafick Handal, por hechos acontecidos en 5 de marzo de 2020, en la Asamblea.;contra;f;0;ADP;case;1;0
En ese sentido dijo que mientras no exista un enfoque del Gobierno en investigar y sancionar a los cometedores del delito de desaparición será un problema que no disminuirá.;sentido;m;0;NOUN;obl;1;1
Además, dijo que por parte del Estado existe la excusa del bajo presupuesto para no investigar  las desapariciones, él señala  Si la negativa por parte del Gobierno continua en investigar y tratar el tema de los desaparecidos, caería en un delito como lo es la ausencia del ejercicio de responsabilidad, añadió.;bajo;m;0;ADJ;amod;1;0
Además, dijo que por parte del Estado existe la excusa del bajo presupuesto para no investigar  las desapariciones, él señala  Si la negativa por parte del Gobierno continua en investigar y tratar el tema de los desaparecidos, caería en un delito como lo es la ausencia del ejercicio de responsabilidad, añadió.;tratar;v;0;VERB;conj;1;1
Así mismo, en relación a señalamientos de funcionarios públicos que acusan  a organizaciones como Pro- Búsqueda que obtienen beneficios en tratar temas de desapariciones, señaló que son  Además hizo un llamado a realizar  a las autoridades como la Policía Nacional Civil (PNC), la Fiscalía General de la República (FGR) a realizar su trabajo, al mismo tiempo que;tratar;v;0;VERB;acl;1;1
Así mismo, en relación a señalamientos de funcionarios públicos que acusan  a organizaciones como Pro- Búsqueda que obtienen beneficios en tratar temas de desapariciones, señaló que son  Además hizo un llamado a realizar  a las autoridades como la Policía Nacional Civil (PNC), la Fiscalía General de la República (FGR) a realizar su trabajo, al mismo tiempo que;llamado;m;0;ADJ;obj;1;0
Así mismo, en relación a señalamientos de funcionarios públicos que acusan  a organizaciones como Pro- Búsqueda que obtienen beneficios en tratar temas de desapariciones, señaló que son  Además hizo un llamado a realizar  a las autoridades como la Policía Nacional Civil (PNC), la Fiscalía General de la República (FGR) a realizar su trabajo, al mismo tiempo que;realizar;v;0;VERB;acl;1;1
Así mismo, en relación a señalamientos de funcionarios públicos que acusan  a organizaciones como Pro- Búsqueda que obtienen beneficios en tratar temas de desapariciones, señaló que son  Además hizo un llamado a realizar  a las autoridades como la Policía Nacional Civil (PNC), la Fiscalía General de la República (FGR) a realizar su trabajo, al mismo tiempo que;realizar;v;0;VERB;acl;1;1
Así mismo, en relación a señalamientos de funcionarios públicos que acusan  a organizaciones como Pro- Búsqueda que obtienen beneficios en tratar temas de desapariciones, señaló que son  Además hizo un llamado a realizar  a las autoridades como la Policía Nacional Civil (PNC), la Fiscalía General de la República (FGR) a realizar su trabajo, al mismo tiempo que;trabajo;m;0;NOUN;obj;1;1
El turismo en El Salvador ha seguido en aumento en el 2022, y los visitantes hondureños se han posicionado como los que más han crecido durante el primer semestre del año.;año;m;0;NOUN;nmod;1;1
Estados Unidos aún es el país que más aporta visitantes a El Salvador, sin embargo, la dinamización de los turistas de este país están lejos del crecimiento hondureño.;crecimiento;m;0;NOUN;obl;1;1
Durante el primer semestre, el turismo proveniente de la nación norteamericana aumentó un 46.4 % al alcanzar los 424,488 viajeros, unos 134,673 más en comparación al mismo período del año pasado.;alcanzar;v;0;VERB;advcl;1;1
Durante el primer semestre, el turismo proveniente de la nación norteamericana aumentó un 46.4 % al alcanzar los 424,488 viajeros, unos 134,673 más en comparación al mismo período del año pasado.;año;m;0;NOUN;nmod;1;1
De esta forma, el visitante extranjero es aún el principal motor del turismo en el país, pues el 85.6 % de todos los turistas no eran salvadoreños, unos 708,010 extranjeros, mientras que el restante 35.8 %, 118,664 personas, eran parte de la diáspora.;motor;m;0;NOUN;parataxis;1;1
Hasta junio del 2021, cada turista gastaba un promedio diario de $124.80 y se quedaba en el país de 13 a 14 noches, mientras que ahora gastan $165.10 al día y la estadía dura entre ocho y nueve noches.;estadía;f;1;NOUN;conj;1;1
Estados Unidos aún es el emisor turístico más importante para El Salvador, pero el turismo proveniente de Honduras fue el que más creció en el primer semestre del año.;año;m;0;NOUN;nmod;1;1
Los estudiantes señalaron que en este tiempo han recibido sus clases en línea, tal cual se ejecutó el año pasado, así como que tienen que entregar en algunas ocasiones las tareas en la institución.;línea;f;0;NOUN;fixed;1;1
Los estudiantes señalaron que en este tiempo han recibido sus clases en línea, tal cual se ejecutó el año pasado, así como que tienen que entregar en algunas ocasiones las tareas en la institución.;año;m;0;NOUN;obl;1;1
Por su parte, Simeduco destacó que han recibido reportes de seis maestros enfermos por el virus del SARS-CoV-2 en la institución, y entre tres y cinco sospechosos de la enfermedad.;tres;m;0;NUM;nummod;1;0
Por su parte, Simeduco destacó que han recibido reportes de seis maestros enfermos por el virus del SARS-CoV-2 en la institución, y entre tres y cinco sospechosos de la enfermedad.;cinco;m;0;NUM;conj;1;0
Sin embargo, y a pesar de que se comenzó cerrando algunos grados poco a poco desde hace dos semanas, se notificó al sindicato que la Unidad de Salud de San Miguelito levantó un acta para cerrar la institución, que abrirá sus puertas nuevamente hasta la próxima semana.;cerrar;v;0;VERB;acl;1;1
Simeduco llamó a los padres de familia a la concientización, pues se han dado casos en el sistema público en el que el estudiante es enviado a clases a pesar de tener un familiar contagiado por covid-19.;concientización;f;1;NOUN;obj;1;1
Simeduco llamó a los padres de familia a la concientización, pues se han dado casos en el sistema público en el que el estudiante es enviado a clases a pesar de tener un familiar contagiado por covid-19.;dado;m;0;VERB;advcl;1;0
“Por eso nosotros le pedíamos a la señora ministra que se paralizara el año escolar de forma presencial y semipresencial, porque nos está afectando, uno de los problemas que nos está afectando es que la mayoría de los estudiantes son asintomáticos”, recalcaron.;año;m;0;NOUN;obl;1;1
“Por eso nosotros le pedíamos a la señora ministra que se paralizara el año escolar de forma presencial y semipresencial, porque nos está afectando, uno de los problemas que nos está afectando es que la mayoría de los estudiantes son asintomáticos”, recalcaron.;escolar;m;0;ADJ;amod;1;0
El director del Cuerpo de Bomberos en El Salvador, Edwin Chavarría, aseguró que en unas 48 horas se publicará el informe oficial  sobre el origen del incendio en el Mercado San Miguelito, de San Salvador, que consumió más del 60 % de la infraestructura el pasado 22 de septiembre.;sobre;m;0;ADP;case;1;0
"Durante la entrevista de YSKL, el titular de Bomberos indicó que ya existen algunas hipótesis sobre cuáles fueron las causas del siniestro; pero no se divulgarán hasta tener acceso a dos fuentes más, para corroborar el origen.";sobre;m;0;ADP;mark;1;0
"En el caso del mercado San Miguelito, Chavarría aseguró que hubo algunos testimonios sobre la falta de extintores; sin embargo, constataron que sí habían, pero fueron insuficientes para controlar un incendio de esa magnitud.";sobre;m;0;ADP;case;1;0
"Indicó, además, que es necesario que existan hidrantes cerca de mercados, centros comerciales y edificios habitacionales; así como planes de emergencia.";emergencia;f;0;NOUN;nmod;1;1
Desde el incendio en San Miguelito, apuntó Chavarría, decenas de alcaldías de San Salvador y el interior del país han solicitado a Bomberos apoyo para desarrollar estos planes de emergencia.;interior;m;1;NOUN;conj;1;1
Desde el incendio en San Miguelito, apuntó Chavarría, decenas de alcaldías de San Salvador y el interior del país han solicitado a Bomberos apoyo para desarrollar estos planes de emergencia.;emergencia;f;0;NOUN;nmod;1;1
Sobrevivir al Atlántico y sus embravecidas aguas no era nada más que el inicio de las adversidades que les esperaban lejos de África, la tierra de la que fueron arrancados y obligados migrar y desde donde se constituyeron los primeros movimientos migratorios a gran escala hacia América, el joven continente donde se multiplicaron sus penas, sus deseos de libertad y sobre todo donde los obligaron a convertirse en una pieza invisible de una sociedad que apreciaba su resistencia, fuerza e inteligencia, pero que se negaban a aceptar el color de su piel.;les;pron;0;PRON;obj;1;1
Sobrevivir al Atlántico y sus embravecidas aguas no era nada más que el inicio de las adversidades que les esperaban lejos de África, la tierra de la que fueron arrancados y obligados migrar y desde donde se constituyeron los primeros movimientos migratorios a gran escala hacia América, el joven continente donde se multiplicaron sus penas, sus deseos de libertad y sobre todo donde los obligaron a convertirse en una pieza invisible de una sociedad que apreciaba su resistencia, fuerza e inteligencia, pero que se negaban a aceptar el color de su piel.;sobre;m;0;ADP;advmod;1;0
Sobrevivir al Atlántico y sus embravecidas aguas no era nada más que el inicio de las adversidades que les esperaban lejos de África, la tierra de la que fueron arrancados y obligados migrar y desde donde se constituyeron los primeros movimientos migratorios a gran escala hacia América, el joven continente donde se multiplicaron sus penas, sus deseos de libertad y sobre todo donde los obligaron a convertirse en una pieza invisible de una sociedad que apreciaba su resistencia, fuerza e inteligencia, pero que se negaban a aceptar el color de su piel.;pieza;f;0;NOUN;obj;1;1
Así los movimientos migratorios masivos antes de la firma de la independencia en 1821 era la del comercio de esclavos africanos, cuya herencia y esencia se quedó impregnada en la cotidianidad de El Salvador, que desconoce que lleva el ADN de la diversidad indígena, africana, cuya presencia fue diluida con el mestizaje que impulsaron los ibéricos asentados en este territorio.;africana;f;0;ADJ;amod;1;0
El investigador e historiador Carlos Cañas-Dinarte nos recuerda que aunque nuestra experiencia contemporánea es la de ver partir a cientos de nacionales rumbo al norte del continente, en esa época los desplazamientos eran hacia el interior del entonces territorio salvadoreño que incluía la Alcaldía Mayor de Sonsonate y la de San Salvador, y escasamente fuera de la frontera política vigente en el siglo XVII.;ver;v;0;VERB;acl;1;1
El investigador e historiador Carlos Cañas-Dinarte nos recuerda que aunque nuestra experiencia contemporánea es la de ver partir a cientos de nacionales rumbo al norte del continente, en esa época los desplazamientos eran hacia el interior del entonces territorio salvadoreño que incluía la Alcaldía Mayor de Sonsonate y la de San Salvador, y escasamente fuera de la frontera política vigente en el siglo XVII.;partir;v;0;NOUN;compound;1;0
El investigador e historiador Carlos Cañas-Dinarte nos recuerda que aunque nuestra experiencia contemporánea es la de ver partir a cientos de nacionales rumbo al norte del continente, en esa época los desplazamientos eran hacia el interior del entonces territorio salvadoreño que incluía la Alcaldía Mayor de Sonsonate y la de San Salvador, y escasamente fuera de la frontera política vigente en el siglo XVII.;interior;m;0;NOUN;obl;1;1
El investigador e historiador Carlos Cañas-Dinarte nos recuerda que aunque nuestra experiencia contemporánea es la de ver partir a cientos de nacionales rumbo al norte del continente, en esa época los desplazamientos eran hacia el interior del entonces territorio salvadoreño que incluía la Alcaldía Mayor de Sonsonate y la de San Salvador, y escasamente fuera de la frontera política vigente en el siglo XVII.;mayor;m;0;PROPN;flat;1;1
“Las provincias orientales de la Gobernación de Guatemala pobladas en forma notoria en muchos lugares por una categoría especial de ladinos salvadoreños, que en estas provincias podían tenerse de manera palmaria como mulatos o pardos”, indica en la misma publicación el historiador Pedro Antonio Escalante Arce, cuya introducción también destaca que para 1807 el intendente Antonio G?utiérrez y Ulloa describe en el censo que “había ciudades y pueblos que ofrecían un panorama de atractiva presencia africana entre su pobladores.;manera;f;0;NOUN;obl;1;1
“Las provincias orientales de la Gobernación de Guatemala pobladas en forma notoria en muchos lugares por una categoría especial de ladinos salvadoreños, que en estas provincias podían tenerse de manera palmaria como mulatos o pardos”, indica en la misma publicación el historiador Pedro Antonio Escalante Arce, cuya introducción también destaca que para 1807 el intendente Antonio G?utiérrez y Ulloa describe en el censo que “había ciudades y pueblos que ofrecían un panorama de atractiva presencia africana entre su pobladores.;africana;f;0;ADJ;amod;1;0
Tal es el caso de Sonsonate, como lo escribieron el diplomático inglés ?George Alexander Thompson, en 18?25, y el joven periodista norteamericano James Jackson Jarves, en 1838”, en los momentos más cercanos tras la independencia.;alexander;m;0;PROPN;flat;1;1
y aunque resalta el tono de su piel, muchos de ellos desconocen que nuestro territorio significó el asentamiento más grande de sus antepasados esclavizados cuya huella fue invisibilidad a través de una política racista de los europeos de “blanquear” promoviendo el mestizaje y más tarde rechazando la llegada de más afrodescendientes.;tono;m;0;NOUN;obj;1;1
“Un día, durante la escuela primaria, les expliqué a mis padres sobre la esclavitud en Estados Unidos y les pregunté sobre la esclavitud en El Salvador.;les;pron;0;PRON;obj;1;1
“Un día, durante la escuela primaria, les expliqué a mis padres sobre la esclavitud en Estados Unidos y les pregunté sobre la esclavitud en El Salvador.;sobre;m;0;ADP;case;1;0
“Un día, durante la escuela primaria, les expliqué a mis padres sobre la esclavitud en Estados Unidos y les pregunté sobre la esclavitud en El Salvador.;les;pron;0;PRON;obj;1;1
“Un día, durante la escuela primaria, les expliqué a mis padres sobre la esclavitud en Estados Unidos y les pregunté sobre la esclavitud en El Salvador.;sobre;m;0;ADP;case;1;0
Más tarde me di cuenta de que este mito se perpetuó debido a la ley de inmigración promulgada en 1933 por el dictador Maximiliano Hernández Martínez que excluía la entrada de afrodescendientes (entre otros no europeos) a El Salvador”, subraya la activista afrosalvadoreña y investigadora Danielle Parada, asidua contribuyente sobre el tema de la herencia africana en El Salvador.;entrada;f;0;NOUN;obj;1;1
Más tarde me di cuenta de que este mito se perpetuó debido a la ley de inmigración promulgada en 1933 por el dictador Maximiliano Hernández Martínez que excluía la entrada de afrodescendientes (entre otros no europeos) a El Salvador”, subraya la activista afrosalvadoreña y investigadora Danielle Parada, asidua contribuyente sobre el tema de la herencia africana en El Salvador.;sobre;m;0;ADP;case;1;0
Más tarde me di cuenta de que este mito se perpetuó debido a la ley de inmigración promulgada en 1933 por el dictador Maximiliano Hernández Martínez que excluía la entrada de afrodescendientes (entre otros no europeos) a El Salvador”, subraya la activista afrosalvadoreña y investigadora Danielle Parada, asidua contribuyente sobre el tema de la herencia africana en El Salvador.;africana;f;0;ADJ;amod;1;0
En ese momento, la población nativa americana del área se estimaba entre 116.000-130.000 personas”, apunta Williams en su investigación y señala que “una plaga en 1578 redujo aún más la población nativa, de modo que a fines del siglo XVI quizás no había más de 10,000 personas de ascendencia nativa americana sin mezclar viviendo en el país.;ascendencia;f;0;NOUN;nmod;1;1
La destrucción casi completa de las civilizaciones pipil y lenca había tenido lugar en un período de solo 75 años”.;completa;f;0;ADJ;amod;1;0
Los españoles con menos indígenas para someter y explotar, recurrieron en 1541 a pedir al Consejo de Indias el permiso para seguir trayendo africanos a servir en las labores insalubres del añil, haciendas, el ganado, escenario que compartía con los diezmados indígenas originarios.;explotar;v;0;VERB;conj;1;1
Los españoles con menos indígenas para someter y explotar, recurrieron en 1541 a pedir al Consejo de Indias el permiso para seguir trayendo africanos a servir en las labores insalubres del añil, haciendas, el ganado, escenario que compartía con los diezmados indígenas originarios.;permiso;m;0;NOUN;obj;1;1
Los españoles con menos indígenas para someter y explotar, recurrieron en 1541 a pedir al Consejo de Indias el permiso para seguir trayendo africanos a servir en las labores insalubres del añil, haciendas, el ganado, escenario que compartía con los diezmados indígenas originarios.;añil;m;1;NOUN;nmod;1;1
Los españoles con menos indígenas para someter y explotar, recurrieron en 1541 a pedir al Consejo de Indias el permiso para seguir trayendo africanos a servir en las labores insalubres del añil, haciendas, el ganado, escenario que compartía con los diezmados indígenas originarios.;ganado;m;0;NOUN;appos;1;1
“Los esclavistas en sociedades como la salvadoreña del siglo XVII pudieron ejercer un extraordinario grado de brutalidad.;grado;m;0;NOUN;obj;1;1
Pues los esclavistas siempre trataban de mostrar su poder porque así trataban a todos sus subordinados, sirvientes, deudores, prisioneros de guerra”, lo que les permitía abusar de los indígenas de los pueblos de indios, ladinos, mulatos y africanos.;les;pron;0;PRON;iobj;1;1
La semilla de libertad había germinado entre los migrantes de África y en un intento por ser pacíficos y libres dispersos en Usulután, Sonsonate, Zacatecoluca, San Vicente, Coatepeque y Jiquilisco, comenzaron ayer víctimas de conspiraciones y brutales represiones por parte de los españolizados.;ser;m;0;AUX;cop;1;0
“Los africanos recién llegados fueron muy activos en la lucha contra la esclavitud.;contra;f;0;ADP;case;1;0
Una vez superado el trauma del viaje y haber logrado construir nuevos, pero tenues lazos sociales, se arriesgaban a abandonar una vida privada en libertad”, explica Kent C.;viaje;m;0;NOUN;nmod;1;1
“La disminución de la población nativa americana también podría haber influido en una Real Ordenanza emitida en 1541 que dio permiso a los terratenientes y mineros españoles para importar esclavos africanos a El Salvador.;real;m;0;PROPN;obj;1;1
“La disminución de la población nativa americana también podría haber influido en una Real Ordenanza emitida en 1541 que dio permiso a los terratenientes y mineros españoles para importar esclavos africanos a El Salvador.;permiso;m;0;NOUN;obj;1;1
Al año siguiente, una Real Ordenanza conocida como Nuevas Leyes puso fin al trabajo forzoso de los nativos americanos en las colonias españolas.;año;m;0;NOUN;obl;1;1
Al año siguiente, una Real Ordenanza conocida como Nuevas Leyes puso fin al trabajo forzoso de los nativos americanos en las colonias españolas.;real;m;0;PROPN;nsubj;1;1
Al año siguiente, una Real Ordenanza conocida como Nuevas Leyes puso fin al trabajo forzoso de los nativos americanos en las colonias españolas.;trabajo;m;0;NOUN;obj;1;1
"Las Nuevas Leyes no entraron en vigor oficialmente en El Salvador hasta 1548 cuando el presidente de la ""Jurisdicción de Los Confines"" (que incluía a El Salvador) liberó a todos los esclavos nativos del país y recomendó que se trajeran más africanos a El Salvador para tomar el lugar de los que habían sido liberados”, detalla el estadounidense.";tomar;v;0;VERB;advcl;1;1
Durante los siguientes 65, más de 10.000 africanos fueron traídos a trabajar en las haciendas y en las minas de El Salvador.;trabajar;v;0;VERB;xcomp;1;1
Sin embargo la herencia africana, invisibilidad, ya estaba presente en la genética de la sociedad que había crecido en los tiempos de la independencia.;africana;f;0;ADJ;amod;1;0
“En el momento de la independencia (1821), la población de El Salvador tenía más del 50% de ascendencia racial mixta.;ascendencia;f;0;NOUN;nmod;1;1
La Policía Nacional Civil (PNC) detuvo este viernes a tres exmilitares acusados de haber secuestrado, torturado y a cinco personas en el cantón San Andrés, del municipio de San Miguel, al oriente del país, hace 40 años.;tres;m;0;NUM;nummod;1;0
La Policía Nacional Civil (PNC) detuvo este viernes a tres exmilitares acusados de haber secuestrado, torturado y a cinco personas en el cantón San Andrés, del municipio de San Miguel, al oriente del país, hace 40 años.;cinco;m;0;NUM;nummod;1;0
La Fiscalía General de la República (FGR) realizó un operativo de captura contra los tres sujetos en los municipios de San Miguel, Usulután y Ciudad Barrios, todos al oriente del país.;contra;f;0;ADP;case;1;0
La Fiscalía General de la República (FGR) realizó un operativo de captura contra los tres sujetos en los municipios de San Miguel, Usulután y Ciudad Barrios, todos al oriente del país.;tres;m;0;NUM;nummod;1;0
El Ministerio Público aseguró, a través de su cuenta de Twitter, que un grupo de hombres armados y vestidos con uniformes militares llegaron hasta la vivienda de sus víctimas, la noche del 7 de abril de 1981 para sacarlos en contra de su voluntad.;contra;f;0;NOUN;fixed;1;1
Sus cuerpos aparecieron días después, abandonados a la orilla de la carretera que conduce al municipio de San Alejo, en La Unión.;conduce;m;0;VERB;acl;1;0
Sus delitos, al ser crímenes de guerra y contra la humanidad, no prescriben según el Código Procesal Penal de El Salvador.;ser;m;0;AUX;cop;1;0
Sus delitos, al ser crímenes de guerra y contra la humanidad, no prescriben según el Código Procesal Penal de El Salvador.;contra;f;0;ADP;case;1;0
"Sobre estas capturas, el ministro de Justicia y Seguridad Pública Gustavo Villatoro aseguró que ""se están dando pasos importantes para terminar con la impunidad"", e hizo relación con la propuesta presentada a la Asamblea Legislativa, con la que se busca la imprescriptibilidad de los delitos de corrupción.";sobre;m;0;ADP;case;1;0
"Sobre estas capturas, el ministro de Justicia y Seguridad Pública Gustavo Villatoro aseguró que ""se están dando pasos importantes para terminar con la impunidad"", e hizo relación con la propuesta presentada a la Asamblea Legislativa, con la que se busca la imprescriptibilidad de los delitos de corrupción.";terminar;v;0;VERB;acl;1;1
El rector de la Universidad de El Salvador (UES), Roger Arias, se refirió al retorno de estudiantes de manera presencial a las diferentes sedes de dicha institución y señaló que será hasta el próximo año.;manera;f;0;NOUN;nmod;1;1
El rector de la Universidad de El Salvador (UES), Roger Arias, se refirió al retorno de estudiantes de manera presencial a las diferentes sedes de dicha institución y señaló que será hasta el próximo año.;año;m;0;NOUN;obl;1;1
"Además, manifestó que las autoridades de la UES  Sin embargo, dijo que tras la aprobación del decreto 90 que prohíbe concentraciones durante 90 días, ""vino a reorientar la planificación"", y dijo que en la UES, el proceso educativo es una aglomeración, puesto que son más de 60 mil estudiantes.";puesto;m;0;NOUN;mark;1;1
"Sostuvo que durante el ciclo 02-2021 va a a retornar ""solamente aquellas actividades que requieran prácticas de laboratorio"", cumpliendo con medidas de bioseguridad.";ciclo;m;0;NOUN;obl;1;1
"Ante la interrogante de televidentes de Frente a Frente de Telecorporación Salvadoreña sobre la capacidad de algunos docentes para desarrollar clases virtuales, Arias respondió que ""debemos recordar que la pandemia nos ha hecho transitar hacia un nuevo modelo de enseñanza-aprendizaje y que el proceso de educación debe ser un proceso de construcción social, no es lo mismo recibir clases a través de un computador de una pantalla, que recibir las clases en interacción con compañeros estudiantes y profesor mismo"", argumentó el rector.";sobre;m;0;ADP;case;1;0
"Ante la interrogante de televidentes de Frente a Frente de Telecorporación Salvadoreña sobre la capacidad de algunos docentes para desarrollar clases virtuales, Arias respondió que ""debemos recordar que la pandemia nos ha hecho transitar hacia un nuevo modelo de enseñanza-aprendizaje y que el proceso de educación debe ser un proceso de construcción social, no es lo mismo recibir clases a través de un computador de una pantalla, que recibir las clases en interacción con compañeros estudiantes y profesor mismo"", argumentó el rector.";transitar;v;0;VERB;xcomp;1;1
"Ante la interrogante de televidentes de Frente a Frente de Telecorporación Salvadoreña sobre la capacidad de algunos docentes para desarrollar clases virtuales, Arias respondió que ""debemos recordar que la pandemia nos ha hecho transitar hacia un nuevo modelo de enseñanza-aprendizaje y que el proceso de educación debe ser un proceso de construcción social, no es lo mismo recibir clases a través de un computador de una pantalla, que recibir las clases en interacción con compañeros estudiantes y profesor mismo"", argumentó el rector.";modelo;m;0;NOUN;obl;1;1
"Ante la interrogante de televidentes de Frente a Frente de Telecorporación Salvadoreña sobre la capacidad de algunos docentes para desarrollar clases virtuales, Arias respondió que ""debemos recordar que la pandemia nos ha hecho transitar hacia un nuevo modelo de enseñanza-aprendizaje y que el proceso de educación debe ser un proceso de construcción social, no es lo mismo recibir clases a través de un computador de una pantalla, que recibir las clases en interacción con compañeros estudiantes y profesor mismo"", argumentó el rector.";ser;m;0;AUX;cop;1;0
"Ante la interrogante de televidentes de Frente a Frente de Telecorporación Salvadoreña sobre la capacidad de algunos docentes para desarrollar clases virtuales, Arias respondió que ""debemos recordar que la pandemia nos ha hecho transitar hacia un nuevo modelo de enseñanza-aprendizaje y que el proceso de educación debe ser un proceso de construcción social, no es lo mismo recibir clases a través de un computador de una pantalla, que recibir las clases en interacción con compañeros estudiantes y profesor mismo"", argumentó el rector.";social;m/f;0;ADJ;amod;1;0
"Ante la interrogante de televidentes de Frente a Frente de Telecorporación Salvadoreña sobre la capacidad de algunos docentes para desarrollar clases virtuales, Arias respondió que ""debemos recordar que la pandemia nos ha hecho transitar hacia un nuevo modelo de enseñanza-aprendizaje y que el proceso de educación debe ser un proceso de construcción social, no es lo mismo recibir clases a través de un computador de una pantalla, que recibir las clases en interacción con compañeros estudiantes y profesor mismo"", argumentó el rector.";recibir;v;0;VERB;csubj;1;1
"Ante la interrogante de televidentes de Frente a Frente de Telecorporación Salvadoreña sobre la capacidad de algunos docentes para desarrollar clases virtuales, Arias respondió que ""debemos recordar que la pandemia nos ha hecho transitar hacia un nuevo modelo de enseñanza-aprendizaje y que el proceso de educación debe ser un proceso de construcción social, no es lo mismo recibir clases a través de un computador de una pantalla, que recibir las clases en interacción con compañeros estudiantes y profesor mismo"", argumentó el rector.";recibir;v;0;VERB;csubj;1;1
El Tribunal Quinto de Sentencia   para el próximo lunes, la lectura del fallo del juicio en contra de los exdirectores de Centros Penales, Nelson Rauda y Rodil Hernández, ambos acusados de los delitos de actos arbitrarios y administración fraudulenta en el caso de las tiendas institucionales.;fallo;m;0;NOUN;nmod;1;1
El Tribunal Quinto de Sentencia   para el próximo lunes, la lectura del fallo del juicio en contra de los exdirectores de Centros Penales, Nelson Rauda y Rodil Hernández, ambos acusados de los delitos de actos arbitrarios y administración fraudulenta en el caso de las tiendas institucionales.;contra;f;0;NOUN;fixed;1;1
Los jueces argumentaron el retraso para dar su fallo, que aún no han terminado de valorar la abundante prueba ofrecida tanto por Fiscalía como por abogados defensores como para arribar a un resultado.;dar;v;0;VERB;advcl;1;1
Los jueces argumentaron el retraso para dar su fallo, que aún no han terminado de valorar la abundante prueba ofrecida tanto por Fiscalía como por abogados defensores como para arribar a un resultado.;fallo;m;0;NOUN;obj;1;1
Los jueces argumentaron el retraso para dar su fallo, que aún no han terminado de valorar la abundante prueba ofrecida tanto por Fiscalía como por abogados defensores como para arribar a un resultado.;arribar;v;1;VERB;advcl;1;1
“Es importante que el Tribunal se tome el tiempo para fundamentar de buena manera la decisión que va a tomar”, afirmó el fiscal Omar Aguilar.;manera;f;0;NOUN;obl;1;1
“Es importante que el Tribunal se tome el tiempo para fundamentar de buena manera la decisión que va a tomar”, afirmó el fiscal Omar Aguilar.;tomar;v;0;VERB;acl;1;1
La defensa ha alegado en todo el juicio que en este caso, la única víctima no se presentó para mostrarse como parte ofendida y eso le reduce la fuerza a la acusación de Fiscalía.;defensa;f;0;NOUN;nsubj;1;1
Del otro lado, la expectativa de la defensa es “positiva”, afirmó Chacón, tras estimar que la defensa ha aportado todos los elementos de prueba de descargo y “consideramos que el resultado para nosotros va a demostrar las imputaciones hechas no son ciertas”.;defensa;f;0;NOUN;nmod;1;1
Del otro lado, la expectativa de la defensa es “positiva”, afirmó Chacón, tras estimar que la defensa ha aportado todos los elementos de prueba de descargo y “consideramos que el resultado para nosotros va a demostrar las imputaciones hechas no son ciertas”.;defensa;f;0;NOUN;nmod;1;1
La Fiscalía acusa a los exdirectores de haber tomado el dinero que la familia de los reos aportaban para las tiendas institucionales, para pagar servicios de inteligencia, sobresueldos, bonificaciones, otorgar préstamos al personal y otros que la Ley de las tiendas institucionales prohíbe,  Tres pericias financieras realizadas a la administración de tiendas institucionales en las dos administraciones del FMLN determinaron que se extrajeron $208 mil para fines que no eran para beneficios de tiendas institucionales y que en todo caso se debieron cubrir con el presupuesto de Centros Penales.;tres;m;0;NUM;nummod;1;0
La Fiscalía acusa a los exdirectores de haber tomado el dinero que la familia de los reos aportaban para las tiendas institucionales, para pagar servicios de inteligencia, sobresueldos, bonificaciones, otorgar préstamos al personal y otros que la Ley de las tiendas institucionales prohíbe,  Tres pericias financieras realizadas a la administración de tiendas institucionales en las dos administraciones del FMLN determinaron que se extrajeron $208 mil para fines que no eran para beneficios de tiendas institucionales y que en todo caso se debieron cubrir con el presupuesto de Centros Penales.;cubrir;v;0;VERB;conj;1;1
Las temperaturas alcanzadas en la costa y la salinidad reportada hasta este viernes, indican que estaría en desarrollo la “marea roja”, así lo informa en su más reciente boletín del Ministerio de Medio Ambiente y Recursos Naturales (MARN).;roja;f;0;ADJ;amod;1;0
Las temperaturas alcanzadas en la costa y la salinidad reportada hasta este viernes, indican que estaría en desarrollo la “marea roja”, así lo informa en su más reciente boletín del Ministerio de Medio Ambiente y Recursos Naturales (MARN).;boletín;m;0;NOUN;iobj;1;1
Las temperaturas alcanzadas en la costa y la salinidad reportada hasta este viernes, indican que estaría en desarrollo la “marea roja”, así lo informa en su más reciente boletín del Ministerio de Medio Ambiente y Recursos Naturales (MARN).;medio;m;0;PROPN;flat;1;1
La marea roja se caracteriza por la proliferación de una o distintas microalgas y que consiguen teñir las aguas de una tonalidad rojiza, pero que también despliegan toxinas que pueden llegar a ser peligrosas al contaminar moluscos y mariscos durante el desarrollo de la floración e incluso semanas después que esta marea roja termine.;roja;f;0;ADJ;amod;1;0
La marea roja se caracteriza por la proliferación de una o distintas microalgas y que consiguen teñir las aguas de una tonalidad rojiza, pero que también despliegan toxinas que pueden llegar a ser peligrosas al contaminar moluscos y mariscos durante el desarrollo de la floración e incluso semanas después que esta marea roja termine.;ser;m;0;AUX;cop;1;0
La marea roja se caracteriza por la proliferación de una o distintas microalgas y que consiguen teñir las aguas de una tonalidad rojiza, pero que también despliegan toxinas que pueden llegar a ser peligrosas al contaminar moluscos y mariscos durante el desarrollo de la floración e incluso semanas después que esta marea roja termine.;roja;f;0;ADJ;amod;1;0
Autoridades de la Fiscalía General de la República, Policía Nacional Civil y la Fuerza Armada realizan la madrugada de este miércoles un operativo que habría dejado un importante decomiso de droga, informó la Secretaría de Prensa de la Presidencia.;miércoles;sust(m/f)/adj;0;NOUN;nmod;1;1
Autoridades de la Fiscalía General de la República, Policía Nacional Civil y la Fuerza Armada realizan la madrugada de este miércoles un operativo que habría dejado un importante decomiso de droga, informó la Secretaría de Prensa de la Presidencia.;prensa;f;0;PROPN;flat;1;1
El operativo se realiza en en la playa San Marcelino, en la Costa del Sol, departamento de La Paz, y se ha incautado drogas y armas.;playa;f;0;NOUN;obl;1;1
""" Esta estructura es una banda de “tumbadores” (robo de droga) liderada por un sujeto identificado como “el Gordo”, informó la Secretaría a través de su cuenta de Twitter.";banda;f;0;NOUN;ccomp;1;1
En el lugar se encuentran los ministro de Seguridad y Defensa, Gustavo Villatoro y Francis Merino, así como el fiscal Rodolfo Delgado y el director de la PNC, Mauricio Arriaza Chicas.;defensa;f;0;PROPN;conj;1;1
Según el informe, en San Marcelino se han incautado dos camionetas, cuatro armas de grueso calibre, incluyendo un fusil M-16 y una subametralladora, droga, presuntamente cocaína, y hay cinco detenidos.;fusil;m;0;NOUN;obj;1;1
Según el informe, en San Marcelino se han incautado dos camionetas, cuatro armas de grueso calibre, incluyendo un fusil M-16 y una subametralladora, droga, presuntamente cocaína, y hay cinco detenidos.;cinco;m;0;NUM;nummod;1;0
"Etienne, señaló que el 2021 “ha sido peor que el año pasado"" en cuanto al desarrollo del covid-19: en diversos países de las Américas, las infecciones se encuentran al alza.";año;m;0;NOUN;obl;1;1
"Etienne, señaló que el 2021 “ha sido peor que el año pasado"" en cuanto al desarrollo del covid-19: en diversos países de las Américas, las infecciones se encuentran al alza.";alza;f;0;NOUN;obl;1;1
"La directora indicó que  , mientras que la mayor parte del continente registra “un incremento de infecciones"", incluyendo a países como Argentina, Uruguay, Chile, Bolivia y Colombia.";mayor;m;0;ADJ;amod;1;0
"Durante una conferencia,  En el caso de los países centroamericanos explicó que, aunque Costa Rica presenta una disminución en las infecciones; países como  La directora enfatizó que a pesar de la situación en torno a los casos y decesos en el continente americano,   respaldado por pruebas y por rastreo de contagios.";situación;f;0;NOUN;ccomp;1;1
Etienne también se refirió al avance de la vacunación en el continente, catalogando como  Específicamente en Centroamérica clasificó la situación como “aguda”, tras dos millones de personas que han sido inoculadas ante el virus “plenamente”, y;situación;f;0;NOUN;obj;1;1
El juzgado llevó a cabo de forma virtual la audiencia de imputación en contra de los cuatro agentes, tres hombres y una mujer, acusados por el feminicidio de  Según informó la Fiscalía General del Estado de Quintana Roo, el grupo de agentes destacados en la Dirección Municipal de Seguridad Pública y Tránsito de Tulum,  Pero, ¿qué implica este derecho?;cabo;m;0;NOUN;compound;1;1
El juzgado llevó a cabo de forma virtual la audiencia de imputación en contra de los cuatro agentes, tres hombres y una mujer, acusados por el feminicidio de  Según informó la Fiscalía General del Estado de Quintana Roo, el grupo de agentes destacados en la Dirección Municipal de Seguridad Pública y Tránsito de Tulum,  Pero, ¿qué implica este derecho?;contra;f;0;NOUN;fixed;1;1
El juzgado llevó a cabo de forma virtual la audiencia de imputación en contra de los cuatro agentes, tres hombres y una mujer, acusados por el feminicidio de  Según informó la Fiscalía General del Estado de Quintana Roo, el grupo de agentes destacados en la Dirección Municipal de Seguridad Pública y Tránsito de Tulum,  Pero, ¿qué implica este derecho?;tres;m;0;NUM;nummod;1;0
El juzgado llevó a cabo de forma virtual la audiencia de imputación en contra de los cuatro agentes, tres hombres y una mujer, acusados por el feminicidio de  Según informó la Fiscalía General del Estado de Quintana Roo, el grupo de agentes destacados en la Dirección Municipal de Seguridad Pública y Tránsito de Tulum,  Pero, ¿qué implica este derecho?;tránsito;m;1;PROPN;conj;1;1
, están facultados para pedir una ampliación de su detención provisional, en un proceso conocido como auto de vinculación.;auto;m;0;NOUN;obl;1;1
El pasado 28 de marzo, la Fiscalía de Quintana Roo detuvo a cinco agentes de la Policía de Tulum, de los cuales tres son agentes viales y dos municipales.;cinco;m;0;NUM;nummod;1;0
El pasado 28 de marzo, la Fiscalía de Quintana Roo detuvo a cinco agentes de la Policía de Tulum, de los cuales tres son agentes viales y dos municipales.;tres;m;0;NUM;nsubj;1;0
Aunque la fiscalía reportó la detención de cinco imputados en el caso,  Tres de los policías hombres fueron remitidos a la Cárcel Municipal de Playa del Carmen, en Quintana Roo, y la mujer a la Cárcel Municipal de Cancún.;cinco;m;0;NUM;nummod;1;0
Aunque la fiscalía reportó la detención de cinco imputados en el caso,  Tres de los policías hombres fueron remitidos a la Cárcel Municipal de Playa del Carmen, en Quintana Roo, y la mujer a la Cárcel Municipal de Cancún.;tres;m;0;NUM;nsubj;1;0
Aunque la fiscalía reportó la detención de cinco imputados en el caso,  Tres de los policías hombres fueron remitidos a la Cárcel Municipal de Playa del Carmen, en Quintana Roo, y la mujer a la Cárcel Municipal de Cancún.;playa;f;0;PROPN;flat;1;1
, según informó en conferencia de prensa Lucio Hernández, secretario de Seguridad Pública de Quintana Roo.;prensa;f;0;NOUN;nmod;1;1
Regina María Cañas Rivera, conocida como “la tía Bubu”, se sometió este viernes a un proceso abreviado por el delito de casos especiales de encubrimiento en el Juzgado Séptimo de Instrucción de San Salvador,  “Incluso dentro de los alegatos de Fiscalía se menciona que   o de cualquier lado, simplemente eso quiero aclarar”, afirmó la Tía Bubu.;quiero;m;0;VERB;advcl;1;0
Regina Cañas, quien fue la segunda esposa del expresidente de la República, Mauricio Funes, es conocida públicamente como “tía Bubu”, por un personaje que desarrolló en televisión a finales de los años 90  De acuerdo con la Fiscalía, con este contrato se buscaba dar “apariencia legal a los fondos” usados por su hijo Diego y evitar las consecuencias a nivel civil y sobre todo una investigación de carácter penal.;dar;v;0;VERB;csubj;1;1
Regina Cañas, quien fue la segunda esposa del expresidente de la República, Mauricio Funes, es conocida públicamente como “tía Bubu”, por un personaje que desarrolló en televisión a finales de los años 90  De acuerdo con la Fiscalía, con este contrato se buscaba dar “apariencia legal a los fondos” usados por su hijo Diego y evitar las consecuencias a nivel civil y sobre todo una investigación de carácter penal.;sobre;m;0;ADP;advmod;1;0
El mecanismo fue solicitado por parte de la defensa técnica del Cañas Rivera, entre ellos, los abogados Fabio Castillo, Arnau Baulenas y la procesada con miras a “someterse a un procedimiento abreviado”.;defensa;f;0;NOUN;obl;1;1
La audiencia especial que busca reducir a la tercera parte de la mínima de la pena que un tribunal ordinario le impondría finalizó al filo de la 1:00 de la tarde del viernes, sin embargo  El haberse presentado voluntariamente al juzgado que lleva el proceso judicial por casos de corrupción en el gobierno de Mauricio Funes, le valió a Cañas Rivera a no ser enviada a prisión y ha someterse al juicio abreviado y así dejar de ser “prófuga” a cumplir medidas sustitutiva a la prisión, explicó la Fiscalía.;busca;f;0;VERB;acl;1;0
La audiencia especial que busca reducir a la tercera parte de la mínima de la pena que un tribunal ordinario le impondría finalizó al filo de la 1:00 de la tarde del viernes, sin embargo  El haberse presentado voluntariamente al juzgado que lleva el proceso judicial por casos de corrupción en el gobierno de Mauricio Funes, le valió a Cañas Rivera a no ser enviada a prisión y ha someterse al juicio abreviado y así dejar de ser “prófuga” a cumplir medidas sustitutiva a la prisión, explicó la Fiscalía.;pena;f;0;NOUN;nmod;1;1
La audiencia especial que busca reducir a la tercera parte de la mínima de la pena que un tribunal ordinario le impondría finalizó al filo de la 1:00 de la tarde del viernes, sin embargo  El haberse presentado voluntariamente al juzgado que lleva el proceso judicial por casos de corrupción en el gobierno de Mauricio Funes, le valió a Cañas Rivera a no ser enviada a prisión y ha someterse al juicio abreviado y así dejar de ser “prófuga” a cumplir medidas sustitutiva a la prisión, explicó la Fiscalía.;filo;m;0;NOUN;fixed;1;1
La audiencia especial que busca reducir a la tercera parte de la mínima de la pena que un tribunal ordinario le impondría finalizó al filo de la 1:00 de la tarde del viernes, sin embargo  El haberse presentado voluntariamente al juzgado que lleva el proceso judicial por casos de corrupción en el gobierno de Mauricio Funes, le valió a Cañas Rivera a no ser enviada a prisión y ha someterse al juicio abreviado y así dejar de ser “prófuga” a cumplir medidas sustitutiva a la prisión, explicó la Fiscalía.;ser;m;0;AUX;aux;1;0
La audiencia especial que busca reducir a la tercera parte de la mínima de la pena que un tribunal ordinario le impondría finalizó al filo de la 1:00 de la tarde del viernes, sin embargo  El haberse presentado voluntariamente al juzgado que lleva el proceso judicial por casos de corrupción en el gobierno de Mauricio Funes, le valió a Cañas Rivera a no ser enviada a prisión y ha someterse al juicio abreviado y así dejar de ser “prófuga” a cumplir medidas sustitutiva a la prisión, explicó la Fiscalía.;enviada;f;0;VERB;advcl;1;0
La audiencia especial que busca reducir a la tercera parte de la mínima de la pena que un tribunal ordinario le impondría finalizó al filo de la 1:00 de la tarde del viernes, sin embargo  El haberse presentado voluntariamente al juzgado que lleva el proceso judicial por casos de corrupción en el gobierno de Mauricio Funes, le valió a Cañas Rivera a no ser enviada a prisión y ha someterse al juicio abreviado y así dejar de ser “prófuga” a cumplir medidas sustitutiva a la prisión, explicó la Fiscalía.;ser;m;0;AUX;aux;1;0
Entre los pacientes que han recibido el alta en el hospital, ubicado en el ex Centro Internacional de Ferias y Convenciones (CIFCO),  Estos hombres y mujeres forman parte de los más de 60,681 pacientes recuperados a la fecha en todo el país, según estadísticas oficiales.;centro;m;0;PROPN;obl;1;1
Aunque no se ha detallado la estadística de personas fallecidas en el Hospital El Salvador, los datos en el sitio covid19.gob.sv indican que  El sistema de salud atiende actualmente 684 casos activos de covid-19, según datos oficiales.;sitio;m;0;NOUN;nmod;1;1
Diferentes unidades de la Policía Nacional Civil (PNC) realizan desde esta madrugada un operativo en en la colonia Guayacán de Soyapango.;colonia;f;0;NOUN;nmod;1;1
Diferentes unidades de la Policía Nacional Civil (PNC) realizan desde esta madrugada un operativo en en la colonia Guayacán de Soyapango.;guayacán;m;0;PROPN;appos;1;1
"Las unidades policiales informaron que reforzaron sus actividades operativas para ""dar captura a pandilleros que tienen perfilados en la zona y para potenciar la presencia policial"".";dar;v;0;VERB;advcl;1;1
La PNC dice estar atendiendo con el operativo a denuncias anónimas recibidas en  redes sociales.;estar;v;0;AUX;aux;1;0
"Arriaza Chicas explicó que en  en el lugar hay 16 colonias en los alrededores de Guayacán que también están siendo intervenidas, ""son una zona bastante complicada, con corredores de estructuras criminales"", aseveró.";guayacán;m;0;PROPN;nmod;1;1
"Arriaza Chicas explicó que en  en el lugar hay 16 colonias en los alrededores de Guayacán que también están siendo intervenidas, ""son una zona bastante complicada, con corredores de estructuras criminales"", aseveró.";zona;f;0;NOUN;advcl;1;1
El director de la institución policial explicó que trabajar en aquellos que andan armados libremente y en los delitos de homicidio, extorsión, los robos, los hurtos y  amenazas a la población.;trabajar;v;0;VERB;ccomp;1;1
La empresa Manejo Integral de Desechos Sólidos (Mides) presentó un recurso ante la Cámara Ambiental de Segunda Instancia, de San Salvador,  que busca  El pasado viernes 19 de febrero,  Miranda aseguró que la medida cautelar, aprobada por la Cámara, no cumple con los requisitos mínimos de “justificación”, “razonabilidad” y “proporcionalidad” de las medidas, debido a que cargan con la responsabilidad ambiental a la empresa y no a la alcaldía de San Salvador.;manejo;m;0;PROPN;appos;1;1
La empresa Manejo Integral de Desechos Sólidos (Mides) presentó un recurso ante la Cámara Ambiental de Segunda Instancia, de San Salvador,  que busca  El pasado viernes 19 de febrero,  Miranda aseguró que la medida cautelar, aprobada por la Cámara, no cumple con los requisitos mínimos de “justificación”, “razonabilidad” y “proporcionalidad” de las medidas, debido a que cargan con la responsabilidad ambiental a la empresa y no a la alcaldía de San Salvador.;busca;f;0;VERB;acl;1;0
La empresa, propiedad del empresario Enrique Rais, asegura que actualmente, , y que la Cámara Ambiental solicitó a la municipalidad “tomar con seriedad”, la deuda que se le debe a la empresa para disposición legal.;tomar;v;0;VERB;xcomp;1;1
Miranda aseguró que el último pago que la comuna les dio fue en noviembre del 2020 con un monto que asciende a los $270,000.;les;pron;0;PRON;obj;1;1
El año pasado, Mides denunció que dejaba de recibir los desechos sólidos debido a falta de pago del servicio, de parte de la comuna, pero tras una medida cautelar y un abono de la alcaldía el servicio se restableció.;año;m;0;NOUN;obl;1;1
El año pasado, Mides denunció que dejaba de recibir los desechos sólidos debido a falta de pago del servicio, de parte de la comuna, pero tras una medida cautelar y un abono de la alcaldía el servicio se restableció.;recibir;v;0;VERB;xcomp;1;1
"Además de la anulación de la medida cautelar, Mides presentó otra demanda contra los magistrados de la Cámara Ambienta de Segunda Instancia Samuel Aliven Lizama y Cesia Marina Romero de Umanzor, por el supuesto delito de prevaricato, debido a que Mides los acusa de parcializar el proceso y de escuchar ""solamente” a la Dirección Municipal de Desechos Sólidos de la alcaldía de San Salvador.";contra;f;0;ADP;case;1;0
La radio será la plataforma con la que el Ministerio de Educación (Mined) buscará r  y también ante la carencia de acceso a internet.;plataforma;f;0;NOUN;ROOT;1;1
Así “Aprendamos en Casa con la Radio” será la apuesta de las autoridades de Educación para “complementar” las guías educativas y conseguir que alumnos desde primer grado hasta segundo año de bachillerato se encarrilen en su aprendizaje.;casa;f;0;PROPN;obl;1;1
Así “Aprendamos en Casa con la Radio” será la apuesta de las autoridades de Educación para “complementar” las guías educativas y conseguir que alumnos desde primer grado hasta segundo año de bachillerato se encarrilen en su aprendizaje.;grado;m;1;NOUN;nmod;1;1
Así “Aprendamos en Casa con la Radio” será la apuesta de las autoridades de Educación para “complementar” las guías educativas y conseguir que alumnos desde primer grado hasta segundo año de bachillerato se encarrilen en su aprendizaje.;año;m;0;NOUN;obl;1;1
Los programas que están dirigidos para estudiantes de primer grado a primer año de bachillerato, tendrán una duración de 13 minutos mientras que para estudiantes de segundo año de bachillerato serán de 26 minutos, detalla Hananía.;grado;m;1;NOUN;nmod;1;1
Los programas que están dirigidos para estudiantes de primer grado a primer año de bachillerato, tendrán una duración de 13 minutos mientras que para estudiantes de segundo año de bachillerato serán de 26 minutos, detalla Hananía.;año;m;0;NOUN;obl;1;1
Los programas que están dirigidos para estudiantes de primer grado a primer año de bachillerato, tendrán una duración de 13 minutos mientras que para estudiantes de segundo año de bachillerato serán de 26 minutos, detalla Hananía.;año;m;0;NOUN;obl;1;1
Hananía instó a los maestros a aprovechar estos recursos y encontrar un equilibro entre su labor y la de los estudiantes, principalmente con aquellos que no tienen acceso a conectividad.;aprovechar;v;0;VERB;xcomp;1;1
Algunos programas que estarán disponibles para los alumnos de primaria están “La Mochila”,“Juguetes de Mi Tierra”, “La Casita de Rosita”, y “Kika y sus Aventuras en el Tiempo”.;mochila;m/f;0;UNKNOWN;UNKNOWN;1;0
Algunos programas que estarán disponibles para los alumnos de primaria están “La Mochila”,“Juguetes de Mi Tierra”, “La Casita de Rosita”, y “Kika y sus Aventuras en el Tiempo”.;rosita;f;0;PROPN;flat;1;1
"Para los estudiantes de quinto grado se transmitirá “El Busito Viajero”; mientras que “El Micrófono Escolar” será para estudiantes de sexto grado.";grado;m;0;NOUN;nmod;1;1
"Para los estudiantes de quinto grado se transmitirá “El Busito Viajero”; mientras que “El Micrófono Escolar” será para estudiantes de sexto grado.";escolar;m;0;PROPN;flat;1;1
"Para los estudiantes de quinto grado se transmitirá “El Busito Viajero”; mientras que “El Micrófono Escolar” será para estudiantes de sexto grado.";grado;m;0;NOUN;nmod;1;1
Los estudiantes de séptimo grado a bachillerato se abordaran los contenidos elaborados en las guías escolares.;grado;m;1;NOUN;nmod;1;1
El Juzgado de instrucción de San Francisco Gotera, en Morazán, ordenó una inspección en el Fondo Documental de la Oficina de Tutela Legal del Arzobispado de San Salvador, para la búsqueda de información y objetos relacionados a la masacre de El Mozote, Según la resolución judicial emitida el 4 de enero del 2021, el juzgado admitió la solicitud por parte de los acusadores particulares David Morales y Wilfredo Medrano a una inspección a los archivos incluidos en el “Informe Técnico Archivístico acerca de documentos, libros, publicaciones y objetos encontrados en la zona de la masacre El Mozote y lugares aledaños”, elaborado por el Centro de Documentación y Archivo Monseñor Rivera y Damas (CDYAMRYD).;zona;f;0;NOUN;obl;1;1
El Juzgado de instrucción de San Francisco Gotera, en Morazán, ordenó una inspección en el Fondo Documental de la Oficina de Tutela Legal del Arzobispado de San Salvador, para la búsqueda de información y objetos relacionados a la masacre de El Mozote, Según la resolución judicial emitida el 4 de enero del 2021, el juzgado admitió la solicitud por parte de los acusadores particulares David Morales y Wilfredo Medrano a una inspección a los archivos incluidos en el “Informe Técnico Archivístico acerca de documentos, libros, publicaciones y objetos encontrados en la zona de la masacre El Mozote y lugares aledaños”, elaborado por el Centro de Documentación y Archivo Monseñor Rivera y Damas (CDYAMRYD).;centro;m;0;PROPN;obj;1;1
Sim embargo, el arzobispo de San Salvador, José Luis Escobar Alas el pasado fin de semana sentó posición diciendo que los archivos sobre la guerra se han clasificado y no permitirán la inspección.;sobre;m;0;ADP;case;1;0
Sim embargo, el arzobispo de San Salvador, José Luis Escobar Alas el pasado fin de semana sentó posición diciendo que los archivos sobre la guerra se han clasificado y no permitirán la inspección.;clasificado;m;0;VERB;ccomp;1;0
Entre septiembre y octubre del 2020, la Fuerza Armada de El Salvador y el Presidente de la República, Nayib Bukele, impidieron que el juez de instrucción accediera a los archivos que la institución castrense resguarda sobre la masacre.;sobre;m;0;ADP;case;1;0
Los señalados son: Según los fiscales, los imputados afectaron al Estado desviándose y quedándose con   con el aval de Mauricio Funes hubo un arreglo directo entre la empresa italiana Astaldi, que tenía a cargo la construcción de la presa, y la CEL.;aval;m;0;NOUN;obl;1;1
"El arreglo permitía tener un beneficio económico de $3.5 millones a través de empresas ""offshore"", en Panamá.";beneficio;m;0;NOUN;obj;1;1
“Si ya con el cociente electoral de 30,000 tres partidos con representación en la Asamblea no lograron en San Salvador ese escaño (por cociente) y, si participa Arena, el FMLN, van a disminuir su votación, entonces, uno puede pensar que hay una intencionalidad de favorecer al partido Nuevas Ideas”, dijo.;tres;m;0;NUM;nummod;1;0
“Si ya con el cociente electoral de 30,000 tres partidos con representación en la Asamblea no lograron en San Salvador ese escaño (por cociente) y, si participa Arena, el FMLN, van a disminuir su votación, entonces, uno puede pensar que hay una intencionalidad de favorecer al partido Nuevas Ideas”, dijo.;partido;m;0;NOUN;obj;1;1
Según Artiga, lo que puedan perder localmente por medidas como el estado de excepción pueden ganarlo exteriormente.;perder;v;0;VERB;csubj;1;1
Agregó que es más probable que Nuevas Ideas pueda subir la cantidad de diputados.;subir;v;0;VERB;csubj;1;1
Una banda integrada por cuatro hombres y una mujer fueron capturados este domingo en Ciudad Delgado y la Policía los vincula al tráfico de drogas y actividades delictivas.;banda;f;0;NOUN;nsubj;1;1
Según del reporte de la Policía Nacional Civil (PNC) entre los detenidos está Kevin Dubón, un individuo buscado por las autoridades bajo cargos de privación de libertad y robo de vehículos.;bajo;m;0;ADP;case;1;0
El resto de los arrestados han sido identificados como Diana Raquel Vásquez, Walter León, Ricardo Arévalo y Rolando Lemus.;diana;f;0;PROPN;obl;1;1
Al grupo, la PNC reporta que les incautó tres escopetas, tres revólveres, un chaleco antibalas, gorros pasamontañas y munición.;les;pron;1;PRON;obj;1;1
Al grupo, la PNC reporta que les incautó tres escopetas, tres revólveres, un chaleco antibalas, gorros pasamontañas y munición.;tres;m;0;NUM;nummod;1;0
Al grupo, la PNC reporta que les incautó tres escopetas, tres revólveres, un chaleco antibalas, gorros pasamontañas y munición.;tres;m;0;NUM;nummod;1;0
El Ministro de Hacienda, Alejandro Zelaya presentó esta tarde un aviso ante la Fiscalía General de la República contra el magistrado presidente de la Corte de Cuentas de la República, Roberto Anzora,  .;contra;f;0;ADP;case;1;0
El Ministro de Hacienda, Alejandro Zelaya presentó esta tarde un aviso ante la Fiscalía General de la República contra el magistrado presidente de la Corte de Cuentas de la República, Roberto Anzora,  .;corte;m;0;PROPN;nmod;1;1
El ministro Zelaya afirmó que el aviso a la Fiscalía contra el presidente de la Corte de Cuentas es por el delito de r  que es sancionado con una pena de  Zelaya afirmó que dio ocho días para que la Corte de Cuentas le enviara la notificación preliminar de auditoría a Hacienda pero no lo hizo.;contra;f;0;ADP;case;1;0
El ministro Zelaya afirmó que el aviso a la Fiscalía contra el presidente de la Corte de Cuentas es por el delito de r  que es sancionado con una pena de  Zelaya afirmó que dio ocho días para que la Corte de Cuentas le enviara la notificación preliminar de auditoría a Hacienda pero no lo hizo.;corte;m;0;PROPN;nmod;1;1
El ministro Zelaya afirmó que el aviso a la Fiscalía contra el presidente de la Corte de Cuentas es por el delito de r  que es sancionado con una pena de  Zelaya afirmó que dio ocho días para que la Corte de Cuentas le enviara la notificación preliminar de auditoría a Hacienda pero no lo hizo.;pena;f;0;NOUN;obl;1;1
El ministro Zelaya afirmó que el aviso a la Fiscalía contra el presidente de la Corte de Cuentas es por el delito de r  que es sancionado con una pena de  Zelaya afirmó que dio ocho días para que la Corte de Cuentas le enviara la notificación preliminar de auditoría a Hacienda pero no lo hizo.;corte;m;0;PROPN;nmod;1;1
Esas declaraciones han afectado el prestigio del Ministerio de Hacienda donde labora un equipo de profesionales que ha hecho una carrera  y no se vale que por intereses políticos se juegue con el profesionalismo de los empleados de Hacienda, aseveró.;carrera;f;0;NOUN;obj;1;1
Esas declaraciones han afectado el prestigio del Ministerio de Hacienda donde labora un equipo de profesionales que ha hecho una carrera  y no se vale que por intereses políticos se juegue con el profesionalismo de los empleados de Hacienda, aseveró.;vale;m;0;VERB;conj;1;0
Por esa razón afirmó “vamos presentar un aviso penal a la Fiscalía General de la República y  ”, manifestó Zelaya.;presentar;v;0;VERB;xcomp;1;1
Zelaya  , en ese sentido  a los auditores y “no se vale que se esté diciendo mentiras o cosas que no son reales y no se de los plazos y las comunicaciones para poder desvirtuar los hallazgos”.;sentido;m;0;NOUN;nmod;1;1
Zelaya  , en ese sentido  a los auditores y “no se vale que se esté diciendo mentiras o cosas que no son reales y no se de los plazos y las comunicaciones para poder desvirtuar los hallazgos”.;vale;m;0;VERB;conj;1;0
Además dijo que   y por ley de la Corte de Cuenta   y ¿cómo fue que supo todo lo que dijo?, también recordó a Anzora que él  es magistrado de la Cámara de Segunda Instancia, que es  , y por sus declaraciones  Cuando termina el proceso en una de las siete direcciones de auditoría de la Corte de Cuenta pasa a la Cámara de Primera Instancia donde los jueces de cuentas emiten una resolución y posteriormente, el aludido, si no está de acuerdo puede llegar a ejercer su defensa a la Cámara de Segunda Instancia compuesta por tres magistrados y él es uno de ellos.;corte;m;0;PROPN;nmod;1;1
Además dijo que   y por ley de la Corte de Cuenta   y ¿cómo fue que supo todo lo que dijo?, también recordó a Anzora que él  es magistrado de la Cámara de Segunda Instancia, que es  , y por sus declaraciones  Cuando termina el proceso en una de las siete direcciones de auditoría de la Corte de Cuenta pasa a la Cámara de Primera Instancia donde los jueces de cuentas emiten una resolución y posteriormente, el aludido, si no está de acuerdo puede llegar a ejercer su defensa a la Cámara de Segunda Instancia compuesta por tres magistrados y él es uno de ellos.;siete;m;0;NUM;nummod;1;0
Además dijo que   y por ley de la Corte de Cuenta   y ¿cómo fue que supo todo lo que dijo?, también recordó a Anzora que él  es magistrado de la Cámara de Segunda Instancia, que es  , y por sus declaraciones  Cuando termina el proceso en una de las siete direcciones de auditoría de la Corte de Cuenta pasa a la Cámara de Primera Instancia donde los jueces de cuentas emiten una resolución y posteriormente, el aludido, si no está de acuerdo puede llegar a ejercer su defensa a la Cámara de Segunda Instancia compuesta por tres magistrados y él es uno de ellos.;corte;m;0;PROPN;nmod;1;1
Además dijo que   y por ley de la Corte de Cuenta   y ¿cómo fue que supo todo lo que dijo?, también recordó a Anzora que él  es magistrado de la Cámara de Segunda Instancia, que es  , y por sus declaraciones  Cuando termina el proceso en una de las siete direcciones de auditoría de la Corte de Cuenta pasa a la Cámara de Primera Instancia donde los jueces de cuentas emiten una resolución y posteriormente, el aludido, si no está de acuerdo puede llegar a ejercer su defensa a la Cámara de Segunda Instancia compuesta por tres magistrados y él es uno de ellos.;defensa;f;0;NOUN;obj;1;1
Además dijo que   y por ley de la Corte de Cuenta   y ¿cómo fue que supo todo lo que dijo?, también recordó a Anzora que él  es magistrado de la Cámara de Segunda Instancia, que es  , y por sus declaraciones  Cuando termina el proceso en una de las siete direcciones de auditoría de la Corte de Cuenta pasa a la Cámara de Primera Instancia donde los jueces de cuentas emiten una resolución y posteriormente, el aludido, si no está de acuerdo puede llegar a ejercer su defensa a la Cámara de Segunda Instancia compuesta por tres magistrados y él es uno de ellos.;tres;m;0;NUM;nummod;1;0
La Policía Nacional Civil (PNC),  La víctima fue identificada por las autoridades como Hugo Alexis Hernández, de 24 años de edad, quien, según dijeron, era residente de la zona.;zona;f;0;NOUN;nmod;1;1
Hasta el momento la Policía no reporta capturas sobre el hecho.;sobre;m;0;ADP;case;1;0
La depresión tropical Eta podría fortalecerse nuevamente a Tormenta Tropical cuando toque aguas del Mar Caribe y  , según el Ministerio de Medio Ambiente y Recursos Naturales (MARN).;depresión;f;1;NOUN;nsubj;1;1
La depresión tropical Eta podría fortalecerse nuevamente a Tormenta Tropical cuando toque aguas del Mar Caribe y  , según el Ministerio de Medio Ambiente y Recursos Naturales (MARN).;toque;m;0;VERB;advcl;1;0
La depresión tropical Eta podría fortalecerse nuevamente a Tormenta Tropical cuando toque aguas del Mar Caribe y  , según el Ministerio de Medio Ambiente y Recursos Naturales (MARN).;medio;m;0;PROPN;flat;1;1
El ministro de Medio Ambiente y Recursos Naturales, Fernando López, informó que además de cielos nublados, lluvias y chubascos para hoy viernes,  .;medio;m;0;PROPN;nmod;1;1
Según el Centro Nacional de Huracanes de Miami, la depresión tropical Eta mantiene  .;centro;m;0;PROPN;obl;1;1
Según el Centro Nacional de Huracanes de Miami, la depresión tropical Eta mantiene  .;depresión;f;1;NOUN;nsubj;1;1
Se espera que el centro de Eta se mueva sobre el noroeste del Mar Caribe hoy y que se acerque a las Islas Cayman el sábado y cerca de Cuba el sábado en la noche y domingo.;centro;m;0;NOUN;nsubj;1;1
Se espera que el centro de Eta se mueva sobre el noroeste del Mar Caribe hoy y que se acerque a las Islas Cayman el sábado y cerca de Cuba el sábado en la noche y domingo.;sobre;m;0;ADP;case;1;0
También alerta sobre anegamientos de terreno y vías de comunicación.;sobre;m;0;ADP;case;1;0
De momento, la pesca artesanal está restringida mientras dure al emergencia por Eta, que , desde el lunes en la noche.;emergencia;f;0;NOUN;obl;1;1
Especial atención en el kilómetro 140 de la carretera El Litoral, comunidades entre Santa Fidelia y El Brazo, Capitán Lazo, El Icaco, El Limón, sector de colonia Jardines del Río, caserío El Atamis y El Picudo.;brazo;m;1;PROPN;conj;1;1
Especial atención en el kilómetro 140 de la carretera El Litoral, comunidades entre Santa Fidelia y El Brazo, Capitán Lazo, El Icaco, El Limón, sector de colonia Jardines del Río, caserío El Atamis y El Picudo.;icaco;m;0;PROPN;conj;1;1
Especial atención en el kilómetro 140 de la carretera El Litoral, comunidades entre Santa Fidelia y El Brazo, Capitán Lazo, El Icaco, El Limón, sector de colonia Jardines del Río, caserío El Atamis y El Picudo.;colonia;f;0;NOUN;nmod;1;1
Probabilidad moderada de desbordamiento en la zona baja de la cuenca.;zona;f;0;NOUN;nmod;1;1
Atención especial, en la zona de Barrancones, Candelaria de la Rompisión y Piedras Blancas.;zona;f;0;NOUN;nmod;1;1
Además, los magistrados ordenaron al Ministro de la Defensa Nacional y al Director de la Policía Nacional Civil   Esta orden será extensiva a los cuerpos militares y policiales de El Salvador.;defensa;f;0;PROPN;flat;1;1
Además, los magistrados ordenaron al Ministro de la Defensa Nacional y al Director de la Policía Nacional Civil   Esta orden será extensiva a los cuerpos militares y policiales de El Salvador.;orden;f;0;NOUN;nsubj;1;1
La Sala declaró   para obtener una autorización para suscribir un préstamo que financiaría la fase III del Plan de Control Territorial del Ejecutivo.;plan;m;0;PROPN;nmod;1;1
"Los magistrados dan tres razones para declarar inconstitucional esa convocatoria: ""Dicha convocatoria extraordinaria no puede ser utilizada para someter a la Asamblea Legislativa a la voluntad del Presidente de la República o cualquier otro funcionario del Órgano Ejecutivo.";tres;m;0;NUM;nummod;1;0
"Los magistrados dan tres razones para declarar inconstitucional esa convocatoria: ""Dicha convocatoria extraordinaria no puede ser utilizada para someter a la Asamblea Legislativa a la voluntad del Presidente de la República o cualquier otro funcionario del Órgano Ejecutivo.";ser;m;0;AUX;aux;1;0
5° y 148 Cn., pues el acuerdo de convocatoria incide en las competencias de la Asamblea Legislativa, ya que la única obligación que tiene dicho órgano fundamental frente a una convocatoria extraordinaria realizada en debida forma es la de atenderla y sesionar, no la de adoptar una decisión en específico en uno u otro sentido.;sesionar;v;1;VERB;conj;1;1
5° y 148 Cn., pues el acuerdo de convocatoria incide en las competencias de la Asamblea Legislativa, ya que la única obligación que tiene dicho órgano fundamental frente a una convocatoria extraordinaria realizada en debida forma es la de atenderla y sesionar, no la de adoptar una decisión en específico en uno u otro sentido.;sentido;m;0;NOUN;conj;1;1
"Los magistrados además, advierten al Ministro de la Defensa y al director de la Policía nacional Civil que  El uso desnaturalizado de ambas instituciones es plenamente violatorio de la Constitución, a la vez que es delictivo para todos los que participen en dichas actividades en cualquier orden y nivel, inclusive la aquiescencia"".";defensa;f;1;PROPN;flat;1;1
"Los magistrados además, advierten al Ministro de la Defensa y al director de la Policía nacional Civil que  El uso desnaturalizado de ambas instituciones es plenamente violatorio de la Constitución, a la vez que es delictivo para todos los que participen en dichas actividades en cualquier orden y nivel, inclusive la aquiescencia"".";orden;f;0;NOUN;obl;1;1
"Aunque la sentencia es firmada por los cinco magistrados de la Sala  Cáder Camilot presentó un voto ""parcialmente en contra"".";cinco;m;0;NUM;nummod;1;0
"Aunque la sentencia es firmada por los cinco magistrados de la Sala  Cáder Camilot presentó un voto ""parcialmente en contra"".";contra;f;0;NOUN;fixed;1;1
"En ese voto, Cáder argumenta que ""En mi opinión, cualquier decisión sobre si debe atenderse o no una convocatoria como la que fue objeto de este proceso, así como el examen de fondo que ello requiera en caso de ser admitida, debe ser adoptada por el pleno en la sesión extraordinaria a la que fue convocada, pues solo de esa forma se garantiza la observancia de los principios que rigen la labor legislativa, entre estos, el de seguridad jurídica, democracia, pluralismo, contradicción y libre debate, siendo este el motivo por el cual me separo del razonamiento efectuado por mis compañeros de sala en este punto"", sostiene Cáder.";sobre;m;0;ADP;mark;1;0
"En ese voto, Cáder argumenta que ""En mi opinión, cualquier decisión sobre si debe atenderse o no una convocatoria como la que fue objeto de este proceso, así como el examen de fondo que ello requiera en caso de ser admitida, debe ser adoptada por el pleno en la sesión extraordinaria a la que fue convocada, pues solo de esa forma se garantiza la observancia de los principios que rigen la labor legislativa, entre estos, el de seguridad jurídica, democracia, pluralismo, contradicción y libre debate, siendo este el motivo por el cual me separo del razonamiento efectuado por mis compañeros de sala en este punto"", sostiene Cáder.";ser;m;0;AUX;aux;1;0
"En ese voto, Cáder argumenta que ""En mi opinión, cualquier decisión sobre si debe atenderse o no una convocatoria como la que fue objeto de este proceso, así como el examen de fondo que ello requiera en caso de ser admitida, debe ser adoptada por el pleno en la sesión extraordinaria a la que fue convocada, pues solo de esa forma se garantiza la observancia de los principios que rigen la labor legislativa, entre estos, el de seguridad jurídica, democracia, pluralismo, contradicción y libre debate, siendo este el motivo por el cual me separo del razonamiento efectuado por mis compañeros de sala en este punto"", sostiene Cáder.";ser;m;0;AUX;aux;1;0
"En ese voto, Cáder argumenta que ""En mi opinión, cualquier decisión sobre si debe atenderse o no una convocatoria como la que fue objeto de este proceso, así como el examen de fondo que ello requiera en caso de ser admitida, debe ser adoptada por el pleno en la sesión extraordinaria a la que fue convocada, pues solo de esa forma se garantiza la observancia de los principios que rigen la labor legislativa, entre estos, el de seguridad jurídica, democracia, pluralismo, contradicción y libre debate, siendo este el motivo por el cual me separo del razonamiento efectuado por mis compañeros de sala en este punto"", sostiene Cáder.";punto;m;0;NOUN;obl;1;1
En el Juzgado Tercero de Paz de Soyapango fue acusado ayer, Santos Florentín Serrano Magarín, de 47 años, empleado del Cuerpo de Agentes Municipales (CAM) de Soyapango a quien la Fiscalía General de la República le atribuye el delito de homicidio tentado en perjuicio de tres personas.;serrano;m;0;PROPN;flat;1;1
En el Juzgado Tercero de Paz de Soyapango fue acusado ayer, Santos Florentín Serrano Magarín, de 47 años, empleado del Cuerpo de Agentes Municipales (CAM) de Soyapango a quien la Fiscalía General de la República le atribuye el delito de homicidio tentado en perjuicio de tres personas.;tres;m;0;NUM;nummod;1;0
Al presentar la solicitud del proceso penal, la representación fiscal pidió que se le ordene prisión por ser un delito grave y por existir suficientes indicios sobre la participación que supuestamente tuvo en la agresión contra tres empleados de la alcaldía de esa localidad.;presentar;v;0;VERB;advcl;1;1
Al presentar la solicitud del proceso penal, la representación fiscal pidió que se le ordene prisión por ser un delito grave y por existir suficientes indicios sobre la participación que supuestamente tuvo en la agresión contra tres empleados de la alcaldía de esa localidad.;ser;m;0;AUX;cop;1;0
Al presentar la solicitud del proceso penal, la representación fiscal pidió que se le ordene prisión por ser un delito grave y por existir suficientes indicios sobre la participación que supuestamente tuvo en la agresión contra tres empleados de la alcaldía de esa localidad.;sobre;m;0;ADP;case;1;0
Al presentar la solicitud del proceso penal, la representación fiscal pidió que se le ordene prisión por ser un delito grave y por existir suficientes indicios sobre la participación que supuestamente tuvo en la agresión contra tres empleados de la alcaldía de esa localidad.;contra;f;0;ADP;case;1;0
Al presentar la solicitud del proceso penal, la representación fiscal pidió que se le ordene prisión por ser un delito grave y por existir suficientes indicios sobre la participación que supuestamente tuvo en la agresión contra tres empleados de la alcaldía de esa localidad.;tres;m;0;NUM;nummod;1;0
Los hechos ocurrieron  la madrugada del pasado 31 de agosto frente a la comuna de ese municipio, cuando las tres víctimas participan de una protesta  impulsada por la Asociación de Trabajadores Municipales (Astram) y el Sindicato de Trabajadores de Soyapango (Sitrasoya), en rechazo a lo que ellos llaman una privatización de los servicios de desechos sólidos que supuestamente tiene en marcha esa alcaldía.;tres;m;0;NUM;nummod;1;0
Los sindicalistas denunciaron que ellos tenían una protesta pacífica, pero de repente el ambiente se tornó tenso y se comenzaron a generar disturbios en los que hubo disparos de arma de fuego que impactaron en los tres empleados.;tres;m;0;NUM;nummod;1;0
Los disturbios quedaron registrados en un video que fue puesto a la orden de la Fiscalía.;video;m;0;NOUN;obl;1;1
Los disturbios quedaron registrados en un video que fue puesto a la orden de la Fiscalía.;puesto;m;0;VERB;acl;1;0
Los disturbios quedaron registrados en un video que fue puesto a la orden de la Fiscalía.;orden;f;0;NOUN;obj;1;1
“Eso para evitar aglomeraciones y guardar la seguridad de la gente tanto de vendedores como de los que visitan los parques o llegan a comprar”,  dijo ayer el edil capitalino, Ernesto Muyshondt.;guardar;v;0;VERB;conj;1;1
Agregó que todos los vendedores tienen que tener permisos de la alcaldía y deberán estar en los lugares que la alcaldía junto al colectivo de vendedores establezcan.;estar;v;0;VERB;conj;1;1
El alcalde señaló que todos los parques y plazas están cerrados a la población, por el momento, y que anunciarán una calendarización desde el concejo municipal, mismo que someterá a votación la propuesta de prohibir las ventas ambulantes en los lugares de esparcimiento.;calendarización;f;1;NOUN;obj;1;1
El lunes hubo una presencia tímida de capitalinos en las plazas del centro, sin embargo, el día dos de la reapertura fueron abarrotadas.;centro;m;0;NOUN;nmod;1;1
"Las personas que buscaban permanecer en las bancas de los parques fueron retiradas por elementos del Cuerpo de Agentes Metropolitanos (CAM) y ayer, las plazas volvieron a tener cinta amarilla, para evitar el paso; además eran resguardadas por oficiales de la Fuerza Armada.";cinta;f;0;NOUN;obj;1;1
"Las personas que buscaban permanecer en las bancas de los parques fueron retiradas por elementos del Cuerpo de Agentes Metropolitanos (CAM) y ayer, las plazas volvieron a tener cinta amarilla, para evitar el paso; además eran resguardadas por oficiales de la Fuerza Armada.";paso;m;0;NOUN;obj;1;1
"Diario El Mundo constató que la cinta amarilla que evitaba el paso en las Fuentes Bethoveen, en la colonia Escalón, había sido cortada; ayer en la tarde unas parejas estaban en el lugar, que pronto huyeron de la lluvia.";cinta;f;0;NOUN;nsubj;1;1
"Diario El Mundo constató que la cinta amarilla que evitaba el paso en las Fuentes Bethoveen, en la colonia Escalón, había sido cortada; ayer en la tarde unas parejas estaban en el lugar, que pronto huyeron de la lluvia.";paso;m;1;NOUN;obj;1;1
"Diario El Mundo constató que la cinta amarilla que evitaba el paso en las Fuentes Bethoveen, en la colonia Escalón, había sido cortada; ayer en la tarde unas parejas estaban en el lugar, que pronto huyeron de la lluvia.";colonia;f;0;NOUN;nmod;1;1
"Diario El Mundo constató que la cinta amarilla que evitaba el paso en las Fuentes Bethoveen, en la colonia Escalón, había sido cortada; ayer en la tarde unas parejas estaban en el lugar, que pronto huyeron de la lluvia.";cortada;f;0;VERB;ccomp;1;0
Ayer, el alcalde Muyshondt dijo que mientras siguen cerradas las plazas harán adecuaciones como colocación de lavamanos móviles y dispensadores de alcohol gel, que estarán disponibles a las personas, cuando los lugares de esparcimiento vuelvan a abrirse.;lavamanos;m;1;NOUN;nmod;1;1
el boleto anticipado a octavos de final del Mundial de Catar-2022, mientras que la 'Celeste' se complica el pase a los cruces.;boleto;m;0;NOUN;ROOT;1;1
el boleto anticipado a octavos de final del Mundial de Catar-2022, mientras que la 'Celeste' se complica el pase a los cruces.;mundial;m;0;PROPN;nmod;1;1
el boleto anticipado a octavos de final del Mundial de Catar-2022, mientras que la 'Celeste' se complica el pase a los cruces.;pase;m;0;NOUN;nsubj;1;1
El volante del Manchester United abrió la cuenta de manera fortuita a los 54 minutos, cuando buscó con un centro a Cristiano Ronaldo, que saltó a cabecear pero no tocó el balón y con ese movimiento desconcertó a un lento portero celeste Sergio Rochet.;volante;m;0;NOUN;nsubj;1;1
El volante del Manchester United abrió la cuenta de manera fortuita a los 54 minutos, cuando buscó con un centro a Cristiano Ronaldo, que saltó a cabecear pero no tocó el balón y con ese movimiento desconcertó a un lento portero celeste Sergio Rochet.;manera;f;0;NOUN;obl;1;1
El volante del Manchester United abrió la cuenta de manera fortuita a los 54 minutos, cuando buscó con un centro a Cristiano Ronaldo, que saltó a cabecear pero no tocó el balón y con ese movimiento desconcertó a un lento portero celeste Sergio Rochet.;centro;m;0;NOUN;obl;1;1
El volante del Manchester United abrió la cuenta de manera fortuita a los 54 minutos, cuando buscó con un centro a Cristiano Ronaldo, que saltó a cabecear pero no tocó el balón y con ese movimiento desconcertó a un lento portero celeste Sergio Rochet.;cabecear;v;0;VERB;xcomp;1;1
El volante del Manchester United abrió la cuenta de manera fortuita a los 54 minutos, cuando buscó con un centro a Cristiano Ronaldo, que saltó a cabecear pero no tocó el balón y con ese movimiento desconcertó a un lento portero celeste Sergio Rochet.;balón;m;0;NOUN;obj;1;1
A los 90+3, con un penal señalado por el VAR por mano de Josema Giménez, Bruno Fernandes liquidó el partido, que se jugó en el estadio Lusail de Doha ante 88.668 espectadores, por la segunda fecha del Grupo H.;mano;f;0;NOUN;obl;1;1
A los 90+3, con un penal señalado por el VAR por mano de Josema Giménez, Bruno Fernandes liquidó el partido, que se jugó en el estadio Lusail de Doha ante 88.668 espectadores, por la segunda fecha del Grupo H.;partido;m;0;NOUN;obj;1;1
De esta manera Portugal llegó a seis puntos y se unió a Francia y Brasil en octavos de final, mientras que Uruguay quedó sumamente comprometido con una sola unidad.;manera;f;0;NOUN;obl;1;1
Más temprano, Ghana venció a Corea del Sur por 3-2 y trepó al segundo lugar, con tres puntos.;tres;m;0;NUM;nummod;1;0
Ghana enfrentará a Uruguay el viernes en el cierre de la fase de grupos en el escenario ideal para tomarse venganza de la recordada  A los africanos les bastará con un empate, mientras que la Celeste solo le sirve la victoria y esperar que Corea del Sur no gane a la 'Seleçao' y, si lo hace, por qué diferencia de goles, ya que los asiáticos tienen -1 y los sudamericanos -2.;cierre;m;0;NOUN;obl;1;1
Ghana enfrentará a Uruguay el viernes en el cierre de la fase de grupos en el escenario ideal para tomarse venganza de la recordada  A los africanos les bastará con un empate, mientras que la Celeste solo le sirve la victoria y esperar que Corea del Sur no gane a la 'Seleçao' y, si lo hace, por qué diferencia de goles, ya que los asiáticos tienen -1 y los sudamericanos -2.;les;pron;0;PRON;obj;1;1
Ghana enfrentará a Uruguay el viernes en el cierre de la fase de grupos en el escenario ideal para tomarse venganza de la recordada  A los africanos les bastará con un empate, mientras que la Celeste solo le sirve la victoria y esperar que Corea del Sur no gane a la 'Seleçao' y, si lo hace, por qué diferencia de goles, ya que los asiáticos tienen -1 y los sudamericanos -2.;empate;m;0;NOUN;obl;1;1
El once europeo se fue adueñando de a poco del balón, con un William Carvalho imperial en mitad del campo.;balón;m;0;NOUN;nmod;1;1
El volante central de 30 años, nacido en Luanda (Angola), y que juega en el Betis, recuperaba los tibios intentos de la Celeste por progresar y absorbió a Fede Valverde.;volante;m;0;NOUN;nsubj;1;1
El volante central de 30 años, nacido en Luanda (Angola), y que juega en el Betis, recuperaba los tibios intentos de la Celeste por progresar y absorbió a Fede Valverde.;central;m;0;ADJ;amod;1;0
Portugal tenía el balón, lo movía de un lado al otro en mitad del campo pero no pisaba el área charrúa.;balón;m;0;NOUN;obj;1;1
Esta llegó a los 32, cuando Rodrigo Bentancur tomó un balón en su campo, salió despedido hacia el área lusa, dejó a dos rivales por el camino en la media luna y el portero Diogo Costa le achicó y le tapó el remate.;balón;m;0;NOUN;obj;1;1
Esta llegó a los 32, cuando Rodrigo Bentancur tomó un balón en su campo, salió despedido hacia el área lusa, dejó a dos rivales por el camino en la media luna y el portero Diogo Costa le achicó y le tapó el remate.;media;f;0;NUM;nummod;1;0
Esta llegó a los 32, cuando Rodrigo Bentancur tomó un balón en su campo, salió despedido hacia el área lusa, dejó a dos rivales por el camino en la media luna y el portero Diogo Costa le achicó y le tapó el remate.;luna;f;0;NOUN;nmod;1;1
Esta llegó a los 32, cuando Rodrigo Bentancur tomó un balón en su campo, salió despedido hacia el área lusa, dejó a dos rivales por el camino en la media luna y el portero Diogo Costa le achicó y le tapó el remate.;remate;m;0;NOUN;obj;1;1
El volante del Tottenham, que a los seis minutos recibió la amarilla de parte del árbitro iraní Alireza Faghani, comandaba la presión sobre la salida portuguesa y los llevaba a jugar para atrás.;volante;m;0;NOUN;nsubj;1;1
El volante del Tottenham, que a los seis minutos recibió la amarilla de parte del árbitro iraní Alireza Faghani, comandaba la presión sobre la salida portuguesa y los llevaba a jugar para atrás.;presión;f;0;NOUN;obj;1;1
El volante del Tottenham, que a los seis minutos recibió la amarilla de parte del árbitro iraní Alireza Faghani, comandaba la presión sobre la salida portuguesa y los llevaba a jugar para atrás.;sobre;m;0;ADP;case;1;0
Cinco minutos más tarde el lateral Nuno Mendes, que había estado en duda por una dolencia, cayó sólo al piso y pidió el cambio.;cinco;m;0;NUM;nummod;1;0
Cinco minutos más tarde el lateral Nuno Mendes, que había estado en duda por una dolencia, cayó sólo al piso y pidió el cambio.;piso;m;0;NOUN;nmod;1;1
Sobre los 50 minutos el encuentro se detuvo porque un individuo con una bandera arcoíris y una camiseta con un mensaje a favor de las mujeres iraníes y en contra de la invasión rusa en Ucrania invadió el campo de juego, constataron periodistas de la AFP.;sobre;m;0;ADP;case;1;0
Sobre los 50 minutos el encuentro se detuvo porque un individuo con una bandera arcoíris y una camiseta con un mensaje a favor de las mujeres iraníes y en contra de la invasión rusa en Ucrania invadió el campo de juego, constataron periodistas de la AFP.;encuentro;m;0;NOUN;nsubj;1;1
Sobre los 50 minutos el encuentro se detuvo porque un individuo con una bandera arcoíris y una camiseta con un mensaje a favor de las mujeres iraníes y en contra de la invasión rusa en Ucrania invadió el campo de juego, constataron periodistas de la AFP.;camiseta;f;0;NOUN;conj;1;1
Sobre los 50 minutos el encuentro se detuvo porque un individuo con una bandera arcoíris y una camiseta con un mensaje a favor de las mujeres iraníes y en contra de la invasión rusa en Ucrania invadió el campo de juego, constataron periodistas de la AFP.;contra;f;0;NOUN;fixed;1;1
Este suceso se produce en un contexto de fuertes críticas a Catar, organizador del Mundial, por el incumplimiento de derechos fundamentales, sobre todo en relación con el colectivo LGBT+, en un país en el que la homosexualidad está perseguida judicialmente.;mundial;m;0;PROPN;nmod;1;1
Este suceso se produce en un contexto de fuertes críticas a Catar, organizador del Mundial, por el incumplimiento de derechos fundamentales, sobre todo en relación con el colectivo LGBT+, en un país en el que la homosexualidad está perseguida judicialmente.;sobre;m;0;ADP;advmod;1;0
El impulso de las administraciones Flores y Saca era frenado por una férrea oposición del FMLN que incluso llegó a retar el acuerdo con un recurso ante la Sala de lo Constitucional suscrito entre otros por el hoy presidente de la República y el hoy canciller.;saca;f;0;PROPN;conj;1;1
El impulso de las administraciones Flores y Saca era frenado por una férrea oposición del FMLN que incluso llegó a retar el acuerdo con un recurso ante la Sala de lo Constitucional suscrito entre otros por el hoy presidente de la República y el hoy canciller.;canciller;m;1;NOUN;conj;1;1
Mucha agua ha pasado bajo el puente desde entonces y los beneficios están a la vista.;agua;f;0;NOUN;nsubj;1;1
Mucha agua ha pasado bajo el puente desde entonces y los beneficios están a la vista.;bajo;m;0;ADP;case;1;0
Por supuesto hay muchos desafíos aún, la desgravación arancelaria de los productos agrícolas estadounidenses es uno de ellos, tomando en cuenta nuestra deprimida agricultura, pero a la hora de hacer balance, la historia ha demostrado que el Cafta traería más beneficios que daños al país como se preveía hace una década.;balance;m;0;NOUN;obj;1;1
Rodríguez atribuyó a la poca demanda y a que no se tiene una ley de compensación económica, la decisión de algunos transportistas de no sacar sus unidades hoy.;sacar;v;0;VERB;acl;1;1
Sin embargo, informó que para atender esta problemática, enviaron unidades para transportar la población afectada de forma gratuita.;atender;v;0;VERB;advcl;1;1
Autoridades del Ministerio de Turismo (Mitur), del Instituto Salvadoreño de Turismo (Istu) y de la Policía de Turismo hicieron un llamado este lunes a los salvadoreños a mantener la cuarentena y solo salir de casa si no es necesario, durante el periodo de vacaciones por las fiestas patronales de San Salvador Los festejos fueron suspendidos por la pandemia del coronavirus.;llamado;m;0;ADJ;obj;1;0
Autoridades del Ministerio de Turismo (Mitur), del Instituto Salvadoreño de Turismo (Istu) y de la Policía de Turismo hicieron un llamado este lunes a los salvadoreños a mantener la cuarentena y solo salir de casa si no es necesario, durante el periodo de vacaciones por las fiestas patronales de San Salvador Los festejos fueron suspendidos por la pandemia del coronavirus.;casa;f;0;NOUN;obl;1;1
La ministra de Mitur, Morena Valdez, sin dar mayores detalles afirmó en una conferencia de prensa que hay denuncias de negocios que han abierto sin permiso.;dar;v;0;VERB;advcl;1;1
La ministra de Mitur, Morena Valdez, sin dar mayores detalles afirmó en una conferencia de prensa que hay denuncias de negocios que han abierto sin permiso.;prensa;f;0;NOUN;nmod;1;1
La ministra de Mitur, Morena Valdez, sin dar mayores detalles afirmó en una conferencia de prensa que hay denuncias de negocios que han abierto sin permiso.;permiso;m;0;NOUN;obl;1;1
"Les pedimos, por favor, que no lo hagan"", aseguró Valdez.";les;pron;0;PRON;obj;1;1
"""Todo por cuidar la salud de la población y el orden de la reapertura gradual de la economía"", afirmó.";orden;f;0;NOUN;conj;1;1
Hasta esta madrugada, el sitio https://covid19.gob.sv/ registra 17,843 casos confirmados de covid-19, de los cuales 8,557 se encuentran activo y se contabilizan 477 fallecidos.;sitio;m;0;NOUN;nsubj;1;1
Hasta esta madrugada, el sitio https://covid19.gob.sv/ registra 17,843 casos confirmados de covid-19, de los cuales 8,557 se encuentran activo y se contabilizan 477 fallecidos.;activo;m;0;ADJ;obj;1;0
Una clica de la Mara Salvatrucha que cometía delitos en municipios de La Unión, especificamente en la zona costera, fue desarticulada ayer en un operativo que dirigió la Fiscalía.;zona;f;0;NOUN;nmod;1;1
Policías ingresaron ayer en la madrugada a viviendas ubicadas en los cantones El Ciprés, El Cacao, El Tamarindo y El Jagüey, que era la zona donde delinquían.;jagüey;f;1;PROPN;conj;1;1
De acuerdo con la denuncia, les están aplicando las mismas medidas extraordinarias a las cuales están sometidos los pandilleros de siete penales para evitar que sigan ordenando homicidios y extorsiones.;les;pron;0;PRON;obj;1;1
De acuerdo con la denuncia, les están aplicando las mismas medidas extraordinarias a las cuales están sometidos los pandilleros de siete penales para evitar que sigan ordenando homicidios y extorsiones.;siete;m;0;NUM;nummod;1;0
Alfonso Gudiel Estrada, en representación de los reos Roberto “El Burro” Herrera, Reynerio Flores Lazo y del resto de demandantes, argumentó que sus representados “no han cometido actos de terrorismo para que se hayan generalizado las medidas extraordinarias”.;burro;m;0;PROPN;appos;1;1
Según el defensor, los reos civiles no reciben sol, ni participan en actividades deportivas, lo cual les generaría daños en su salud, afirmó.;les;pron;0;PRON;obj;1;1
Estrada demandó que sean trasladados a cárceles comunes e incluso, podrían pedir a la Corte Suprema de Justicia  que revierta las medidas extraordinarias, adelantó.;corte;m;0;PROPN;obj;1;1
Por su parte, Yanira de Herrera, esposa de “El Burro” Herrera, aclaró que no están en contra de las medidas extraordinarias que les aplican a los pandilleros.;burro;m;0;PROPN;nmod;1;1
Por su parte, Yanira de Herrera, esposa de “El Burro” Herrera, aclaró que no están en contra de las medidas extraordinarias que les aplican a los pandilleros.;contra;f;0;NOUN;fixed;1;1
Por su parte, Yanira de Herrera, esposa de “El Burro” Herrera, aclaró que no están en contra de las medidas extraordinarias que les aplican a los pandilleros.;les;pron;0;PRON;obj;1;1
“Mi papá tiene problemas de hipertensión y desde el 21 de marzo no le he llevado medicamentos, ustedes saben que esto es grave”, dijo la joven en una conferencia de prensa.;ustedes;pron;1;PRON;nsubj;1;1
“Mi papá tiene problemas de hipertensión y desde el 21 de marzo no le he llevado medicamentos, ustedes saben que esto es grave”, dijo la joven en una conferencia de prensa.;prensa;f;0;NOUN;nmod;1;1
en El Salvador informó este jueves que realizó la donación de $300 mil en insumos, equipo y herramientas de trabajo a 12 municipalidades del país, como apoyo para que estén más preparadas para afrontar la pandemia de Covid-19.;trabajo;m;0;NOUN;nmod;1;1
“Durante los últimos meses, las municipalidades han estado en primera línea, gestionando acciones varias para evitar que su población se enferme de Covid-19.;línea;f;0;NOUN;obl;1;1
Además, especificó que la donación cuenta con más de 10,000 productos: hidrolavadoras, motobombas, tanques de captación, mangueras, botas y trajes impermeables para labores de limpieza, lavamanos y basureros portátiles, amonio cuaternario, alcohol gel y canopys.;limpieza;f;0;NOUN;nmod;1;1
Además, especificó que la donación cuenta con más de 10,000 productos: hidrolavadoras, motobombas, tanques de captación, mangueras, botas y trajes impermeables para labores de limpieza, lavamanos y basureros portátiles, amonio cuaternario, alcohol gel y canopys.;lavamanos;m;1;NOUN;conj;1;1
“Una parte de este equipo servirá para la limpieza y la desinfección de espacios públicos como cementerios, calles, mercados y las oficinas de las alcaldías.;limpieza;f;0;NOUN;obl;1;1
De acuerdo a las prioridades identificadas por las mismas municipalidades, cada una recibirá kits de limpieza y desinfección, herramientas e insumos de protección para el personal que brinda servicios municipales y vendedores por cuenta propia, particularmente en San Miguel y San Salvador”, explicó la embajada en un comunicado.;limpieza;f;0;NOUN;nmod;1;1
De acuerdo a las prioridades identificadas por las mismas municipalidades, cada una recibirá kits de limpieza y desinfección, herramientas e insumos de protección para el personal que brinda servicios municipales y vendedores por cuenta propia, particularmente en San Miguel y San Salvador”, explicó la embajada en un comunicado.;comunicado;m;0;NOUN;obl;1;1
Agregaron que el apoyo también incluirá afiches, vallas informativas y cuñas radiales en estaciones locales para “crear conciencia” sobre el Covid-19.;sobre;m;0;ADP;case;1;0
“Yo no le voy a preguntar nada porque entiendo claramente el trabajo que se está haciendo”, le dijo la diputada Suecy Callejas, de Nuevas Ideas al ministro de Educación, Mauricio Pineda.;trabajo;m;0;NOUN;obj;1;1
El Ministerio de Educación tendrá un presupuesto de $1,501 millones para el año 2023, un 2 % más respecto a los $1,472 millones de 2022.;año;m;0;NOUN;nmod;1;1
El ministro destacó el aumento progresivo de la inversión en educación, ya que en 2001 ascendía a $428.8 millones en 2001, pasó por $470.4 millones en 2004, luego llegó a ser $702.8 millones en 2009, pasó a $884.8 millones en 2014 hasta llegar a $997.1 millones en 2019.;ser;m;0;AUX;cop;1;0
La diputada Suecy Callejas, de Nuevas Ideas, secundó los planes: dijo que debe haber un solo plan nacional de educación “que se cumpla” y “una sola estrategia de inversión en el presupuesto en educación”.;plan;m;0;NOUN;obj;1;1
“Unos solos ejecutores de ese plan, tanto de la currícula de educación como del ejercicio del presupuesto”, expresó.;plan;m;0;NOUN;nmod;1;1
El ministro anunció una Ley de Alimentación Escolar que ha sido entregada al gabinete social y una Ley de Educación Superior que permitirá a los estudiantes poderse graduar en menor tiempo.;escolar;m;0;PROPN;flat;1;1
El ministro anunció una Ley de Alimentación Escolar que ha sido entregada al gabinete social y una Ley de Educación Superior que permitirá a los estudiantes poderse graduar en menor tiempo.;social;m/f;0;ADJ;amod;1;0
El diputado Reinaldo Carballo, del Partido Demócrata Cristiano (PDC), dijo que “no aceptaría críticas tan negativas al sistema” educativo que implementan actualmente.;partido;m;0;PROPN;nmod;1;1
Exhortó a becar a toda la población que quiera estudiar.;becar;v;1;VERB;xcomp;1;1
El diputado Guillermo Gallegos consultó por los efectos positivos del régimen de excepción en la asistencia escolar.;asistencia;f;0;NOUN;nmod;1;1
El diputado Guillermo Gallegos consultó por los efectos positivos del régimen de excepción en la asistencia escolar.;escolar;m;0;ADJ;amod;1;0
“El reflejo de eso lo vamos a ver en la matrícula 2023”, le respondió.;ver;v;0;VERB;xcomp;1;1
Turismo anunció que pedirá un préstamo de $106 millones para la zona oriental en los próximos días.;zona;f;0;NOUN;nmod;1;1
“Estamos transformando no solo la visión del país, estamos repotenciando zonas que estuvieron olvidadas, La Unión se va a convertir en un pilar muy importante del turismo y la generación de empleos”, expresó el diputado Soriano.;visión;f;0;NOUN;obj;1;1
Más del 40 % del nuevo préstamo con el Banco Interamericano de Desarrollo (BID) por $106 millones será destinado a obras de infraestructura turística, incluidos los sistemas de tratamiento de aguas residuales, un proyecto con los manglares en la bahía de Jiquilisco y malecones ecológicos, según la ministra de Turismo, Morena Valdez.;banco;m;0;PROPN;nmod;1;1
“Lo que quiero es felicitarla, la cantidad de personas que quieren venir a nuestro país es mucha”, le dijo Guillermo Gallegos.;quiero;m;0;VERB;csubj;1;0
“Lo que quiero es felicitarla, la cantidad de personas que quieren venir a nuestro país es mucha”, le dijo Guillermo Gallegos.;venir;v;0;VERB;xcomp;1;1
Los diputados de Nuevas Ideas y sus aliados tampoco hicieron preguntas sobre dudas específicas en torno al proyecto de presupuesto presentado por Turismo.;sobre;m;0;ADP;case;1;0
Sin embargo, la diputada Claudia Ortiz, de Vamos, le preguntó por qué los $2.6 millones de inversión pública se redujo a $600,000, transfiriendo la mayor parte de fondos a la unidad de “Dirección y administración intitucional”.;mayor;m;0;ADJ;amod;1;0
“¿Qué originó esta modificación en bienes y servicios?, ¿en qué se ocupó?, es importante dar cuenta de esto.;dar;v;0;VERB;csubj;1;1
“Vamos equilibrando los tres componentes, infraestructura, sector productivo, fortalecer a los empresarios y la capacitación del talento humano”, le respondió la ministra.;tres;m;0;NUM;nummod;1;0
“Vamos equilibrando los tres componentes, infraestructura, sector productivo, fortalecer a los empresarios y la capacitación del talento humano”, le respondió la ministra.;capacitación;f;0;NOUN;conj;1;1
Dijo que una diputada de Arena lo hizo llevar un contenedor de medicinas a San Salvador pero que le “hicieron imposible” el ingreso de las medicinas y “tocó quemarlas”.;llevar;v;0;VERB;xcomp;1;1
El Portal de Transparencia Fiscal del Ministerio de Transparencia aún no ha publicado el proyecto de presupuesto de 2023.;portal;m;0;PROPN;nsubj;1;1
El Instituto Centroamericano de Estudios Fiscales (Icefi) pidió a los diputados mayor transparencia al discutir y aprobar el presupuesto.;mayor;m;0;ADJ;amod;1;0
El presupuesto general del Estado debe ser aprobado antes de diciembre de 2022.;ser;m;0;AUX;aux;1;0
El tamaño del Gobierno Central crece en $46.9 millones la planilla salarial y $49.4 millones más en remuneraciones.;central;m;0;PROPN;flat;1;1
El tamaño del Gobierno Central crece en $46.9 millones la planilla salarial y $49.4 millones más en remuneraciones.;planilla;f;0;NOUN;obj;1;1
Laboratorios Vijosa realizó este jueves una donación de 30 mil dosis de zinc, destinadas para reforzar el sistema inmunitario de pacientes que padezcan COVID-19, y también para el personal de salud que se encuentra en primera línea.;línea;f;0;NOUN;obl;1;1
“Evidentemente, entre médicos y pacientes hay una exposición bastante fuerte, y el objetivo común es tratar con ambos lados y esto (donación), viene a ayudar en el tema preventivo”, explicó el comisionado presidencial de proyectos estratégicos, Luis Rodríguez.;tratar;v;0;VERB;ccomp;1;1
“Hemos logrado aglutinar un poquito más de 550 empresas, que no han dejado de cooperar, no se ha soltado de ese sistema”, explicó el funcionario.;aglutinar;v;0;VERB;xcomp;1;1
Afirmó que los datos tienen que ser sumamente confiables, “porque son los que ayudan a tener una vigilancia epidemiológica efectiva y en base a esos datos se toman decisiones”.;ser;m;0;AUX;cop;1;0
Afirmó que los datos tienen que ser sumamente confiables, “porque son los que ayudan a tener una vigilancia epidemiológica efectiva y en base a esos datos se toman decisiones”.;base;f;0;NOUN;fixed;1;1
Brizuela brindó las declaraciones tras ser consultado sobre la autenticidad de un memorándum que circuló en diferentes redes, e incluso, entre el gremio médico.;ser;m;0;AUX;aux;1;0
Brizuela brindó las declaraciones tras ser consultado sobre la autenticidad de un memorándum que circuló en diferentes redes, e incluso, entre el gremio médico.;sobre;m;0;ADP;case;1;0
De acuerdo con el documento, el 23 de mayo se indicó que la sección de virología del Ministerio de Salud (Minsal) “se rigiera únicamente a recibir y procesar muestras programadas en cronograma generado por la mesa de crisis, a cargo de delegados de Casa Presidencial, dejando de recibirse las muestras de COVID-19 provenientes de hospitales y unidades de salud”, (es decir, vigilancia centinela).;recibir;v;0;VERB;xcomp;1;1
De acuerdo con el documento, el 23 de mayo se indicó que la sección de virología del Ministerio de Salud (Minsal) “se rigiera únicamente a recibir y procesar muestras programadas en cronograma generado por la mesa de crisis, a cargo de delegados de Casa Presidencial, dejando de recibirse las muestras de COVID-19 provenientes de hospitales y unidades de salud”, (es decir, vigilancia centinela).;procesar;v;0;VERB;conj;1;1
De acuerdo con el documento, el 23 de mayo se indicó que la sección de virología del Ministerio de Salud (Minsal) “se rigiera únicamente a recibir y procesar muestras programadas en cronograma generado por la mesa de crisis, a cargo de delegados de Casa Presidencial, dejando de recibirse las muestras de COVID-19 provenientes de hospitales y unidades de salud”, (es decir, vigilancia centinela).;casa;f;0;PROPN;nmod;1;1
El mismo memorándum señala que el 26 del mismo mes se recibió una nueva indicación por parte de delegados de Casa Presidencial, quienes pidieron realizar un máximo de 25 muestras de pacientes provenientes de vigilancia centinela de hospitales y unidades de salud.;casa;f;0;PROPN;nmod;1;1
El mismo memorándum señala que el 26 del mismo mes se recibió una nueva indicación por parte de delegados de Casa Presidencial, quienes pidieron realizar un máximo de 25 muestras de pacientes provenientes de vigilancia centinela de hospitales y unidades de salud.;realizar;v;0;VERB;xcomp;1;1
Voces de la sociedad civil han demandado en los últimos días transparencia en las compras estatales durante la emergencia, un pedido que expresa una preocupación general de los salvadoreños por el uso correcto de fondos en estos tiempos tan díficiles.;emergencia;f;0;NOUN;obl;1;1
El propio presidente Nayib Bukele ha dicho que meterá en la cárcel a quien se atreva a robar durante la emergencia, un compromiso que la sociedad espera que cumpla si esto llegara a ocurrir.;emergencia;f;0;NOUN;obl;1;1
El propio presidente Nayib Bukele ha dicho que meterá en la cárcel a quien se atreva a robar durante la emergencia, un compromiso que la sociedad espera que cumpla si esto llegara a ocurrir.;compromiso;m;0;NOUN;obj;1;1
Por increíble que parezca, siempre hay gente que es capaz de aprovecharse de los fondos públicos en momentos de tragedia nacional como vemos en esos malos ejemplos en Sudamérica.;capaz;adv;0;ADJ;acl;1;0
Por eso el compromiso de transparencia y buen uso de fondos debe ser permanente y la supervisión y control de los mismos, lo más efectiva posible.;compromiso;m;0;NOUN;nsubj;1;1
Por eso el compromiso de transparencia y buen uso de fondos debe ser permanente y la supervisión y control de los mismos, lo más efectiva posible.;ser;m;0;AUX;cop;1;0
La depresión tropical Tres se han convertido en tormenta tropical Cristóbal y se encuentra actualmente sobre la bahía de Campeche, en México, anunció el Centro nacional de Huracanes de Estados Unidos (NHC).;depresión;f;1;NOUN;nsubj;1;1
La depresión tropical Tres se han convertido en tormenta tropical Cristóbal y se encuentra actualmente sobre la bahía de Campeche, en México, anunció el Centro nacional de Huracanes de Estados Unidos (NHC).;tres;m;0;NUM;appos;1;0
La depresión tropical Tres se han convertido en tormenta tropical Cristóbal y se encuentra actualmente sobre la bahía de Campeche, en México, anunció el Centro nacional de Huracanes de Estados Unidos (NHC).;sobre;m;0;ADP;case;1;0
La depresión tropical Tres se han convertido en tormenta tropical Cristóbal y se encuentra actualmente sobre la bahía de Campeche, en México, anunció el Centro nacional de Huracanes de Estados Unidos (NHC).;centro;m;0;PROPN;nsubj;1;1
De acuerdo al reporte emitido amplía la situación y enfatiza que las lluvias en Veracruz, Tabasco y Campeche de México serán fuertes.;situación;f;0;NOUN;obj;1;1
Las proyecciones del Ministerio de Medio Ambiente y Recursos Naturales (MARN) de El Salvador informaron que las condiciones de lluvias tipo temporal continuarán, aparte de las zonas costeras, en la cordillera volcánica de El Salvador.;medio;m;0;PROPN;flat;1;1
"El ministro de Gobernación, Mario Durán dijo que prevén esta situación debido a la condición que se encuentran los suelos por la acumulación de lluvia, por lo que insistió que la ""situación puede ser incluso más caótica"".";situación;f;1;NOUN;obj;1;1
"El ministro de Gobernación, Mario Durán dijo que prevén esta situación debido a la condición que se encuentran los suelos por la acumulación de lluvia, por lo que insistió que la ""situación puede ser incluso más caótica"".";situación;f;1;NOUN;obj;1;1
"El ministro de Gobernación, Mario Durán dijo que prevén esta situación debido a la condición que se encuentran los suelos por la acumulación de lluvia, por lo que insistió que la ""situación puede ser incluso más caótica"".";ser;m;0;AUX;cop;1;0
En su paso por El Salvador, la tormenta tropical Amanda dejó varios daños, 16 fallecidos en el territorio y siete personas desaparecidas.;paso;m;0;NOUN;obl;1;1
En su paso por El Salvador, la tormenta tropical Amanda dejó varios daños, 16 fallecidos en el territorio y siete personas desaparecidas.;siete;m;0;NUM;nummod;1;0
Cristóbal sopla con vientos máximos sostenidos de 65 km/hora, con rachas más fuertes, frente a la ciudad mexicana de Campeche, al oeste de Yucatán, informó el Centro Nacional de Huracanes (NHC), con sede en Miami.;centro;m;0;PROPN;nsubj;1;1
Permanecerá en el lado sur de la bahía de Campeche hasta la noche del miércoles, añadió el NHC, al emitir una advertencia de tormenta tropical que va de Campeche a Veracruz.;miércoles;sust(m/f)/adj;0;NOUN;nmod;1;1
Cristóbal marca un nuevo récord desde que se comenzó a llevar registros en 1851.;récord;m;0;NOUN;obj;1;1
Cristóbal marca un nuevo récord desde que se comenzó a llevar registros en 1851.;llevar;v;0;VERB;xcomp;1;1
La última vez que se había formado una tercera tormenta tropical tan temprano en el año fue en 2016, cuando se organizó el ciclón Colin el 5 de junio, escribió en Twitter Philip Klotzbach, meteorólogo de la Universidad de Colorado.;año;m;0;NOUN;obl;1;1
Meteorólogos estadounidenses han advertido que este año será más activo que el promedio.;año;m;0;NOUN;obl;1;1
Meteorólogos estadounidenses han advertido que este año será más activo que el promedio.;activo;m;0;ADJ;ccomp;1;0
El Ministerio de Salud (Minsal) confirmó este martes la muerte por COVID-19 del ex diputado suplente por el partido Arena, el licenciado Edilberto Hernández Castillo, cuyo fallecimiento fue anunciado ayer por el presidente de la Asamblea Legislativa, Mario Ponce, a través de su cuenta de Twitter.;partido;m;0;NOUN;nmod;1;1
Las autoridades dijeron que se trataba de un paciente masculino, mayor de 40 años, y que tenía antecedente de hipertensión, diabetes y obesidad.;mayor;m;0;ADJ;amod;1;0
Por otra parte, el partido Arena pidió respeto para la familia del fallecido, y criticó la publicación del Minsal, asegurando que utiliza “la crisis sanitaria y los canales institucionales para politizar su deceso”.;partido;m;0;NOUN;nsubj;1;1
El ministro de Hacienda, Nelson Fuentes, usó ayer una dramática expresión para ilustrar la situación fiscal del país en medio de la pandemia del coronavirus: “Los ingresos están cayendo en picada”.;situación;f;0;NOUN;obj;1;1
El ministro de Hacienda, Nelson Fuentes, usó ayer una dramática expresión para ilustrar la situación fiscal del país en medio de la pandemia del coronavirus: “Los ingresos están cayendo en picada”.;medio;m;0;NOUN;fixed;1;1
El ministro de Hacienda, Nelson Fuentes, usó ayer una dramática expresión para ilustrar la situación fiscal del país en medio de la pandemia del coronavirus: “Los ingresos están cayendo en picada”.;picada;f;1;NOUN;obl;1;1
De ahí que el ministro también advierte del riesgo de impago o default.;ahí;adv;0;ADV;fixed;1;0
El ministro  Fuentes admite que “estamos en una situación crítica” y con con una proyección de alcanzar un déficit fiscal para 2020 con un incremento “sustantivo” entre un 8 % y 9 % del Producto Interno Bruto (PIB).;situación;f;0;NOUN;ccomp;1;1
El ministro  Fuentes admite que “estamos en una situación crítica” y con con una proyección de alcanzar un déficit fiscal para 2020 con un incremento “sustantivo” entre un 8 % y 9 % del Producto Interno Bruto (PIB).;alcanzar;v;0;VERB;acl;1;1
La crisis es mundial, lo vemos en Europa, Asia, Estados Unidos y los países latinoamericanos grandes y pequeños.;mundial;m;0;ADJ;ROOT;1;0
El confinamiento no puede ser para siempre porque las empresas quiebran y eso significa desempleo y hambre.;ser;m;0;AUX;ROOT;1;0
Los gobiernos necesitan los impuestos de esas actividades económicas para atender las necesidades de la sociedad y las provocadas por la pandemia.;atender;v;0;VERB;advcl;1;1
De ahí la necesidad de una reapertura econó gradual e inteligente.;ahí;adv;0;ADV;advmod;1;0
"En una conferencia de prensa, en la que participó el comisionado presidencial de proyectos estratégicos, Luis Rodríguez; el viceministro de Salud, Carlos Alvarenga; y el representante de ASES, Marcelo Olano; las autoridades detallaron que se equipará el hospital que se construye en el Centro Internacional de Ferias y Convenciones (Cifco) con las camas hospitalarias, mientras que las mascarillas se distribuirán a personal de salud.";prensa;f;0;NOUN;nmod;1;1
"En una conferencia de prensa, en la que participó el comisionado presidencial de proyectos estratégicos, Luis Rodríguez; el viceministro de Salud, Carlos Alvarenga; y el representante de ASES, Marcelo Olano; las autoridades detallaron que se equipará el hospital que se construye en el Centro Internacional de Ferias y Convenciones (Cifco) con las camas hospitalarias, mientras que las mascarillas se distribuirán a personal de salud.";centro;m;0;PROPN;obl;1;1
"""Nosotros estamos sumamente agradecidos, yo me atrevería a decir también por toda esa gente que va a utilizar ese equipo que ustedes han dado formalmente este día, también estamos sumamente agradecidos de parte del gobierno les damos las gracias y invitarles a las demás empresas uno a que se unan y dos a que no perdamos el sentido humano de las cosas; por favor no perdamos el sentido humano de todo esto y es la vida y es la salud.";ustedes;pron;0;PRON;nsubj;1;1
"""Nosotros estamos sumamente agradecidos, yo me atrevería a decir también por toda esa gente que va a utilizar ese equipo que ustedes han dado formalmente este día, también estamos sumamente agradecidos de parte del gobierno les damos las gracias y invitarles a las demás empresas uno a que se unan y dos a que no perdamos el sentido humano de las cosas; por favor no perdamos el sentido humano de todo esto y es la vida y es la salud.";dado;m;0;VERB;acl;1;0
"""Nosotros estamos sumamente agradecidos, yo me atrevería a decir también por toda esa gente que va a utilizar ese equipo que ustedes han dado formalmente este día, también estamos sumamente agradecidos de parte del gobierno les damos las gracias y invitarles a las demás empresas uno a que se unan y dos a que no perdamos el sentido humano de las cosas; por favor no perdamos el sentido humano de todo esto y es la vida y es la salud.";les;pron;0;PRON;obj;1;1
"""Nosotros estamos sumamente agradecidos, yo me atrevería a decir también por toda esa gente que va a utilizar ese equipo que ustedes han dado formalmente este día, también estamos sumamente agradecidos de parte del gobierno les damos las gracias y invitarles a las demás empresas uno a que se unan y dos a que no perdamos el sentido humano de las cosas; por favor no perdamos el sentido humano de todo esto y es la vida y es la salud.";sentido;m;0;NOUN;obj;1;1
"""Nosotros estamos sumamente agradecidos, yo me atrevería a decir también por toda esa gente que va a utilizar ese equipo que ustedes han dado formalmente este día, también estamos sumamente agradecidos de parte del gobierno les damos las gracias y invitarles a las demás empresas uno a que se unan y dos a que no perdamos el sentido humano de las cosas; por favor no perdamos el sentido humano de todo esto y es la vida y es la salud.";sentido;m;0;NOUN;obj;1;1
Reiteró que para que el país pueda superar esta situación se necesita el apoyo de todos los sectores.;situación;f;0;NOUN;nsubj;1;1
"""Si en esto no empujamos todos con ese sentido humano, si en esto no empujamos todos, no salimos; nosotros, la empresa privada, las municipalidades, los países amigos, representantes internacionales y la gente, la comunidad, la Asamblea Legislativa ojalá algún día, pero todos empujando bajo lo mismo"", sostuvo.";comunidad;f;0;NOUN;appos;1;1
"""Si en esto no empujamos todos con ese sentido humano, si en esto no empujamos todos, no salimos; nosotros, la empresa privada, las municipalidades, los países amigos, representantes internacionales y la gente, la comunidad, la Asamblea Legislativa ojalá algún día, pero todos empujando bajo lo mismo"", sostuvo.";bajo;m;0;ADP;case;1;0
"El ministro de Salud, Francisco Alabí descartó este miércoles que la muerte del médico de 34 años de edad sea a causa de coronavirus y afirmó que ""tenía un problema cardiovascular poco controlada"".";miércoles;sust(m/f)/adj;0;NOUN;obl;1;1
"Tenía un problema cardiovascular poco controlada"", dijo esta tarde, el titular de Salud, en una conferencia de prensa.";prensa;f;0;NOUN;nmod;1;1
"“También tenemos el caso de un médico, un paciente de 34 años de edad que ha fallecido, este paciente no tiene aún, un confirmatorio de la prueba está en proceso de desarrollo de una complicación súbita; fue manejado por un proceso respiratorio, al momento está pendiente la prueba de PCR para ver si este paciente es positivo a coronavirus”, dijo ayer el ministro, Francisco Alabí.";pendiente;m;0;ADJ;advcl;1;0
"“También tenemos el caso de un médico, un paciente de 34 años de edad que ha fallecido, este paciente no tiene aún, un confirmatorio de la prueba está en proceso de desarrollo de una complicación súbita; fue manejado por un proceso respiratorio, al momento está pendiente la prueba de PCR para ver si este paciente es positivo a coronavirus”, dijo ayer el ministro, Francisco Alabí.";ver;v;0;VERB;acl;1;1
"“También tenemos el caso de un médico, un paciente de 34 años de edad que ha fallecido, este paciente no tiene aún, un confirmatorio de la prueba está en proceso de desarrollo de una complicación súbita; fue manejado por un proceso respiratorio, al momento está pendiente la prueba de PCR para ver si este paciente es positivo a coronavirus”, dijo ayer el ministro, Francisco Alabí.";positivo;adv;0;ADJ;ccomp;1;0
En total son siete médicos especialistas en salud pública, infectólogo y epidemiólogos, quienes estarán a cargo de una plataforma digital, que según el presidente del Colegio Médico, Milton Brizuela, el objetivo es aportar al combate de la pandemia, desde el fundamento científico.;siete;m;0;NUM;nummod;1;0
En total son siete médicos especialistas en salud pública, infectólogo y epidemiólogos, quienes estarán a cargo de una plataforma digital, que según el presidente del Colegio Médico, Milton Brizuela, el objetivo es aportar al combate de la pandemia, desde el fundamento científico.;plataforma;f;0;NOUN;acl;1;1
“Ustedes aquí ven especialidades que tienen que ver con las especialidades del problema, la planificación de cómo abordarlo desde el punto de vista epidemiológico y de la salud pública y además cómo se va a enfrentar los casos de las personas que ya padecen, desde el punto de vista clínico, el abordaje es integral desde el punto de visto médico, también se van a dar aportes a la población desde el punto de vista educativo”, explicó el doctor Brizuela.;ustedes;pron;0;PRON;nsubj;1;1
“Ustedes aquí ven especialidades que tienen que ver con las especialidades del problema, la planificación de cómo abordarlo desde el punto de vista epidemiológico y de la salud pública y además cómo se va a enfrentar los casos de las personas que ya padecen, desde el punto de vista clínico, el abordaje es integral desde el punto de visto médico, también se van a dar aportes a la población desde el punto de vista educativo”, explicó el doctor Brizuela.;aquí;adv;0;ADV;advmod;1;0
“Ustedes aquí ven especialidades que tienen que ver con las especialidades del problema, la planificación de cómo abordarlo desde el punto de vista epidemiológico y de la salud pública y además cómo se va a enfrentar los casos de las personas que ya padecen, desde el punto de vista clínico, el abordaje es integral desde el punto de visto médico, también se van a dar aportes a la población desde el punto de vista educativo”, explicó el doctor Brizuela.;ver;v;0;VERB;conj;1;1
“Ustedes aquí ven especialidades que tienen que ver con las especialidades del problema, la planificación de cómo abordarlo desde el punto de vista epidemiológico y de la salud pública y además cómo se va a enfrentar los casos de las personas que ya padecen, desde el punto de vista clínico, el abordaje es integral desde el punto de visto médico, también se van a dar aportes a la población desde el punto de vista educativo”, explicó el doctor Brizuela.;punto;m;0;NOUN;obl;1;1
“Ustedes aquí ven especialidades que tienen que ver con las especialidades del problema, la planificación de cómo abordarlo desde el punto de vista epidemiológico y de la salud pública y además cómo se va a enfrentar los casos de las personas que ya padecen, desde el punto de vista clínico, el abordaje es integral desde el punto de visto médico, también se van a dar aportes a la población desde el punto de vista educativo”, explicó el doctor Brizuela.;punto;m;0;NOUN;obl;1;1
“Ustedes aquí ven especialidades que tienen que ver con las especialidades del problema, la planificación de cómo abordarlo desde el punto de vista epidemiológico y de la salud pública y además cómo se va a enfrentar los casos de las personas que ya padecen, desde el punto de vista clínico, el abordaje es integral desde el punto de visto médico, también se van a dar aportes a la población desde el punto de vista educativo”, explicó el doctor Brizuela.;punto;m;0;NOUN;obl;1;1
“Ustedes aquí ven especialidades que tienen que ver con las especialidades del problema, la planificación de cómo abordarlo desde el punto de vista epidemiológico y de la salud pública y además cómo se va a enfrentar los casos de las personas que ya padecen, desde el punto de vista clínico, el abordaje es integral desde el punto de visto médico, también se van a dar aportes a la población desde el punto de vista educativo”, explicó el doctor Brizuela.;dar;v;0;VERB;advcl;1;1
“Ustedes aquí ven especialidades que tienen que ver con las especialidades del problema, la planificación de cómo abordarlo desde el punto de vista epidemiológico y de la salud pública y además cómo se va a enfrentar los casos de las personas que ya padecen, desde el punto de vista clínico, el abordaje es integral desde el punto de visto médico, también se van a dar aportes a la población desde el punto de vista educativo”, explicó el doctor Brizuela.;punto;m;0;NOUN;obl;1;1
Brizuelaagregó que respetan la postura oficial del gobierno y a las personas encargadas para tomar decisiones, sin embargo, desde el observatorio ellos harán recomendaciones sobre las decisiones que tome el Ejecutivo.;tomar;v;0;VERB;xcomp;1;1
Brizuelaagregó que respetan la postura oficial del gobierno y a las personas encargadas para tomar decisiones, sin embargo, desde el observatorio ellos harán recomendaciones sobre las decisiones que tome el Ejecutivo.;sobre;m;0;ADP;case;1;0
Nelson, invitó por primera vez a los miembros y a otras personas a participar en un ayuno mundial el viernes 10 de abril, para pedirle al Señor “sanación física y espiritual” en respuesta al COVID-19.;mundial;m;0;ADJ;amod;1;0
Dios tiene todo poder, sabiduría y entendimiento y es un ser misericordioso aún hasta la salvación, para aquellos que quieran arrepentirse y creer en su nombre”, dijo el presidente Nelson.;ser;m;0;NOUN;conj;1;1
Nelson destacó que las peticiones sugeridad del ayuno mundial son “Que la pandemia del Covid-19 se pueda controlar, que los profesionales de la salud sean protegidos, se fortalezca la economía y la vida se normalice”.;mundial;m;0;ADJ;amod;1;0
El presidente de la República, Nayib Bukele, asegura que las personas capturadas por protagonizar disturbios e intentar saquear supermercados, en el centro capitalino el pasado lunes, tienen nexos con líderes políticos.;centro;m;0;NOUN;obl;1;1
Según el mandatario, en los teléfonos celulares de los detenidos se encontraron conversaciones de WhatsApp con “prominentes líderes políticos”, por medio de las cuales supuestamente recibían instrucciones sobre lo que tenían que hacer.;medio;m;0;NOUN;fixed;1;1
Según el mandatario, en los teléfonos celulares de los detenidos se encontraron conversaciones de WhatsApp con “prominentes líderes políticos”, por medio de las cuales supuestamente recibían instrucciones sobre lo que tenían que hacer.;sobre;m;0;ADP;mark;1;0
Según Bukele, estas personas también recibieron mensajes en los que les indicaban la cantidad de dinero que les iban a transferir por realizar esas acciones.;les;pron;0;PRON;obj;1;1
Según Bukele, estas personas también recibieron mensajes en los que les indicaban la cantidad de dinero que les iban a transferir por realizar esas acciones.;les;pron;0;PRON;obj;1;1
Según Bukele, estas personas también recibieron mensajes en los que les indicaban la cantidad de dinero que les iban a transferir por realizar esas acciones.;realizar;v;0;VERB;advcl;1;1
El pasado lunes se registraron disturbios en el centro capitalino luego que el mandatario ordenara el cierre de los Centros de Atención por Demanda (CENADE) debido a las miles de personas que se aglomeraron en las afueras de dichos lugares y por el riesgo de propagación del COVID-19 que esto representaba.;centro;m;0;NOUN;obl;1;1
El pasado lunes se registraron disturbios en el centro capitalino luego que el mandatario ordenara el cierre de los Centros de Atención por Demanda (CENADE) debido a las miles de personas que se aglomeraron en las afueras de dichos lugares y por el riesgo de propagación del COVID-19 que esto representaba.;cierre;m;0;NOUN;obj;1;1
Tras el cierre de esas oficinas, algunos supuestos vendedores informales intentaron saquear un supermercado.;cierre;m;0;NOUN;obl;1;1
Las personas habían acudido a estos lugares para realizar sus consultas sobre el subsidio de $300 que el Ejecutivo entregará a las familias afectadas por la cuarentena.;realizar;v;0;VERB;advcl;1;1
Las personas habían acudido a estos lugares para realizar sus consultas sobre el subsidio de $300 que el Ejecutivo entregará a las familias afectadas por la cuarentena.;sobre;m;0;ADP;case;1;0
El caos que se apoderó el lunes de las agencias bancarias y del Centro de Atención por Demanda (CENADE) para conocer si era candidato a recibir el bono se disolvió ayer.;centro;m;0;PROPN;conj;1;1
El caos que se apoderó el lunes de las agencias bancarias y del Centro de Atención por Demanda (CENADE) para conocer si era candidato a recibir el bono se disolvió ayer.;recibir;v;0;VERB;acl;1;1
“Ahora ya estamos implementando una logística más efectiva para atender a la población y además cumplimos con las instrucciones de sanitizar a las personas  y nuestra agencia”, asegura Teresa Urrutia, gerente de una Caja de Crédito.;atender;v;0;VERB;acl;1;1
“Ahora ya estamos implementando una logística más efectiva para atender a la población y además cumplimos con las instrucciones de sanitizar a las personas  y nuestra agencia”, asegura Teresa Urrutia, gerente de una Caja de Crédito.;crédito;m;1;PROPN;flat;1;1
Pero en las agencias del  banco Cuscatlán de la ciudad de San Miguel el panorama se vuelve desalentador.;banco;m;0;NOUN;nmod;1;1
“Esta mal que venimos desde la madrugada y nos dicen que aquí en este banco no pueden pagar el bono, que sólo a los que tienen cuanta bancaria  se las pagan, pero el presidente dijo que en cualquier banco tendrían que pagarla, yo así entendí por eso me vine hasta aquí”, sostiene Blanca Martínez.;aquí;adv;0;ADV;advmod;1;0
“Esta mal que venimos desde la madrugada y nos dicen que aquí en este banco no pueden pagar el bono, que sólo a los que tienen cuanta bancaria  se las pagan, pero el presidente dijo que en cualquier banco tendrían que pagarla, yo así entendí por eso me vine hasta aquí”, sostiene Blanca Martínez.;banco;m;0;NOUN;obl;1;1
“Esta mal que venimos desde la madrugada y nos dicen que aquí en este banco no pueden pagar el bono, que sólo a los que tienen cuanta bancaria  se las pagan, pero el presidente dijo que en cualquier banco tendrían que pagarla, yo así entendí por eso me vine hasta aquí”, sostiene Blanca Martínez.;banco;m;0;NOUN;obl;1;1
“Esta mal que venimos desde la madrugada y nos dicen que aquí en este banco no pueden pagar el bono, que sólo a los que tienen cuanta bancaria  se las pagan, pero el presidente dijo que en cualquier banco tendrían que pagarla, yo así entendí por eso me vine hasta aquí”, sostiene Blanca Martínez.;aquí;adv;0;ADV;advmod;1;0
Según algunos responsables de algunas sucursales bancarias, no tienen orden ni disponen del dinero para pagar el bono, solamente quienes poseen cuentas de ahorro pueden retirar, si ya se les hizo efectivo el bono a cuenta personal, en caso contrario no podrán cobrar su bono en remesa.;les;pron;0;PRON;obj;1;1
Mientras tanto miles de salvadoreños están llegando a los bancos a reclamar su bono, muchos de ellos incluso desconociendo si son candidatos para recibir el beneficio continúan realizando largas filas.;reclamar;v;0;VERB;xcomp;1;1
Mientras tanto miles de salvadoreños están llegando a los bancos a reclamar su bono, muchos de ellos incluso desconociendo si son candidatos para recibir el beneficio continúan realizando largas filas.;recibir;v;0;VERB;acl;1;1
El  Centro de Atención por Demanda (CENADE) en San Miguel,  permaneció cerrado desde el lunes, que el mandatario tomó a bien el cierre a nivel nacional, y permanecerán cerrados hasta nuevo aviso.;centro;m;0;PROPN;nsubj;1;1
El  Centro de Atención por Demanda (CENADE) en San Miguel,  permaneció cerrado desde el lunes, que el mandatario tomó a bien el cierre a nivel nacional, y permanecerán cerrados hasta nuevo aviso.;cierre;m;0;NOUN;obj;1;1
"En una conversación en línea con el rapero puertorriqueño, René Pérez Joglar, ""Residente"", el presidente de la República de El Salvador, Nayib Bukele, dijo que su gobierno planea graduar a los médicos y enfermeras que están en sus últimos años de estudios.";línea;f;0;NOUN;nmod;1;1
"""Queremos graduar a los médicos que solo les falta la tesis"", dijo Bukele en la conversación en línea con Residente.";les;pron;0;PRON;obj;1;1
"""Queremos graduar a los médicos que solo les falta la tesis"", dijo Bukele en la conversación en línea con Residente.";línea;f;0;NOUN;fixed;1;1
"Bukele explicó que hoy no se necesitan, pero ""los vamos a necesitar en poco tiempo"", dijo ante la emergencia de la pandemia por el Covid-19.";emergencia;f;0;NOUN;obl;1;1
El mandatario salvadoreño dijo que también diseñan un plan para llevar alivio financiero a los estudiantes universitarios, además de un alivio para los que temen perder el ciclo universitario o el año escolar.;plan;m;0;NOUN;obj;1;1
El mandatario salvadoreño dijo que también diseñan un plan para llevar alivio financiero a los estudiantes universitarios, además de un alivio para los que temen perder el ciclo universitario o el año escolar.;llevar;v;0;VERB;acl;1;1
El mandatario salvadoreño dijo que también diseñan un plan para llevar alivio financiero a los estudiantes universitarios, además de un alivio para los que temen perder el ciclo universitario o el año escolar.;perder;v;0;VERB;xcomp;1;1
El mandatario salvadoreño dijo que también diseñan un plan para llevar alivio financiero a los estudiantes universitarios, además de un alivio para los que temen perder el ciclo universitario o el año escolar.;ciclo;m;1;NOUN;obj;1;1
El mandatario salvadoreño dijo que también diseñan un plan para llevar alivio financiero a los estudiantes universitarios, además de un alivio para los que temen perder el ciclo universitario o el año escolar.;año;m;0;NOUN;conj;1;1
El mandatario salvadoreño dijo que también diseñan un plan para llevar alivio financiero a los estudiantes universitarios, además de un alivio para los que temen perder el ciclo universitario o el año escolar.;escolar;m;0;ADJ;amod;1;0
Las clases en todos los centros educativos, públicos y privados, fueron suspendidas desde el pasado 11 de marzo, cuando Bukele declaró alerta roja por la pandemia.;roja;f;0;ADJ;amod;1;0
Desde entonces, los estudiantes han seguido sus clases y actividades en línea y a través de guías entregadas antes de la cuarentena domiciliar.;línea;f;0;NOUN;nmod;1;1
"De momento El Salvador se mantiene solo con un caso; sin embargo, en los resultados divulgados esta mañana  no está incluido el de la infectóloga que regresó el pasado 11 de marzo al país y que, se presume, ingresó por un punto ciego fronterizo, será hasta la 1:00 de la tarde que se tendrá dicho resultado, así como el de otras 82 pruebas que también se hicieron ayer.";punto;m;0;NOUN;obl;1;1
"Bukele dijo que la prueba de la especialista que “evadió el control sanitario” y puesta ayer en cuarentena ""entró en la tanda de la noche"", junto a las de las otras 82 personas que estuvieron en riesgo de contacto, pero “ninguno calificado como sospechoso”.";tanda;f;0;NOUN;obl;1;1
El primer paciente contagiado fue anunciado el pasado miércoles durante cadena nacional, ayer, el viceministro de Operaciones en Salud, Francisco Alabí, informó que es un adulto joven entre 20 a 40 años de edad que se encuentra estable.;miércoles;sust(m/f)/adj;0;NOUN;obl;1;1
El primer paciente contagiado fue anunciado el pasado miércoles durante cadena nacional, ayer, el viceministro de Operaciones en Salud, Francisco Alabí, informó que es un adulto joven entre 20 a 40 años de edad que se encuentra estable.;cadena;f;0;NOUN;obl;1;1
En conferencia de prensa, Milton Brizuela, presidente del Colegio Médico, dijo que es importante apoyar “al sector más vulnerable ante esta crisis”, pero consideró primordial que se mantengan las medidas para evitar más contagios del nuevo coronavirus.;prensa;f;0;NOUN;nmod;1;1
“No debemos olvidar que el fin primordial de las medidas adoptadas, que nos han llevado a una cuarentena, es salvaguardar la vida de los salvadoreños, por lo tanto lamentamos que gracias a este mecanismo improvisado se haya roto la cuarentena domiciliar, que en su mayoría ha cumplido el pueblo salvadoreño”, dijo.;cumplido;m;0;VERB;acl;1;0
Bukele informó que las personas afectadas por la cuarentena domiciliar, a raíz de la emergencia por coronavirus, tendrían un bono de $300.;emergencia;f;0;NOUN;obl;1;1
Sin embargo, ayer por la mañana, cientos de salvadoreños, que no estaban bien informados sobre el mecanismo, llegaron a los Cenade y a distintos bancos a recoger el bono.;sobre;m;0;ADP;case;1;0
Sin embargo, ayer por la mañana, cientos de salvadoreños, que no estaban bien informados sobre el mecanismo, llegaron a los Cenade y a distintos bancos a recoger el bono.;recoger;v;0;VERB;xcomp;1;1
“(Se) ha puesto en riesgo a nuestro país, por ello exigimos la corrección del mecanismo de consulta y entrega de dicho bono a la brevedad, ya que este sector de la población, que ha salido a la calle, es evidente que está sufriendo necesidad y hambre en este momento”, expresó Brizuela.;puesto;m;0;VERB;ccomp;1;0
“(Se) ha puesto en riesgo a nuestro país, por ello exigimos la corrección del mecanismo de consulta y entrega de dicho bono a la brevedad, ya que este sector de la población, que ha salido a la calle, es evidente que está sufriendo necesidad y hambre en este momento”, expresó Brizuela.;calle;f;0;NOUN;obl;1;1
“A nosotros como médicos, y que hemos estado preparándonos para enfrentar de la mejor manera la epidemia, nos pone en un panorama diferente al que teníamos hace unos días, ya que esta salida de mucha gente a la calle probable haga que el virus circule en forma masiva y que la cantidad de casos vaya incrementando”, vaticinó.;manera;f;0;NOUN;obj;1;1
“A nosotros como médicos, y que hemos estado preparándonos para enfrentar de la mejor manera la epidemia, nos pone en un panorama diferente al que teníamos hace unos días, ya que esta salida de mucha gente a la calle probable haga que el virus circule en forma masiva y que la cantidad de casos vaya incrementando”, vaticinó.;calle;f;0;NOUN;nmod;1;1
Al término de esta nota, el Gobierno informó de 32 casos confirmados de coronavirus en el país, 29 importados y tres locales, estos últimos fueron registrados en Santa Ana y Usulután.;tres;m;0;NUM;nummod;1;0
Según el reporte preliminar de las autoridades, el detenido fue identificado como Timoteo León Zelada de 55 años de edad, quien se dedicaba al cobro de extorsión a los comerciantes del mercado central de la capital.;central;m;0;ADJ;amod;1;0
Al mismo tiempo se le incautó tres teléfonos celulares.;tres;m;0;NUM;nummod;1;0
La Catedral de San Miguel lució abarrotada de fieles, quienes hicieron largas filas para recibir la señal de la cruz en la frente, hecha con ceniza, que para la iglesia tiene un significado de conversión.;recibir;v;0;VERB;advcl;1;1
Mientras que en San Salvador, salvadoreños acudieron a iglesias como Catedral Metropolitana de San Salvador y en la Iglesia Don Rúa para la eucarística del Miércoles de Ceniza.;miércoles;sust(m/f)/adj;0;PROPN;nmod;1;1
El Juzgado Especializado de Sentencia instaló este jueves el juicio en contra de Henry Salazar, por los delitos de feminicidio agravado y aborto sin consentimiento.;contra;f;0;NOUN;fixed;1;1
Según la FGR, el imputado asesinó a su novia porque no estaba de acuerdo con el embarazo, y le había propuesto que abortara, pero ella se negó, razón por la cual la asesinó el 20 octubre del año 2017.;año;m;0;NOUN;compound;1;1
"""El régimen de prueba de cargo que se tiene son bastantes contundentes, nos estamos basando prácticamente a nivel de prueba pericial, prueba testimoniales, así como también hay prueba documental que puede aportar y puede venir a fortalecer la acusación que Fiscalía está presentando contra el imputado en la cual se puede demostrar de manera contundente que él ha participado directamente en el homicidio tanto de la madre como del no nacido"", dijo el fiscal del caso.";venir;v;0;VERB;conj;1;1
"""El régimen de prueba de cargo que se tiene son bastantes contundentes, nos estamos basando prácticamente a nivel de prueba pericial, prueba testimoniales, así como también hay prueba documental que puede aportar y puede venir a fortalecer la acusación que Fiscalía está presentando contra el imputado en la cual se puede demostrar de manera contundente que él ha participado directamente en el homicidio tanto de la madre como del no nacido"", dijo el fiscal del caso.";contra;f;0;ADP;case;1;0
"""El régimen de prueba de cargo que se tiene son bastantes contundentes, nos estamos basando prácticamente a nivel de prueba pericial, prueba testimoniales, así como también hay prueba documental que puede aportar y puede venir a fortalecer la acusación que Fiscalía está presentando contra el imputado en la cual se puede demostrar de manera contundente que él ha participado directamente en el homicidio tanto de la madre como del no nacido"", dijo el fiscal del caso.";manera;f;0;NOUN;obl;1;1
"""El régimen de prueba de cargo que se tiene son bastantes contundentes, nos estamos basando prácticamente a nivel de prueba pericial, prueba testimoniales, así como también hay prueba documental que puede aportar y puede venir a fortalecer la acusación que Fiscalía está presentando contra el imputado en la cual se puede demostrar de manera contundente que él ha participado directamente en el homicidio tanto de la madre como del no nacido"", dijo el fiscal del caso.";madre;f;0;NOUN;nmod;1;1
Además, comunicó que solicitarán que se cambie el delito de aborto sin consentimiento por homicidio agravado, cuya pena máxima que podría recibir Salazar sería 35 años de cárcel, mientras que por el delito de feminicio agravado la pena máxima es de 50 años, explicó el fiscal.;pena;f;0;NOUN;nsubj;1;1
Además, comunicó que solicitarán que se cambie el delito de aborto sin consentimiento por homicidio agravado, cuya pena máxima que podría recibir Salazar sería 35 años de cárcel, mientras que por el delito de feminicio agravado la pena máxima es de 50 años, explicó el fiscal.;recibir;v;0;VERB;acl;1;1
Además, comunicó que solicitarán que se cambie el delito de aborto sin consentimiento por homicidio agravado, cuya pena máxima que podría recibir Salazar sería 35 años de cárcel, mientras que por el delito de feminicio agravado la pena máxima es de 50 años, explicó el fiscal.;pena;f;0;NOUN;nsubj;1;1
El cadáver de Lilian Beatriz Méndez fue localizado el 21 de octubre de 2017 sobre la autopista Comalapa, jurisdicción de Olocuilta, La Paz.;sobre;m;0;ADP;case;1;0
Un elemento del Cuerpo de Agentes Metropolitanos (CAM) fue detenido ayer, luego de haber disparado a un supuesto ladrón que murió en la intercepción de la 1a calle Oriente y la 14 avenida Norte, cerca de la zona conocida como “La Avenida”, ayer en la mañana.;ladrón;m;0;NOUN;obj;1;1
"El supuesto ladrón no había sido identificado, según la Fiscalía General de la República, hasta ayer en la noche, pero rondaba entre los 30 y 35 años de edad; fue asesinado a balazos en un supuesto intercambio de disparos con vigilantes privados, según la versión de la Policía Nacional Civil.";ladrón;m;0;NOUN;nsubj;1;1
El hecho ocurrió aproximadamente a las 11:30 de la mañana, a una cuadra al norte de la plaza Zurita, en San Salvador.;cuadra;f;0;NOUN;nmod;1;1
"Según las versiones policial y fiscal, dos sujetos habían robado en un bus del transporte colectivo, se bajaron y corrían por la zona; en ese momento, agentes del CAM intentaron intervenirlos.";zona;f;0;NOUN;obl;1;1
Según la policía, el muerto habría sacado un arma de fuego, donde se habría originado el tiroteo.;tiroteo;m;0;NOUN;nsubj;1;1
"“Una persona había robado minutos antes, por lo que vigilantes de la zona, al ver lo sospechoso de los tipos, deciden interceptarlos y uno de ellos sacó un arma de fuego, por lo que reacciona el vigilante, haciéndole el disparo; en el mismo instante una patrulla de la PNC llega al lugar, el sujeto está vivo, pide la asistencia, pero minutos después muere”, este fue el relato del oficial de servicio de indicativo Gerson.";zona;f;0;NOUN;nmod;1;1
"“Una persona había robado minutos antes, por lo que vigilantes de la zona, al ver lo sospechoso de los tipos, deciden interceptarlos y uno de ellos sacó un arma de fuego, por lo que reacciona el vigilante, haciéndole el disparo; en el mismo instante una patrulla de la PNC llega al lugar, el sujeto está vivo, pide la asistencia, pero minutos después muere”, este fue el relato del oficial de servicio de indicativo Gerson.";ver;v;0;VERB;advcl;1;1
"“Una persona había robado minutos antes, por lo que vigilantes de la zona, al ver lo sospechoso de los tipos, deciden interceptarlos y uno de ellos sacó un arma de fuego, por lo que reacciona el vigilante, haciéndole el disparo; en el mismo instante una patrulla de la PNC llega al lugar, el sujeto está vivo, pide la asistencia, pero minutos después muere”, este fue el relato del oficial de servicio de indicativo Gerson.";disparo;m;0;NOUN;obj;1;1
"“Una persona había robado minutos antes, por lo que vigilantes de la zona, al ver lo sospechoso de los tipos, deciden interceptarlos y uno de ellos sacó un arma de fuego, por lo que reacciona el vigilante, haciéndole el disparo; en el mismo instante una patrulla de la PNC llega al lugar, el sujeto está vivo, pide la asistencia, pero minutos después muere”, este fue el relato del oficial de servicio de indicativo Gerson.";asistencia;f;0;NOUN;obj;1;1
Según la policía, el arma que portaba la persona que murió acababa de ser robada.;ser;m;0;AUX;aux;1;0
“La víctima dueña del arma de fuego, de la pistola, sí se presentó a una unidad policial a poner la denuncia, de que este sujeto le robó el arma de fuego y otras dos víctimas, que manifiestan que les robó el celular a cada uno de ellos”, agregó el oficial de servicio.;pistola;f;0;NOUN;nmod;1;1
“La víctima dueña del arma de fuego, de la pistola, sí se presentó a una unidad policial a poner la denuncia, de que este sujeto le robó el arma de fuego y otras dos víctimas, que manifiestan que les robó el celular a cada uno de ellos”, agregó el oficial de servicio.;poner;v;0;VERB;advcl;1;1
“La víctima dueña del arma de fuego, de la pistola, sí se presentó a una unidad policial a poner la denuncia, de que este sujeto le robó el arma de fuego y otras dos víctimas, que manifiestan que les robó el celular a cada uno de ellos”, agregó el oficial de servicio.;les;pron;0;PRON;obj;1;1
Otras versiones policiales indican que al menos tres sujetos perseguían al ladrón, luego de haber sido víctimas del robo.;tres;m;0;NUM;nummod;1;0
Otras versiones policiales indican que al menos tres sujetos perseguían al ladrón, luego de haber sido víctimas del robo.;ladrón;m;0;NOUN;obj;1;1
El asalto había ocurrido en un autobús unas tres cuadras al oriente de donde ocurrió el tiroteo.;tres;m;0;NUM;nummod;1;0
El asalto había ocurrido en un autobús unas tres cuadras al oriente de donde ocurrió el tiroteo.;tiroteo;m;0;NOUN;nsubj;1;1
La zona fue acordonada por la PNC mientras inspecciones oculares levantaba huellas de la víctima y los participantes en el homicidio.;zona;f;0;NOUN;nsubj;1;1
En otro hecho, la PNC también registró el homicidio de Jaime Lisandro Martínez Tejada, alias “Chirajito”, quien fue asesinado en el cantón El Centro, de Santa Cruz Michapa, Cuscatlán, en la zona conocida como Cruz Verde.;centro;m;0;PROPN;appos;1;1
En otro hecho, la PNC también registró el homicidio de Jaime Lisandro Martínez Tejada, alias “Chirajito”, quien fue asesinado en el cantón El Centro, de Santa Cruz Michapa, Cuscatlán, en la zona conocida como Cruz Verde.;zona;f;0;NOUN;obl;1;1
Con esta nueva captura, sumarían 21 los cabecillas capturados desde que la PNC publicó el listado de los 100 pandilleros más buscados, en el marco de la aplicación de las medidas extraordinarias, que se establecieron desde el pasado 28 de marzo.;listado;m;1;NOUN;obj;1;1
El director de la corporación policial, Howard Cotto, reportó el pasado martes que iban 15 cabecillas capturados y cinco más fallecidos en diferentes circunstancias.;cinco;m;0;NUM;conj;1;0
Los imputados, aparecen en el mismo listado.;listado;m;1;NOUN;obl;1;1
La comisionada presidencial, Carolina Recinos, reveló que el presidente de la República ha ordenado, si es necesario, pagar un avión para sacar a Rebeca Castrillo, Sussy Melgar y Daniela López, tres becarias salvadoreñas, de la ciudad de Wuhan, epicentro del coronavirus.;carolina;f;0;PROPN;appos;1;1
La comisionada presidencial, Carolina Recinos, reveló que el presidente de la República ha ordenado, si es necesario, pagar un avión para sacar a Rebeca Castrillo, Sussy Melgar y Daniela López, tres becarias salvadoreñas, de la ciudad de Wuhan, epicentro del coronavirus.;avión;m;0;NOUN;obj;1;1
La comisionada presidencial, Carolina Recinos, reveló que el presidente de la República ha ordenado, si es necesario, pagar un avión para sacar a Rebeca Castrillo, Sussy Melgar y Daniela López, tres becarias salvadoreñas, de la ciudad de Wuhan, epicentro del coronavirus.;sacar;v;0;VERB;acl;1;1
La comisionada presidencial, Carolina Recinos, reveló que el presidente de la República ha ordenado, si es necesario, pagar un avión para sacar a Rebeca Castrillo, Sussy Melgar y Daniela López, tres becarias salvadoreñas, de la ciudad de Wuhan, epicentro del coronavirus.;tres;m;0;NUM;nummod;1;0
“Lo que vamos a hacer, ya que China ha puesto restricciones, de sacar población de esa ciudad hacia otras ciudades, si es necesario pagar chárter especiales para ellas lo vamos a hacer, el presidente ha dado la orden”, dijo Recinos en una entrevista radial de YSKL, ayer.;china;f;0;PROPN;nsubj;1;1
“Lo que vamos a hacer, ya que China ha puesto restricciones, de sacar población de esa ciudad hacia otras ciudades, si es necesario pagar chárter especiales para ellas lo vamos a hacer, el presidente ha dado la orden”, dijo Recinos en una entrevista radial de YSKL, ayer.;puesto;m;0;VERB;advcl;1;0
“Lo que vamos a hacer, ya que China ha puesto restricciones, de sacar población de esa ciudad hacia otras ciudades, si es necesario pagar chárter especiales para ellas lo vamos a hacer, el presidente ha dado la orden”, dijo Recinos en una entrevista radial de YSKL, ayer.;sacar;v;0;VERB;advcl;1;1
“Lo que vamos a hacer, ya que China ha puesto restricciones, de sacar población de esa ciudad hacia otras ciudades, si es necesario pagar chárter especiales para ellas lo vamos a hacer, el presidente ha dado la orden”, dijo Recinos en una entrevista radial de YSKL, ayer.;dado;m;0;VERB;ccomp;1;0
“Lo que vamos a hacer, ya que China ha puesto restricciones, de sacar población de esa ciudad hacia otras ciudades, si es necesario pagar chárter especiales para ellas lo vamos a hacer, el presidente ha dado la orden”, dijo Recinos en una entrevista radial de YSKL, ayer.;orden;f;0;NOUN;obj;1;1
Diario El Mundo publicó ayer la súplica de las tres jóvenes becarias salvadoreñas: “Sáquennos de aquí”.;tres;m;0;NUM;nummod;1;0
Diario El Mundo publicó ayer la súplica de las tres jóvenes becarias salvadoreñas: “Sáquennos de aquí”.;aquí;adv;0;ADV;advmod;1;0
“Yo sí deseo que me saquen de aquí.;aquí;adv;0;ADV;advmod;1;0
Y estoy dispuesta a pasar cualquier chequeo médico para que descarten que tengo el virus.;pasar;v;0;VERB;xcomp;1;1
Y estoy dispuesta a pasar cualquier chequeo médico para que descarten que tengo el virus.;chequeo;m;1;NOUN;obj;1;1
No veo avances aquí”, dijo Castrillo a este medio.;aquí;adv;0;ADV;advmod;1;0
No veo avances aquí”, dijo Castrillo a este medio.;medio;m;0;NOUN;obl;1;1
Ayer mismo, el gobierno confirmó que recibió a dos jóvenes provenientes de Beijing, China, por quienes se activaron los protocolos de emergencia para ponerlos en cuarentena y descartar que son portadores del coronavirus.;china;f;0;PROPN;conj;1;1
Ayer mismo, el gobierno confirmó que recibió a dos jóvenes provenientes de Beijing, China, por quienes se activaron los protocolos de emergencia para ponerlos en cuarentena y descartar que son portadores del coronavirus.;emergencia;f;0;NOUN;nmod;1;1
En un comunicado de prensa, Casa Presidencial informó que el viceministro de operaciones, Francisco Alabí “coordinó la aplicación del protocolo” y se cumplió con la identificación y desabordaje controlado.;comunicado;m;1;NOUN;obl;1;1
En un comunicado de prensa, Casa Presidencial informó que el viceministro de operaciones, Francisco Alabí “coordinó la aplicación del protocolo” y se cumplió con la identificación y desabordaje controlado.;prensa;f;0;NOUN;nmod;1;1
En un comunicado de prensa, Casa Presidencial informó que el viceministro de operaciones, Francisco Alabí “coordinó la aplicación del protocolo” y se cumplió con la identificación y desabordaje controlado.;casa;f;0;PROPN;nsubj;1;1
En un comunicado de prensa, Casa Presidencial informó que el viceministro de operaciones, Francisco Alabí “coordinó la aplicación del protocolo” y se cumplió con la identificación y desabordaje controlado.;identificación;f;0;NOUN;obj;1;1
Con ellos, ya son cinco jóvenes salvadoreños que están en cuarentena luego de regresar del país oriental.;cinco;m;0;NUM;nummod;1;0
El exministro de Seguridad, Benito Lara, llegó al juzgado Segundo de Paz de San Salvador para conocer el proceso penal que la Fiscalía General de la República inció en su contra y de siete personas más, el sábado 1 de febrero.;contra;f;0;NOUN;obl;1;1
El exministro de Seguridad, Benito Lara, llegó al juzgado Segundo de Paz de San Salvador para conocer el proceso penal que la Fiscalía General de la República inció en su contra y de siete personas más, el sábado 1 de febrero.;siete;m;0;NUM;nummod;1;0
"Sobre las acusaciones dijo que es inocente y que ""en la audiencia vamos a decir todo"".";sobre;m;0;ADP;case;1;0
"Dijo que ""se logra ver"" un doble juzgamiento.";ver;v;0;VERB;xcomp;1;1
"Dijo que ""se logra ver"" un doble juzgamiento.";doble;m;0;ADJ;amod;1;0
Los hechos que se les imputan iniciaron en la Tregua entre pandillas en el periodo del expresidente Mauricio Funes, “en el que los políticos se percataron que miembros de estructuras de pandillas tenían cierto poder para inclinar la balanza electoral de los comicios” de 2014.;les;pron;0;PRON;obj;1;1
La Fiscalía General de la República (FGR) decomisó este miércoles, 25 propiedades y dos productos financieros a nombre del expresidente de la Asamblea Legislativa, Sigfrido Reyes, y otros acusados vinculados a una red de lavado de dinero.;miércoles;sust(m/f)/adj;0;NOUN;obl;1;1
La Fiscalía General de la República (FGR) decomisó este miércoles, 25 propiedades y dos productos financieros a nombre del expresidente de la Asamblea Legislativa, Sigfrido Reyes, y otros acusados vinculados a una red de lavado de dinero.;lavado;m;0;ADJ;amod;1;0
Además de Reyes, las propiedades, que estarán bajo el cargo del Consejo Nacional de Administración de Bienes (CONAB), también pertenecen a Earle René Reyes y Byron Enrique Larrazábal, hermano y socio de Reyes.;bajo;m;0;ADP;case;1;0
Sigfrido Reyes es procesado por los delitos de peculado, lavado de dinero y estafa.;lavado;m;0;ADJ;amod;1;0
Según la acusación del Ministerio Publico lavó $6 millones de la compra de terrenos del Instituto de Previsional Social de la Fuerza Armada (IPSFA) y del cobro de viáticos que hacía.;social;m/f;0;PROPN;flat;1;1
En el caso también están implicadas personal de la gerencia general y la jefatura de inmuebles, quienes emitieron un dictamen para bajar el precio de los lotes vendidos a la sociedad Terrein, propiedad de Reyes y de su socio, Larrazábal.;bajar;v;0;VERB;acl;1;1
Reyes y su socio se encuentran prófugos de la justicia, las autoridades solicitaron la difusión roja con la Policía Internacional (Interpol) para lograr su captura.;roja;f;0;ADJ;amod;1;0
A continuación se detallan los afectados y la cantidad de bienes bajo medidas cautelares, según la FGR: -Othon Sigfrido Reyes Morales: 5 inmuebles.;bajo;m;0;ADP;case;1;0
El pasado mes de febrero el Gobierno se declaró en emergencia e inició un plan contingencial debido a la crisis hídrica que estaba afectando a la población salvadoreña y que impedía ser abastecida con agua potable.;emergencia;f;0;NOUN;obl;1;1
El pasado mes de febrero el Gobierno se declaró en emergencia e inició un plan contingencial debido a la crisis hídrica que estaba afectando a la población salvadoreña y que impedía ser abastecida con agua potable.;plan;m;0;NOUN;obj;1;1
El pasado mes de febrero el Gobierno se declaró en emergencia e inició un plan contingencial debido a la crisis hídrica que estaba afectando a la población salvadoreña y que impedía ser abastecida con agua potable.;ser;m;0;AUX;aux;1;0
El pasado mes de febrero el Gobierno se declaró en emergencia e inició un plan contingencial debido a la crisis hídrica que estaba afectando a la población salvadoreña y que impedía ser abastecida con agua potable.;agua;f;0;NOUN;obl;1;1
Constantemente, los pobladores de municipios como San Martín, Ilopango, Soyapango y Apopa protestaban y bloqueaban las principales vías de esas jurisdicciones como protesta por la falta de agua.;agua;f;0;NOUN;nmod;1;1
Sin embargo, esa problemática por la cual el Gobierno se declaró en emergencia podría finalizar entre 30 y 40 días, según lo anunció ayer el presidente de la Administración Nacional de Acueductos y Alcantarillados (ANDA), Marco Fortín.;emergencia;f;0;NOUN;obl;1;1
Señaló que el desabastecimiento del agua potable está pasando una etapa “de transición hacia la normalidad”.;agua;f;0;NOUN;nmod;1;1
“Estamos en la ruta correcta.;ruta;f;0;NOUN;obl;1;1
Yo creo que de 30 a 40 días puede determinarse que se está en la normalidad (del suministro de agua potable)”, dijo tras presentar las acciones que han sido ejecutadas por el Gobierno para paliar la crisis hídrica.;agua;f;0;NOUN;nmod;1;1
Yo creo que de 30 a 40 días puede determinarse que se está en la normalidad (del suministro de agua potable)”, dijo tras presentar las acciones que han sido ejecutadas por el Gobierno para paliar la crisis hídrica.;presentar;v;0;VERB;advcl;1;1
Como parte de esas acciones, el titular de la autónoma señaló que 18,221 familias que equivalen a unas 91,000 personas han sido beneficiadas con la instalación de cisternas en sus comunidades y con las pipas que han llegado a abastecerlos con agua potable.;agua;f;0;NOUN;obl;1;1
Dijo, además , que están trabajando en la reparación de fugas de agua que anualmente deja pérdidas de $128 millones.;agua;f;0;NOUN;nmod;1;1
El Tribunal Quinto de Sentencia de San Salvador enjuicia desde hoy a diez personas del caso conocido como “Viudas Negras”, la Fiscalía General de la República (FGR) los acusa por el delito de trata de personas agravada en la modalidad de matrimonio forzado en perjuicio de dos víctimas.;diez;m;0;NUM;nummod;1;0
Les atribuyen además, agrupaciones ilícitas, falsedad ideológica, suplantación y alteración del estado familiar.;les;pron;0;PRON;obj;1;1
Este es el segundo proceso que la estructura enfrenta, ya que el 19 de mayo del año 2019, el Juzgado Especializado de Sentencia “A” de San Salvador condenó a penas que oscilan entre los 15 y 30 años a siete imputados.;año;m;0;NOUN;compound;1;1
Este es el segundo proceso que la estructura enfrenta, ya que el 19 de mayo del año 2019, el Juzgado Especializado de Sentencia “A” de San Salvador condenó a penas que oscilan entre los 15 y 30 años a siete imputados.;siete;m;0;NUM;nummod;1;0
En las pesquisas el Ministerio Público descubrió que Esmeralda Aravel Flores Acosta, reclutaba a las víctimas ofreciéndoles trabajo como domésticas, buscaban mujeres solteras para obligarlas a casarse, y contratar seguros de vida a favor del cónyuge por de $30 mil y $60 mil, para después asesinarlos y cobrarlos.;esmeralda;f;0;PROPN;nsubj;1;1
En las pesquisas el Ministerio Público descubrió que Esmeralda Aravel Flores Acosta, reclutaba a las víctimas ofreciéndoles trabajo como domésticas, buscaban mujeres solteras para obligarlas a casarse, y contratar seguros de vida a favor del cónyuge por de $30 mil y $60 mil, para después asesinarlos y cobrarlos.;trabajo;m;0;NOUN;obl;1;1
“Una vez captadas las víctimas no las dejaban salir, había otros miembros de esa estructura que les brindaban vigilancia para que no se escaparan, pero la finalidad principal, a parte de la explotación laboral era casarlas con otras personas para luego cobrar los seguros”, agregó la representante de la Fiscalía.;les;pron;0;PRON;obj;1;1
Figuran además Esmeralda Arabel Flores Acosta, María José Flores Acosta, Juan Abilio Guerra Melgar, Franklin Bladimir López Flores, Roberto Omar Álvarez Leiva, Wilber Javier Cáceres Benítez, Edith Emelda Ramírez y María Cristina Flores de Cruz.;esmeralda;f;0;PROPN;nsubj;1;1
"[caption id=""attachment_616890"" align=""aligncenter"" width=""627""]  Madre e hijo fueron asesinados en su vivienda en horas de la madrugada.";madre;f;0;PROPN;flat;1;1
M.[/caption]   Madre e hijo, supuestos familiares de un agente de la corporación policial, fueron asesinados ayer en el caserío La Bomba, cantón Palacios de San Rafael Cedros, Cuscatlán.;madre;f;0;PROPN;flat;1;1
M.[/caption]   Madre e hijo, supuestos familiares de un agente de la corporación policial, fueron asesinados ayer en el caserío La Bomba, cantón Palacios de San Rafael Cedros, Cuscatlán.;bomba;f;0;PROPN;appos;1;1
Al menos cinco sujetos con vestimentas negras similares a las que usa la Policía, llegaron a sacar a sus víctimas de su vivienda  en la madrugada.;cinco;m;0;NUM;nummod;1;0
Al menos cinco sujetos con vestimentas negras similares a las que usa la Policía, llegaron a sacar a sus víctimas de su vivienda  en la madrugada.;sacar;v;0;VERB;xcomp;1;1
grado en la escuela local.;grado;m;1;NOUN;ROOT;1;1
El móvil del doble crimen  aún está siendo investigado.;doble;m;0;ADJ;amod;1;0
Aunque podría estar vinculado a los ataques de las organizaciones criminales contra parientes de policías y militares.;estar;v;0;AUX;aux;1;0
Aunque podría estar vinculado a los ataques de las organizaciones criminales contra parientes de policías y militares.;contra;f;0;ADP;case;1;0
En los primeros días de enero habría sido emitido un comunicado interno, advirtiendo sobre ataques armados contra los familiares del personal de ambas instituciones.;comunicado;m;0;NOUN;nsubj;1;1
En los primeros días de enero habría sido emitido un comunicado interno, advirtiendo sobre ataques armados contra los familiares del personal de ambas instituciones.;sobre;m;0;ADP;case;1;0
En los primeros días de enero habría sido emitido un comunicado interno, advirtiendo sobre ataques armados contra los familiares del personal de ambas instituciones.;contra;f;0;ADP;case;1;0
Recientemente el director de Centros Penales confirmó que investigaban a pandilleros de la MS, del penal de Izalco, que habrían ordenado atacar a parientes de policías y militares.;atacar;v;0;VERB;xcomp;1;1
El caso más reciente fue el ametrallamiento de un vehículo donde se conducía el hijo del exjefe del Estado Mayor Conjunto de la Fuerza Armada.;mayor;m;0;PROPN;flat;1;1
El ataque ocurrió en el sector del redondel Artiga, conocido como “Luceiro”, en la colonia Escalón de San Salvador.;colonia;f;0;NOUN;obl;1;1
Los cortadores de café Gregorio Alfonso Yanes, de 30 y un sujeto, de 55, apodado “El Chicle”.;chicle;m;1;PROPN;obj;1;1
Hace más de 10 días los cadáveres de tres cortadores del café fueron localizados entre los cafetales de esa misma propiedad.;tres;m;0;NUM;nummod;1;0
La Fiscalía reportó el hallazgo de una cabeza humana en el pasaje Los Blancos, cantón Chancala, Mejicanos.;cabeza;f;0;NOUN;nmod;1;1
La Fiscalía reportó el hallazgo de una cabeza humana en el pasaje Los Blancos, cantón Chancala, Mejicanos.;pasaje;m;0;NOUN;nmod;1;1
Los departamentos de Sonsonate, Usulután, la zona oriental de la capital: Soyapango, e Ilopango, registran actualmente la mayoría de homicidios del país.;zona;f;0;NOUN;appos;1;1
Mientras que los departamento de La Paz, Cuscatlán, y la zona norte de San Salvador, serían los más pacíficos, según indicó ayer el director de la Policía, Mauricio Ramírez Landaverde.;zona;f;0;NOUN;conj;1;1
La comisión ad hoc de la Asamblea Legislativa que dará seguimiento a las acciones del Gobierno para atender a salvadoreños desaparecidos se reunió ayer por primera vez y definió como su presidente al diputado de Arena Rodrigo Ávila.;atender;v;0;VERB;advcl;1;1
Acordaron solicitar un cambio de nombre a la junta directiva para incluir a todas las instituciones del Estado “debido a que se podría entender que se está supervisando solo las acciones del Gobierno central”, indicó.;central;m;0;ADJ;amod;1;0
La Comisión consultará a la Fiscalía General de la República, al Instituto de Medicina Legal y al Instituto Salvadoreño para el Desarrollo Integral de la Niñez y Adolescencia (Isna), y pedirá un mapa de información y prevalencia de desapariciones forzadas en el país, así como el informe de cumplimiento de protocolos de asistencia a familiares de desaparecidos.;asistencia;f;0;NOUN;nmod;1;1
La diputada de Gana, Rebeca Cervantes, aseguró que pedirán expedientes como la Ley Integral de Personas Desaparecidas, y la propuesta de ley del banco de ADN que facilite la identificación a familiares de víctimas.;banco;m;0;NOUN;nmod;1;1
La diputada de Gana, Rebeca Cervantes, aseguró que pedirán expedientes como la Ley Integral de Personas Desaparecidas, y la propuesta de ley del banco de ADN que facilite la identificación a familiares de víctimas.;identificación;f;0;NOUN;obj;1;1
El Ministerio de Medio Ambiente y Recursos Naturales (MARN) pronostica chubascos aislados para este lunes por una débil vaguada sobre Centroamérica generada por un frente frío sobre el Golfo de México.;medio;m;0;PROPN;flat;1;1
El Ministerio de Medio Ambiente y Recursos Naturales (MARN) pronostica chubascos aislados para este lunes por una débil vaguada sobre Centroamérica generada por un frente frío sobre el Golfo de México.;sobre;m;0;ADP;case;1;0
El Ministerio de Medio Ambiente y Recursos Naturales (MARN) pronostica chubascos aislados para este lunes por una débil vaguada sobre Centroamérica generada por un frente frío sobre el Golfo de México.;frío;m;0;ADJ;amod;1;0
El Ministerio de Medio Ambiente y Recursos Naturales (MARN) pronostica chubascos aislados para este lunes por una débil vaguada sobre Centroamérica generada por un frente frío sobre el Golfo de México.;sobre;m;0;ADP;case;1;0
Además, se espera el cielo se presente de poco a medio nublado y que el cima esté muy cálido durante el día y fresco por la noche y madrugada.;medio;m;0;NOUN;fixed;1;1
"[caption id=""attachment_1081607"" align=""aligncenter"" width=""1000""]  El renovado parque Cuscatlán luce sus mejores galas en las fiestas de Navidad y Fin de Año.";año;m;0;PROPN;flat;1;1
La PNC detalló que cinco de las capturas son por el delito de extorsión agravada, dos por estafa, dos por acoso sexual y violación en grado de tentativa, una por revelación de datos o información de carácter personal, una por lesiones, una por agrupaciones ilícitas y posesión y tenencia con fines de tráfico y tres por agrupaciones ilícitas, receptación y tenencia, portación o conducción Ilegal o irresponsable de arma de fuego.;cinco;m;0;NUM;nsubj;1;0
La PNC detalló que cinco de las capturas son por el delito de extorsión agravada, dos por estafa, dos por acoso sexual y violación en grado de tentativa, una por revelación de datos o información de carácter personal, una por lesiones, una por agrupaciones ilícitas y posesión y tenencia con fines de tráfico y tres por agrupaciones ilícitas, receptación y tenencia, portación o conducción Ilegal o irresponsable de arma de fuego.;grado;m;0;NOUN;nmod;1;1
La PNC detalló que cinco de las capturas son por el delito de extorsión agravada, dos por estafa, dos por acoso sexual y violación en grado de tentativa, una por revelación de datos o información de carácter personal, una por lesiones, una por agrupaciones ilícitas y posesión y tenencia con fines de tráfico y tres por agrupaciones ilícitas, receptación y tenencia, portación o conducción Ilegal o irresponsable de arma de fuego.;tres;m;0;NUM;conj;1;0
La Policía Nacional Civil capturó a Juan Carlos Hernández Vásquez, de 40 años de edad, por el homicidio en perjuicio de Anahy Miranda Rivas, de 27 años, una mujer trans, quien fue asesinada el pasado 27 de octubre, en el bulevar Los Héroes, frente a la discoteca Kairos, en San Salvador.;bulevar;m;1;NOUN;obl;1;1
De acuerdo a la información, la mujer trans fue arrastrada sobre el pavimento, al menos unos 150 metros.;sobre;m;0;ADP;case;1;0
Ambas víctimas fueron asesinadas este año y son miembros de la comunidad LGTBI.;año;m;0;NOUN;obl;1;1
Ambas víctimas fueron asesinadas este año y son miembros de la comunidad LGTBI.;comunidad;f;0;NOUN;nmod;1;1
La coordinadora de la Fundación para la Educación Superior (FES) de la Escuela Superior de Economía y Negocios (ESEN), Carolina Rovira recomendó ayer al Ministerio de Educación (Mined) incluir el tema migratorio en currícula escolar, debido a que se debe brindar apoyo a menores en condición de abandono por la migración.;carolina;f;0;PROPN;appos;1;1
La coordinadora de la Fundación para la Educación Superior (FES) de la Escuela Superior de Economía y Negocios (ESEN), Carolina Rovira recomendó ayer al Ministerio de Educación (Mined) incluir el tema migratorio en currícula escolar, debido a que se debe brindar apoyo a menores en condición de abandono por la migración.;escolar;m;0;ADJ;amod;1;0
“La escuela es el lugar donde se podría hacer, con más fuerza, una estrategia de apoyo curricularmente (porque) no nos hemos asumido como un país transnacional, el tema de la migración de las familias no está en nuestra currícula como algo que se hable que se discuta” aseveró Rovira.;transnacional;f;0;ADJ;amod;1;0
La coordinadora de la FES agregó que el fenómeno migratorio está invisibilizado y también está afectando a estudiantes que reciben remesas, porque no asisten a clases y se conformaron a solo recibir dinero.;fenómeno;m;0;NOUN;nsubj;1;1
La coordinadora de la FES agregó que el fenómeno migratorio está invisibilizado y también está afectando a estudiantes que reciben remesas, porque no asisten a clases y se conformaron a solo recibir dinero.;recibir;v;0;VERB;xcomp;1;1
Dicho problema es más grave en la zona rural del país, asegura Rovira.;zona;f;0;NOUN;obl;1;1
Dicho problema es más grave en la zona rural del país, asegura Rovira.;rural;f;0;ADJ;amod;1;0
"Ejemplificó que en Cuscatlán, en los primeros 19 días de junio de 2015, se reportaron 39 homicidios; pero en este año ascienden a 19.";año;m;0;NOUN;obl;1;1
Parte de ello son las medidas extraordinarias que han impedido la visita de familiares a los presos y el control de las señales telefónicas en siete cárceles.;visita;f;0;NOUN;obj;1;1
Parte de ello son las medidas extraordinarias que han impedido la visita de familiares a los presos y el control de las señales telefónicas en siete cárceles.;siete;m;0;NUM;nummod;1;0
La Fiscalía confirmó que Martínez había sido soldado y las autoridades no descartaron que el crimen pueda estar relacionado a ello .;estar;v;0;AUX;cop;1;0
Su cuerpo fue encontrado sobre la carretera que conduce a San Isidro Lempa.;sobre;m;0;ADP;case;1;0
Su cuerpo fue encontrado sobre la carretera que conduce a San Isidro Lempa.;conduce;m;0;VERB;acl;1;0
Mientras que en San Pablo Tacachico, en La Libertad falleció Melvin Alexander.;alexander;m;0;PROPN;flat;1;1
Las autoridades policiales lo acusan de ser miembro de una estructura delincuencial de la zona y de haber disparado contra un grupo de soldados, los cuales reaccionaron y lo asesinaron.;ser;m;0;AUX;cop;1;0
Las autoridades policiales lo acusan de ser miembro de una estructura delincuencial de la zona y de haber disparado contra un grupo de soldados, los cuales reaccionaron y lo asesinaron.;zona;f;0;NOUN;nmod;1;1
Las autoridades policiales lo acusan de ser miembro de una estructura delincuencial de la zona y de haber disparado contra un grupo de soldados, los cuales reaccionaron y lo asesinaron.;contra;f;0;ADP;case;1;0
Según Cotto, solo el sábado hubo dos enfrentamientos entre pandilleros y elementos del orden.;orden;f;1;NOUN;nmod;1;1
Los traslados comenzaron el jueves anterior, tras ordenarse el cierre del penal de Cojutepeque, y generó el traslado de unos 1,200 reclusos hacia distintas cárceles, incluido el penal de Izalco.;cierre;m;0;NOUN;obj;1;1
Por otra parte, dijo desconocer las causas que provocaron el ataque en perjuicio de un sargento policial y de un agente mientras desarrollaban un control vehicular enfrente de la oficina fiscal del municipio de Ilobasco, departamento de Cabañas.;sargento;m;0;NOUN;obl;1;1
Según el director de la PNC, en los primeros 19 días de junio del año pasado reportaron más de 400 homicidios.;año;m;0;NOUN;nmod;1;1
Este año, solo en Cuscaltán, reportaron 19 homicidios en lo que va de este junio, frente a los 39 del año pasado.;año;m;0;NOUN;obl;1;1
Este año, solo en Cuscaltán, reportaron 19 homicidios en lo que va de este junio, frente a los 39 del año pasado.;año;m;0;NOUN;obl;1;1
Un supuesto ladrón, de 40 años, no identificado, fue asesinado por su supuesta víctima en la 3a avenida Sur y 4a calle Poniente, en las cercanías del mercado Sagrado Corazón e Iglesia El Calvario, en San Salvador.;ladrón;m;0;NOUN;nsubj;1;1
Un supuesto ladrón, de 40 años, no identificado, fue asesinado por su supuesta víctima en la 3a avenida Sur y 4a calle Poniente, en las cercanías del mercado Sagrado Corazón e Iglesia El Calvario, en San Salvador.;calle;f;0;NOUN;appos;1;1
La víctima vendía frutas en una carretilla, en esa zona.;zona;f;0;NOUN;obl;1;1
La PNC dijo que podría tratarse de defensa propia.;defensa;f;0;NOUN;obj;1;1
Un nuevo crimen de odio contra la mujer ocurrió en la noche del domingo, esta vez en el oriente de El Salvador, informó la Policía Nacional Civil (PNC).;contra;f;0;ADP;case;1;0
La mujer fue asesinada por su compañero de vida, en el caserío Puerto Viejo, del cantón Tierra Blanca, municipio de Chirilagua.;viejo;m;0;PROPN;flat;1;1
El director general de Protección Civil, Orlando Tejada, informó ayer que la alerta naranja se reduce a amarilla en la zona costera y cordillera volcánica, mientras que la alerta amarilla disminuye a verde en el resto del territorio, luego de las lluvias que afectaron al país desde el pasado 13 de octubre.;zona;f;0;NOUN;obl;1;1
A través de un informe especial, el Ministerio de Medio Ambiente y Recursos Naturales (MARN) anunció ayer que el potencial ciclón tropical 17- E se disipó sobre el territorio mexicano y dejó de influenciar a El Salvador, propiciando que el país regrese a las condiciones climáticas propias de la época.;medio;m;0;PROPN;flat;1;1
A través de un informe especial, el Ministerio de Medio Ambiente y Recursos Naturales (MARN) anunció ayer que el potencial ciclón tropical 17- E se disipó sobre el territorio mexicano y dejó de influenciar a El Salvador, propiciando que el país regrese a las condiciones climáticas propias de la época.;sobre;m;0;ADP;case;1;0
Sin embargo, se mantiene la alerta roja con declaratoria de riesgo en la residencial Santa Lucía, en Ilopango.;roja;f;0;ADJ;amod;1;0
En total, Protección Civil reportó ayer 613 personas albergadas por lluvias, un lesionado, un desaparecido, 837 personas evacuadas, 17 albergues activos, una calle anegada, 58 calles afectadas y 12 carreteras, 83 árboles caídos, 135 deslizamientos, siete vallas publicitarias caídas, dos ríos desbordados, cuatro hundimientos, 33 viviendas afectadas y 35 anegadas, dos muros destruidos y 40 escuelas dañadas.;calle;f;0;NOUN;appos;1;1
En total, Protección Civil reportó ayer 613 personas albergadas por lluvias, un lesionado, un desaparecido, 837 personas evacuadas, 17 albergues activos, una calle anegada, 58 calles afectadas y 12 carreteras, 83 árboles caídos, 135 deslizamientos, siete vallas publicitarias caídas, dos ríos desbordados, cuatro hundimientos, 33 viviendas afectadas y 35 anegadas, dos muros destruidos y 40 escuelas dañadas.;siete;m;0;NUM;nummod;1;0
"En cuanto a fallecidos, este medio ha contabilizado ocho a través de los reportes de los cuerpos de socorro y la Policía Nacional Civil (PNC); sin embargo, Protección Civil mantiene entre sus estadísticas a seis.";medio;m;1;NOUN;nsubj;1;1
La Asamblea Legislativa se ve superada, nuevamente, por el mandato constitucional que le encomienda la delicada tarea de elegir a tiempo un Procurador para la Defensa de los Derechos Humanos.;encomienda;f;0;VERB;acl;1;0
La Asamblea Legislativa se ve superada, nuevamente, por el mandato constitucional que le encomienda la delicada tarea de elegir a tiempo un Procurador para la Defensa de los Derechos Humanos.;tarea;f;0;NOUN;obj;1;1
La Asamblea Legislativa se ve superada, nuevamente, por el mandato constitucional que le encomienda la delicada tarea de elegir a tiempo un Procurador para la Defensa de los Derechos Humanos.;defensa;f;0;PROPN;nmod;1;1
Este cargo, conocido en otros países como “Defensor del Pueblo”, deposita en la persona que lo ejerce una verdadera magistratura moral, para la cual los conocimientos, la trayectoria y la moralidad, se combinan para garantizar un mandato independiente, capaz de frenar los excesos del poder.;capaz;adv;0;ADJ;amod;1;0
De allí la incapacidad de los diputados para alcanzar acuerdos con base al interés común, de contar con un Procurador independiente de cualquier instituto político, y comprometido con una cultura de los derechos humanos que tanta falta hace en el país.;alcanzar;v;0;VERB;acl;1;1
De allí la incapacidad de los diputados para alcanzar acuerdos con base al interés común, de contar con un Procurador independiente de cualquier instituto político, y comprometido con una cultura de los derechos humanos que tanta falta hace en el país.;base;f;0;NOUN;nmod;1;1
La realización de entrevistas públicas, la conformación de una comisión especial a cargo de examinar el historial de candidatos y la publicidad que se dio a estos procedimientos, quedaron en meros gestos propagandísticos.;realización;f;0;NOUN;nsubj;1;1
Si al momento de esta elección los legisladores se inclinan por un candidato cuestionado en su vida profesional, o que se vea vinculado a un partido político, estarían negando al país el derecho a contar con un defensor de sus derechos.;partido;m;0;NOUN;obj;1;1
Preocupante que la Procuraduría de Derechos Humanos siga devaluada a causa de los pactos de la política criolla.;criolla;f;0;ADJ;amod;1;0
El ataque armado contra un hijo del exjefe del Estado Mayor Conjunto de la Fuerza Armada, tiene reserva total por orden de la Fiscalía General de la República, según lo aseguraron autoridades militares y de la corporación policial.;contra;f;0;ADP;case;1;0
El ataque armado contra un hijo del exjefe del Estado Mayor Conjunto de la Fuerza Armada, tiene reserva total por orden de la Fiscalía General de la República, según lo aseguraron autoridades militares y de la corporación policial.;mayor;m;0;PROPN;flat;1;1
El ataque armado contra un hijo del exjefe del Estado Mayor Conjunto de la Fuerza Armada, tiene reserva total por orden de la Fiscalía General de la República, según lo aseguraron autoridades militares y de la corporación policial.;orden;f;0;NOUN;obl;1;1
La reserva impide informar sobre el avance de las investigaciónes.;sobre;m;0;ADP;case;1;0
En ese hecho ocurrido a principios de enero, en la colonia Escalón, el hijo del militar resultó herido, mientras que su escolta murió.;colonia;f;1;NOUN;obl;1;1
El cadáver de un pescador fue recuperado esta mañana por guardavidas de Cruz Roja Salvadoreña, en la laguna de Apastepeque, ubicada en el departamento de San Vicente.;pescador;m;0;NOUN;nmod;1;1
El cadáver de un pescador fue recuperado esta mañana por guardavidas de Cruz Roja Salvadoreña, en la laguna de Apastepeque, ubicada en el departamento de San Vicente.;roja;f;0;PROPN;flat;1;1
Voceros de Cruz Roja informaron que el cuerpo de Alvarado fue entregado a las autoridades para el respectivo reconocimiento.;roja;f;0;PROPN;flat;1;1
Anualmente El Salvador registra una tasa de 68 muertes por cada 100,000  habitantes que sufren enfermedad renal terminal, misma que posiciona al país con la mortalidad más alta a nivel de Centroamérica y en el mundo, según la doctora Zulma Cruz de Trujillo, nefróloga del Hospital Nacional Rosales.;terminal;m;0;ADJ;amod;1;0
La galena señaló que es más económico para el Estado realizar un trasplante de riñón, que brindar tratamiento a un paciente con enfermedad renal terminal e indicó que la mayoría de personas que fallecen son jóvenes “en edad productiva”.;realizar;v;0;VERB;csubj;1;1
La galena señaló que es más económico para el Estado realizar un trasplante de riñón, que brindar tratamiento a un paciente con enfermedad renal terminal e indicó que la mayoría de personas que fallecen son jóvenes “en edad productiva”.;terminal;m;0;ADJ;obj;1;0
“En el 2014, solo de enfermedad renal terminal, teníamos más de 3, 600 (pacientes) y eso es porque simple y sencillamente no hay más camas para atender a pacientes, muchos de ellos mueren por no tener tratamiento”, dijo.;terminal;m;0;ADJ;amod;1;0
“En el 2014, solo de enfermedad renal terminal, teníamos más de 3, 600 (pacientes) y eso es porque simple y sencillamente no hay más camas para atender a pacientes, muchos de ellos mueren por no tener tratamiento”, dijo.;atender;v;0;VERB;advcl;1;1
“Los diabéticos tienen una letalidad de cinco, los hipertensos de cuatro, la enfermedad renal tiene una letalidad de 12, es altísima la muerte por enfermedad renal y sobre todo prematura”, explicó.;cinco;m;0;NUM;nummod;1;0
“Los diabéticos tienen una letalidad de cinco, los hipertensos de cuatro, la enfermedad renal tiene una letalidad de 12, es altísima la muerte por enfermedad renal y sobre todo prematura”, explicó.;sobre;m;0;ADP;advmod;1;0
Manifestó que una persona que ha sufrido un trasplante de riñón tiene una probabilidad de vida de 12 años, mientras que un diabético puede vivir hasta cinco años.;vivir;v;0;VERB;parataxis;1;1
Manifestó que una persona que ha sufrido un trasplante de riñón tiene una probabilidad de vida de 12 años, mientras que un diabético puede vivir hasta cinco años.;cinco;m;0;NUM;nummod;1;0
Sin embargo, aclaró que esa “es una media, porque hay pacientes que pueden vivir hasta 24 años”, con la vigilancia y el seguimiento posterior al trasplante.;media;f;0;NOUN;ccomp;1;1
Sin embargo, aclaró que esa “es una media, porque hay pacientes que pueden vivir hasta 24 años”, con la vigilancia y el seguimiento posterior al trasplante.;vivir;v;0;VERB;acl;1;1
Una persona que ha recibido un trasplante de riñón, debe someterse a un tratamiento de inmunosupresión, que en un inicio tiene un costo estimado de $12,000,  pero tras un tiempo podría disminuir entre $6,000 y $8,000.;costo;m;0;NOUN;obj;1;1
Una persona que ha recibido un trasplante de riñón, debe someterse a un tratamiento de inmunosupresión, que en un inicio tiene un costo estimado de $12,000,  pero tras un tiempo podría disminuir entre $6,000 y $8,000.;estimado;m;0;ADJ;amod;1;0
Durante el evento, la subdirectora del INS, Xochitl Sandoval, consideró que hace falta infraestructura, un presupuesto destinado para trasplante renal “y un programa que vigile desde el punto de vista ético, legal y médico, así como un cuadro de insumos y medicamentos que son básicos y  de alto costo” para realizar trasplantes en el país.;evento;m;1;NOUN;obl;1;1
Durante el evento, la subdirectora del INS, Xochitl Sandoval, consideró que hace falta infraestructura, un presupuesto destinado para trasplante renal “y un programa que vigile desde el punto de vista ético, legal y médico, así como un cuadro de insumos y medicamentos que son básicos y  de alto costo” para realizar trasplantes en el país.;programa;m;0;NOUN;conj;1;1
Durante el evento, la subdirectora del INS, Xochitl Sandoval, consideró que hace falta infraestructura, un presupuesto destinado para trasplante renal “y un programa que vigile desde el punto de vista ético, legal y médico, así como un cuadro de insumos y medicamentos que son básicos y  de alto costo” para realizar trasplantes en el país.;punto;m;0;NOUN;obl;1;1
Durante el evento, la subdirectora del INS, Xochitl Sandoval, consideró que hace falta infraestructura, un presupuesto destinado para trasplante renal “y un programa que vigile desde el punto de vista ético, legal y médico, así como un cuadro de insumos y medicamentos que son básicos y  de alto costo” para realizar trasplantes en el país.;cuadro;m;0;NOUN;conj;1;1
Durante el evento, la subdirectora del INS, Xochitl Sandoval, consideró que hace falta infraestructura, un presupuesto destinado para trasplante renal “y un programa que vigile desde el punto de vista ético, legal y médico, así como un cuadro de insumos y medicamentos que son básicos y  de alto costo” para realizar trasplantes en el país.;costo;m;1;NOUN;conj;1;1
Durante el evento, la subdirectora del INS, Xochitl Sandoval, consideró que hace falta infraestructura, un presupuesto destinado para trasplante renal “y un programa que vigile desde el punto de vista ético, legal y médico, así como un cuadro de insumos y medicamentos que son básicos y  de alto costo” para realizar trasplantes en el país.;realizar;v;0;VERB;acl;1;1
La doctora afirmó que en el último quinquenio se realizaron entre dos y tres trasplantes de riñones en el sistema público de salud y adelantó que durante el foro se discutirán montos para implementar en el país un programa de donador fallecido.;tres;m;0;NUM;conj;1;0
La doctora afirmó que en el último quinquenio se realizaron entre dos y tres trasplantes de riñones en el sistema público de salud y adelantó que durante el foro se discutirán montos para implementar en el país un programa de donador fallecido.;implementar;v;0;VERB;acl;1;1
La doctora afirmó que en el último quinquenio se realizaron entre dos y tres trasplantes de riñones en el sistema público de salud y adelantó que durante el foro se discutirán montos para implementar en el país un programa de donador fallecido.;programa;m;0;NOUN;obj;1;1
Por su parte, el viceministro de Salud, Carlos Alvarenga, informó que se ha integrado una comisión nacional interinstitucional con especialistas y técnicos para abordar el proceso de trasplante de órganos, tejidos y células.;abordar;v;0;VERB;advcl;1;1
La violencia y el acoso criminal de las pandillas es la principal razón por la que miles de salvadoreños huyen anualmente para buscar la paz, la tranquilidad y las posibilidades de desarrollo personal que este ambiente les niega en su país.;buscar;v;0;VERB;advcl;1;1
La violencia y el acoso criminal de las pandillas es la principal razón por la que miles de salvadoreños huyen anualmente para buscar la paz, la tranquilidad y las posibilidades de desarrollo personal que este ambiente les niega en su país.;les;pron;0;PRON;obj;1;1
La lucha por un país seguro, digno y en paz social debe ser una meta insoslayable de toda la sociedad salvadoreña.;social;m/f;0;ADJ;amod;1;0
La lucha por un país seguro, digno y en paz social debe ser una meta insoslayable de toda la sociedad salvadoreña.;ser;m;0;AUX;cop;1;0
El alcalde de San Salvador, Ernesto Muyshondt, se reunió este viernes con alrededor de 30 vendedores informales para continuar el diálogo sobre el ordenamiento del centro capitalino.;sobre;m;0;ADP;case;1;0
El alcalde de San Salvador, Ernesto Muyshondt, se reunió este viernes con alrededor de 30 vendedores informales para continuar el diálogo sobre el ordenamiento del centro capitalino.;centro;m;0;NOUN;nmod;1;1
El edil también verificó la etapa final del montaje de estructuras metálicas que se están habilitando para mejorar las condiciones de al menos 140 vendedores informales, ubicados en la segunda calle oriente, a un costado de la Biblioteca Nacional, quienes se sumaron al plan de reordenamiento en junio pasado.;calle;f;0;NOUN;obl;1;1
El edil también verificó la etapa final del montaje de estructuras metálicas que se están habilitando para mejorar las condiciones de al menos 140 vendedores informales, ubicados en la segunda calle oriente, a un costado de la Biblioteca Nacional, quienes se sumaron al plan de reordenamiento en junio pasado.;plan;m;0;NOUN;obj;1;1
"Esto se traduce en mejores oportunidades para todos, volver más atractivo el centro pues viene más gente, los vendedores mejoran sus ingresos, tenemos más limpio, ordenado y más seguro el centro de San Salvador"", señaló el alcalde.";centro;m;0;NOUN;obj;1;1
"Esto se traduce en mejores oportunidades para todos, volver más atractivo el centro pues viene más gente, los vendedores mejoran sus ingresos, tenemos más limpio, ordenado y más seguro el centro de San Salvador"", señaló el alcalde.";limpio;m;0;ADJ;obj;1;0
"Esto se traduce en mejores oportunidades para todos, volver más atractivo el centro pues viene más gente, los vendedores mejoran sus ingresos, tenemos más limpio, ordenado y más seguro el centro de San Salvador"", señaló el alcalde.";centro;m;0;NOUN;obj;1;1
En junio pasado, 130 puntos de venta establecidos en los alrededores del ex cine Libertad, en la sexta avenida sur, entre la cuarta y la sexta calle poniente, liberaron de forma voluntaria dichas arteria y aceptaron ser ubicados cerca de la zona, con el fin de generar mayor flujo vehicular en este punto que conecta hacia la plaza Libertad.;cuarta;f;0;ADJ;amod;1;0
En junio pasado, 130 puntos de venta establecidos en los alrededores del ex cine Libertad, en la sexta avenida sur, entre la cuarta y la sexta calle poniente, liberaron de forma voluntaria dichas arteria y aceptaron ser ubicados cerca de la zona, con el fin de generar mayor flujo vehicular en este punto que conecta hacia la plaza Libertad.;calle;f;0;NOUN;conj;1;1
En junio pasado, 130 puntos de venta establecidos en los alrededores del ex cine Libertad, en la sexta avenida sur, entre la cuarta y la sexta calle poniente, liberaron de forma voluntaria dichas arteria y aceptaron ser ubicados cerca de la zona, con el fin de generar mayor flujo vehicular en este punto que conecta hacia la plaza Libertad.;ser;m;0;AUX;aux;1;0
En junio pasado, 130 puntos de venta establecidos en los alrededores del ex cine Libertad, en la sexta avenida sur, entre la cuarta y la sexta calle poniente, liberaron de forma voluntaria dichas arteria y aceptaron ser ubicados cerca de la zona, con el fin de generar mayor flujo vehicular en este punto que conecta hacia la plaza Libertad.;zona;f;0;NOUN;obl;1;1
En junio pasado, 130 puntos de venta establecidos en los alrededores del ex cine Libertad, en la sexta avenida sur, entre la cuarta y la sexta calle poniente, liberaron de forma voluntaria dichas arteria y aceptaron ser ubicados cerca de la zona, con el fin de generar mayor flujo vehicular en este punto que conecta hacia la plaza Libertad.;mayor;m;0;ADJ;amod;1;0
En junio pasado, 130 puntos de venta establecidos en los alrededores del ex cine Libertad, en la sexta avenida sur, entre la cuarta y la sexta calle poniente, liberaron de forma voluntaria dichas arteria y aceptaron ser ubicados cerca de la zona, con el fin de generar mayor flujo vehicular en este punto que conecta hacia la plaza Libertad.;punto;m;0;NOUN;obl;1;1
Además, la comuna, a través de un comunicado, informó que la construcción del mercado Hula Hula  se prevé finalice el próximo año, y permitirá que miles de vendedores de la calle Rubén Dario pasen de la informalidad a la formalidad con este proyecto.;comunicado;m;1;NOUN;obl;1;1
Además, la comuna, a través de un comunicado, informó que la construcción del mercado Hula Hula  se prevé finalice el próximo año, y permitirá que miles de vendedores de la calle Rubén Dario pasen de la informalidad a la formalidad con este proyecto.;año;m;0;NOUN;obl;1;1
Además, la comuna, a través de un comunicado, informó que la construcción del mercado Hula Hula  se prevé finalice el próximo año, y permitirá que miles de vendedores de la calle Rubén Dario pasen de la informalidad a la formalidad con este proyecto.;calle;f;0;NOUN;nmod;1;1
La mujer y su hijo son acusados de recibir, en sus cuentas bancarias y en una cooperativa de ahorro local, dinero producto de la extorsión a una víctima que fue privada de libertad en febrero de 2016 en Chapeltique.;recibir;v;0;VERB;xcomp;1;1
Sin embargo, informaron no se les pudo atribuir el delito de secuestro.;les;pron;0;PRON;obj;1;1
El pronóstico del clima del Ministerio de Medio Ambiente indica que para este días las condiciones atmosféricas favorecerán la generación de chubascos y tormentas eléctricas de moderadas a fuertes, las estarán dispersas principalmente entre la zona central y occidental del país.;medio;m;0;PROPN;flat;1;1
El pronóstico del clima del Ministerio de Medio Ambiente indica que para este días las condiciones atmosféricas favorecerán la generación de chubascos y tormentas eléctricas de moderadas a fuertes, las estarán dispersas principalmente entre la zona central y occidental del país.;central;m;0;ADJ;amod;1;0
El cielo estará poco nublado por la mañana y de medio nublado a nublado por la tarde y noche.;medio;m;0;NOUN;conj;1;1
Miembros de la Fundación Roque Dalton y el Laboratorio de Investigación y Acción Social contra la Impunidad (LIASCI), del Grupo de Monitoreo Independiente de El Salvador (GMIES) pidieron ayer a la Corte Suprema de Justicia (CSJ) vigilar el proceso de consulta que realizan los diputados de la Asamblea Legislativa a víctimas de crímenes de guerra para crear el proyecto de Ley de Reconciliación Nacional.;social;m/f;0;PROPN;flat;1;1
Miembros de la Fundación Roque Dalton y el Laboratorio de Investigación y Acción Social contra la Impunidad (LIASCI), del Grupo de Monitoreo Independiente de El Salvador (GMIES) pidieron ayer a la Corte Suprema de Justicia (CSJ) vigilar el proceso de consulta que realizan los diputados de la Asamblea Legislativa a víctimas de crímenes de guerra para crear el proyecto de Ley de Reconciliación Nacional.;contra;f;0;ADP;case;1;0
Miembros de la Fundación Roque Dalton y el Laboratorio de Investigación y Acción Social contra la Impunidad (LIASCI), del Grupo de Monitoreo Independiente de El Salvador (GMIES) pidieron ayer a la Corte Suprema de Justicia (CSJ) vigilar el proceso de consulta que realizan los diputados de la Asamblea Legislativa a víctimas de crímenes de guerra para crear el proyecto de Ley de Reconciliación Nacional.;corte;m;0;PROPN;obj;1;1
Por su parte, Benjamín Cuéllar, miembro del Laboratorio señaló que quieren comprender que mecanismos de plebiscito utilizan los diputados porque las víctimas si van a ser consultadas, deben prepararse para hablar sobre el proceso de justicia que necesitan.;ser;m;0;AUX;aux;1;0
Por su parte, Benjamín Cuéllar, miembro del Laboratorio señaló que quieren comprender que mecanismos de plebiscito utilizan los diputados porque las víctimas si van a ser consultadas, deben prepararse para hablar sobre el proceso de justicia que necesitan.;hablar;v;0;VERB;advcl;1;1
Por su parte, Benjamín Cuéllar, miembro del Laboratorio señaló que quieren comprender que mecanismos de plebiscito utilizan los diputados porque las víctimas si van a ser consultadas, deben prepararse para hablar sobre el proceso de justicia que necesitan.;sobre;m;0;ADP;case;1;0
El Ministerio de Medio Ambiente y Recursos Naturales (MARN) reportó un sismo ocurrido la mañana de este martes en el oriente del territorio salvadoreño.;medio;m;0;PROPN;flat;1;1
La vista pública en contra del secretario de Transparencia y Anticorrupción de la Presidencia de la República, Marcos Rodríguez, fue prorrogado debido a que se encuentra fuera del país en visitas oficiales.;contra;f;0;NOUN;fixed;1;1
La apoderada legal del acusado, Berta de León, expuso ante el Tribunal Primero de Sentencia de San Salvador que su representado debe cumplir con compromisos oficiales en la ciudad de Viena, en Austria, del 20 al 25 de junio, por lo cual no podrá asistir al juicio.;berta;f;0;PROPN;appos;1;1
De León argumentó que el  secretario debe asistir como representante del país, al séptimo periodo de sesiones del Grupo de Examen de la Aplicación en la Convención de Naciones Unidas contra la Corrupción (UNCAC).;contra;f;0;ADP;case;1;0
Alegó que esos compromisos oficiales,  que forman parte de la agenda oficial de Rodríguez, fueron programadas mucho antes del segundo señalamiento de la vista pública, por lo que pidió se dejara sin efecto la fecha señalada.;señalamiento;m;0;NOUN;obl;1;1
de Paz de San Salvador impuso medidas y una fianza de $10 mil a la exdirectora de auditoría de Corte de Cuentas de la República, Isabel Laínez de Pérez, por los delitos de incumplimiento de deberes y falsedad documental agravada.;corte;m;0;PROPN;nmod;1;1
La Fiscalía General de la República (FGR) la acusa de ocultar hallazgos encontrados por auditores en 2017 sobre mal manejo de fondos públicos del exfiscal de la República, Luis Martínez y del exgerente de FGR, Mauricio Yanes Morales.;sobre;m;0;ADP;case;1;0
La Fiscalía General de la República (FGR) la acusa de ocultar hallazgos encontrados por auditores en 2017 sobre mal manejo de fondos públicos del exfiscal de la República, Luis Martínez y del exgerente de FGR, Mauricio Yanes Morales.;manejo;m;0;NOUN;nmod;1;1
Meteorología del Ministerio de Medio Ambiente y Recursos Naturales (MARN) pronostica que para la tarde de este sábado 10 de agosto habrá lluvias debido al remanente de la onda tropical que pasó ayer.;medio;m;0;PROPN;flat;1;1
El MARN prevé que las lluvias serán entre la tarde y la noche en occidente, el norte de esta zona y al sur del oriente del país.;zona;f;0;NOUN;nmod;1;1
Para este mes, el ministerio pronostica el paso de abundantes ondas tropicales, debido a la época lluviosa.;paso;m;0;NOUN;obj;1;1
El domingo  se prevé que sobre el territorio, tormentas para la tarde y noche, con temperaturas desde los 34 grados centígrados máximo y de 21 grados como mínimo.;sobre;m;0;ADP;case;1;0
Tres miembros de pandilleros fueron arrestados la madrugada de este jueves luego de atacar un grupo de agentes de la Sección Táctica Operativa (STO) de la Policía Nacional Civil (PNC), en el departamento de Morazán.;tres;m;0;NUM;nummod;1;0
Tres miembros de pandilleros fueron arrestados la madrugada de este jueves luego de atacar un grupo de agentes de la Sección Táctica Operativa (STO) de la Policía Nacional Civil (PNC), en el departamento de Morazán.;atacar;v;0;VERB;advcl;1;1
El informe policial indica que los agentes policiales desarrollaban un operativo de intervención rápida en el caserío El Cerrinche, del cantón Valle Nuevo, en busca de dos casas destroyer utilizadas por las pandillas, cuando encontraron a los delincuentes, quienes comenzaron a disparar en busca de huir del lugar.;busca;f;0;NOUN;obl;1;1
El informe policial indica que los agentes policiales desarrollaban un operativo de intervención rápida en el caserío El Cerrinche, del cantón Valle Nuevo, en busca de dos casas destroyer utilizadas por las pandillas, cuando encontraron a los delincuentes, quienes comenzaron a disparar en busca de huir del lugar.;disparar;v;0;VERB;xcomp;1;1
El informe policial indica que los agentes policiales desarrollaban un operativo de intervención rápida en el caserío El Cerrinche, del cantón Valle Nuevo, en busca de dos casas destroyer utilizadas por las pandillas, cuando encontraron a los delincuentes, quienes comenzaron a disparar en busca de huir del lugar.;busca;f;0;NOUN;obl;1;1
"Los pandilleros intentaron escapar; sin embargo, luego de un amplio rastreo en la zona la Policía logró capturar a tres de los atacantes, miembros de una clica de la MS.";escapar;v;0;VERB;xcomp;1;1
"Los pandilleros intentaron escapar; sin embargo, luego de un amplio rastreo en la zona la Policía logró capturar a tres de los atacantes, miembros de una clica de la MS.";zona;f;0;NOUN;nmod;1;1
"Los pandilleros intentaron escapar; sin embargo, luego de un amplio rastreo en la zona la Policía logró capturar a tres de los atacantes, miembros de una clica de la MS.";capturar;v;0;VERB;xcomp;1;1
"Los pandilleros intentaron escapar; sin embargo, luego de un amplio rastreo en la zona la Policía logró capturar a tres de los atacantes, miembros de una clica de la MS.";tres;m;0;NUM;obj;1;0
"Los detenidos son Kevin Francisco Fernández, de 25 años, quien tenía tres órdenes de captura vigentes en su contra por los delitos de asesinato, organizaciones terroristas y posesión y tenencia de droga; Gabriel Guadalupe Gómez, de 23 años; y Gabriel Santiago Benavides, de 20.";tres;m;0;NUM;nummod;1;0
"Los detenidos son Kevin Francisco Fernández, de 25 años, quien tenía tres órdenes de captura vigentes en su contra por los delitos de asesinato, organizaciones terroristas y posesión y tenencia de droga; Gabriel Guadalupe Gómez, de 23 años; y Gabriel Santiago Benavides, de 20.";contra;f;0;NOUN;nmod;1;1
Las autoridades también decomisaron una pistola calibre 22 milímetros y un revólver calibre 38 especial.;pistola;f;0;NOUN;obj;1;1
Un vehículo en el que al parecer se movilizaban pandilleros fue encontrado este martes abandonado en la colonia Santa Elena del municipio Aguilares, en San Salvador, confirmaron autoridades policiales.;colonia;f;0;NOUN;obl;1;1
Las autoridades continúan el procedimiento en la zona.;zona;f;0;NOUN;obl;1;1
El pasado 29 de abril, un vehículo con explosivos explotó en la colonia Montes de San Bartolo 3, en Soyapango, dejando a dos agentes de la PNC heridos.;colonia;f;0;NOUN;obl;1;1
El presidente de la República, Nayib Bukele, anunció este miércoles a través de su cuenta de Twitter que ha ordenado a Casa Presidencial entregar ayuda económica a la familia de Óscar Alberto Martínez, quien murió ahogado junto a su hija de dos años cuando intentaban cruzar el río Bravo para llegar a Estados Unidos.;miércoles;sust(m/f)/adj;0;NOUN;obl;1;1
El presidente de la República, Nayib Bukele, anunció este miércoles a través de su cuenta de Twitter que ha ordenado a Casa Presidencial entregar ayuda económica a la familia de Óscar Alberto Martínez, quien murió ahogado junto a su hija de dos años cuando intentaban cruzar el río Bravo para llegar a Estados Unidos.;casa;f;0;PROPN;iobj;1;1
El presidente de la República, Nayib Bukele, anunció este miércoles a través de su cuenta de Twitter que ha ordenado a Casa Presidencial entregar ayuda económica a la familia de Óscar Alberto Martínez, quien murió ahogado junto a su hija de dos años cuando intentaban cruzar el río Bravo para llegar a Estados Unidos.;cruzar;v;0;VERB;xcomp;1;1
"""He dado instrucciones a @presidencia_sv para que también se ayude económicamente a la familia.";dado;m;0;VERB;ROOT;1;0
La imagen de los cuerpos de Óscar y la pequeña Valeria se ha hecho viral en redes sociales y ha recordado la imagen del niño sirio encontrado muerto en una playa turca tras intentar llegar a Grecia.;niño;m;0;NOUN;nmod;1;1
La imagen de los cuerpos de Óscar y la pequeña Valeria se ha hecho viral en redes sociales y ha recordado la imagen del niño sirio encontrado muerto en una playa turca tras intentar llegar a Grecia.;playa;f;0;NOUN;obl;1;1
La imagen de los cuerpos de Óscar y la pequeña Valeria se ha hecho viral en redes sociales y ha recordado la imagen del niño sirio encontrado muerto en una playa turca tras intentar llegar a Grecia.;turca;f;0;ADJ;amod;1;0
Hasta la semana 23, el Ministerio de Salud (Minsal) registró 888 casos de parotiditis o paperas en todo el país, según el último boletín epidemiológico de la institución.;boletín;m;0;NOUN;obl;1;1
Las estadísticas de Salud indican que los casos empezaron a reportarse en la semana seis del año 2019, es decir, en febrero y el aumento desde la semana 11, en marzo.;año;m;0;NOUN;nmod;1;1
Entre los datos revelados también se explica que 502 casos fueron reportados por el Instituto Salvadoreño del Seguro Social (ISSS), y 231 en centros penales, solo en el penal La Esperanza, conocido como Mariona se registraron 145 reos infectados.;social;m/f;0;PROPN;flat;1;1
Consultado por Diario El Mundo en abril, el infectólogo Iván Solano, explicó que una de las complicaciones en los hombres es la orquitis, se trata de la inflamación de los testículos que puede llevar a la disminución de la fertilidad, mientras que en las mujeres puede provocar inflamación en los ovarios y en ambos casos, encefalitis (inflamación en el cerebro).;llevar;v;0;VERB;acl;1;1
El ministerio también ha revelado que hay afectación grave en los municipios de Santa Tecla, Ilopango, Mejicanos, la zona sur de San Salvador, Ciudad Barrios, Nuevo Edén de San Juan y San Antonio (San Miguel).;afectación;f;1;NOUN;obj;1;1
El ministerio también ha revelado que hay afectación grave en los municipios de Santa Tecla, Ilopango, Mejicanos, la zona sur de San Salvador, Ciudad Barrios, Nuevo Edén de San Juan y San Antonio (San Miguel).;zona;f;0;NOUN;appos;1;1
También, hay afectación moderada en 22 municipios: Guaymango, Jujutla, Coatepeque, Santa Ana, Sonzacate, La Palma, Nueva Concepción, Antiguo Cuscatlán, Quezaltepeque, Apopa, Cuscatancingo, San Marcos, Soyapango, Cojutepeque, Zacatecoluca, San Luis La Herradura, San Sebastián, Jucuapa, San Francisco Gotera, El Carmen (La Unión), Santa Rosa de Lima.;afectación;f;1;NOUN;obj;1;1
También, hay afectación moderada en 22 municipios: Guaymango, Jujutla, Coatepeque, Santa Ana, Sonzacate, La Palma, Nueva Concepción, Antiguo Cuscatlán, Quezaltepeque, Apopa, Cuscatancingo, San Marcos, Soyapango, Cojutepeque, Zacatecoluca, San Luis La Herradura, San Sebastián, Jucuapa, San Francisco Gotera, El Carmen (La Unión), Santa Rosa de Lima.;herradura;f;0;PROPN;flat;1;1
También, hay afectación moderada en 22 municipios: Guaymango, Jujutla, Coatepeque, Santa Ana, Sonzacate, La Palma, Nueva Concepción, Antiguo Cuscatlán, Quezaltepeque, Apopa, Cuscatancingo, San Marcos, Soyapango, Cojutepeque, Zacatecoluca, San Luis La Herradura, San Sebastián, Jucuapa, San Francisco Gotera, El Carmen (La Unión), Santa Rosa de Lima.;lima;f;0;PROPN;flat;1;1
"El 8 de abril, la Asociación de Pediatría de El Salvador alertó del aumento de los casos de paperas, a través de un comunicado, y llamó a los padres de familia a prevenir la enfermedad con la aplicación de la vacuna triple viral Sarampión, Rubéola y Paperas (SPR, por sus siglas en inglés); sin embargo, al ser cuestionado por la situación, el entonces viceministro de salud, Julio Robles Ticas, dijo que la situación no era alarmante.";comunicado;m;0;NOUN;obl;1;1
"El 8 de abril, la Asociación de Pediatría de El Salvador alertó del aumento de los casos de paperas, a través de un comunicado, y llamó a los padres de familia a prevenir la enfermedad con la aplicación de la vacuna triple viral Sarampión, Rubéola y Paperas (SPR, por sus siglas en inglés); sin embargo, al ser cuestionado por la situación, el entonces viceministro de salud, Julio Robles Ticas, dijo que la situación no era alarmante.";triple;m;0;NUM;compound;1;0
"El 8 de abril, la Asociación de Pediatría de El Salvador alertó del aumento de los casos de paperas, a través de un comunicado, y llamó a los padres de familia a prevenir la enfermedad con la aplicación de la vacuna triple viral Sarampión, Rubéola y Paperas (SPR, por sus siglas en inglés); sin embargo, al ser cuestionado por la situación, el entonces viceministro de salud, Julio Robles Ticas, dijo que la situación no era alarmante.";ser;m;0;AUX;aux;1;0
"El 8 de abril, la Asociación de Pediatría de El Salvador alertó del aumento de los casos de paperas, a través de un comunicado, y llamó a los padres de familia a prevenir la enfermedad con la aplicación de la vacuna triple viral Sarampión, Rubéola y Paperas (SPR, por sus siglas en inglés); sin embargo, al ser cuestionado por la situación, el entonces viceministro de salud, Julio Robles Ticas, dijo que la situación no era alarmante.";situación;f;0;NOUN;obj;1;1
"El 8 de abril, la Asociación de Pediatría de El Salvador alertó del aumento de los casos de paperas, a través de un comunicado, y llamó a los padres de familia a prevenir la enfermedad con la aplicación de la vacuna triple viral Sarampión, Rubéola y Paperas (SPR, por sus siglas en inglés); sin embargo, al ser cuestionado por la situación, el entonces viceministro de salud, Julio Robles Ticas, dijo que la situación no era alarmante.";situación;f;0;NOUN;obj;1;1
Todas las personas que nacieron en 1957, o después de ese año, que nunca tuvieron paperas o nunca se vacunaron están en riesgo de contraer esta enfermedad y deberían ponerse una dosis de la vacuna SRP, según el Centro para el Control y la Prevención de Enfermedades (CDC).;año;m;0;NOUN;obl;1;1
Todas las personas que nacieron en 1957, o después de ese año, que nunca tuvieron paperas o nunca se vacunaron están en riesgo de contraer esta enfermedad y deberían ponerse una dosis de la vacuna SRP, según el Centro para el Control y la Prevención de Enfermedades (CDC).;centro;m;0;PROPN;obl;1;1
Después de 15 meses de haber masacrado a nueves personas en el municipio de Quezaltepeque, departamento de La Libertad, la Fiscalía General de la República (FGR) ordenó capturar ayer en la madrugada al menos 14 personas, señaladas de haber participado en ese múltiple homicidio.;capturar;v;0;VERB;xcomp;1;1
El director policial, Howard Cotto, informó que 11 personas fueron detenidas por la División Central de Investigaciones (DCI) de la Policía nacional Civil (PNC), mientras que otras tres guardan prisión.;central;m;0;PROPN;flat;1;1
El director policial, Howard Cotto, informó que 11 personas fueron detenidas por la División Central de Investigaciones (DCI) de la Policía nacional Civil (PNC), mientras que otras tres guardan prisión.;tres;m;0;NUM;nsubj;1;0
En una operación dirigida por las Unidades Especializadas de Hurto y Robo de Vehículos y de Investigación de Homicidios y Pandillas de la FGR, se confirmó que la estructura se dedica al hurto y robo de mercadería, además de estar vinculados a estructuras de narcotráfico.;estar;v;0;AUX;aux;1;0
La mujer fue capturada en flagrancia en su casa, ubicada en colonia Divina Providencia, donde le fueron encontradas cinco escopetas.;casa;f;0;NOUN;obl;1;1
La mujer fue capturada en flagrancia en su casa, ubicada en colonia Divina Providencia, donde le fueron encontradas cinco escopetas.;colonia;f;1;NOUN;obl;1;1
La mujer fue capturada en flagrancia en su casa, ubicada en colonia Divina Providencia, donde le fueron encontradas cinco escopetas.;cinco;m;0;NUM;nummod;1;0
La masacre ocurrió el 15 de marzo del año pasado en el caserío El Milagro de la Roca, cantón Primavera, San Juan Opico, cuando un grupo armado ingresó a un predio de furgones para ejecutar a las nueve personas.;año;m;0;NOUN;compound;1;1
Las víctimas fueron encontradas por las autoridades atadas de pies y manos con disparos en la cabeza.;cabeza;f;0;NOUN;nmod;1;1
Ocurrió en un parqueo de furgones ubicado en el caserío Milagro de la Roca de Quezaltepeque.;parqueo;m;1;NOUN;obl;1;1
Los detenidos llegaron a buscar a una persona que también transportaba droga.;buscar;v;0;VERB;xcomp;1;1
de robo agravado se les vinculan a algunos sujetos capturados.;les;pron;0;PRON;obj;1;1
El Ministerio de Medio Ambiente reportó que se registraron 125 milímetros de lluvia acumulada en este territorio.;medio;m;0;PROPN;flat;1;1
El Río Grande de San Miguel se desbordó y afectó a las colonias como: Jardines del Río, Jardines del Volcán, Colonia Carrillo, calle Elizabeth, Colonia San Pablo caserío Altamiz, además de inundación de la carretera del Litoral, zona de Santa Fidelia y La Canoa.;colonia;f;1;PROPN;conj;1;1
El Río Grande de San Miguel se desbordó y afectó a las colonias como: Jardines del Río, Jardines del Volcán, Colonia Carrillo, calle Elizabeth, Colonia San Pablo caserío Altamiz, además de inundación de la carretera del Litoral, zona de Santa Fidelia y La Canoa.;calle;f;0;NOUN;appos;1;1
El Río Grande de San Miguel se desbordó y afectó a las colonias como: Jardines del Río, Jardines del Volcán, Colonia Carrillo, calle Elizabeth, Colonia San Pablo caserío Altamiz, además de inundación de la carretera del Litoral, zona de Santa Fidelia y La Canoa.;colonia;f;1;PROPN;conj;1;1
El Río Grande de San Miguel se desbordó y afectó a las colonias como: Jardines del Río, Jardines del Volcán, Colonia Carrillo, calle Elizabeth, Colonia San Pablo caserío Altamiz, además de inundación de la carretera del Litoral, zona de Santa Fidelia y La Canoa.;zona;f;0;NOUN;appos;1;1
El Río Grande de San Miguel se desbordó y afectó a las colonias como: Jardines del Río, Jardines del Volcán, Colonia Carrillo, calle Elizabeth, Colonia San Pablo caserío Altamiz, además de inundación de la carretera del Litoral, zona de Santa Fidelia y La Canoa.;canoa;f;0;PROPN;conj;1;1
También se reportan árboles caídos en el parque de la Colonia El Molino, calle a Agua Zarca, donde personal de la alcaldía ya realiza labores de liberación de escombros.;colonia;f;0;PROPN;nmod;1;1
También se reportan árboles caídos en el parque de la Colonia El Molino, calle a Agua Zarca, donde personal de la alcaldía ya realiza labores de liberación de escombros.;calle;f;1;NOUN;appos;1;1
También se reportan árboles caídos en el parque de la Colonia El Molino, calle a Agua Zarca, donde personal de la alcaldía ya realiza labores de liberación de escombros.;agua;f;0;PROPN;nmod;1;1
También en el sector de Miraflores hay un punto de la borda de 5 km que sufrió daños y se desbordó hacia zona agrícola.;punto;m;0;NOUN;obj;1;1
Personal de aseo realiza limpieza de tragantes que amanecieron tapados de basura que fue arrastrada por la tormenta.;limpieza;f;0;NOUN;obj;1;1
Tragantes ubicados en el sector del rastro municipal, Bulevar de la 30, y sobre toda la avenida Roosevelt.;rastro;m;1;NOUN;nmod;1;1
Tragantes ubicados en el sector del rastro municipal, Bulevar de la 30, y sobre toda la avenida Roosevelt.;bulevar;m;1;PROPN;appos;1;1
Tragantes ubicados en el sector del rastro municipal, Bulevar de la 30, y sobre toda la avenida Roosevelt.;sobre;m;0;ADP;case;1;0
"""En estos momentos los todo el personal de aseo, parques y jardines, Protección Civil y Unidad medioambiental realizan trabajo de limpieza y monitoreo de las afectaciones por la tormenta de anoche"", indican las autoridades en su reporte preliminar.";trabajo;m;0;NOUN;obj;1;1
"""En estos momentos los todo el personal de aseo, parques y jardines, Protección Civil y Unidad medioambiental realizan trabajo de limpieza y monitoreo de las afectaciones por la tormenta de anoche"", indican las autoridades en su reporte preliminar.";limpieza;f;0;NOUN;nmod;1;1
"""La Fiscalía hace un llamado a todas las personas que han invertido en esta empresa a que se aboquen a exponer su caso y denunciar en el menor tiempo posible"", dijo el Ministerio Público en un comunicado.";llamado;m;0;ADJ;obj;1;0
"""La Fiscalía hace un llamado a todas las personas que han invertido en esta empresa a que se aboquen a exponer su caso y denunciar en el menor tiempo posible"", dijo el Ministerio Público en un comunicado.";comunicado;m;1;NOUN;obl;1;1
Según el comunicado de la Fiscalía,  se confirma la investigación contra los hermanos Carlos José, Gerardo Javier y José Ricardo Rivas Álvarez.;comunicado;m;1;NOUN;obl;1;1
Según el comunicado de la Fiscalía,  se confirma la investigación contra los hermanos Carlos José, Gerardo Javier y José Ricardo Rivas Álvarez.;contra;f;0;ADP;case;1;0
"""La forma de operar de los responsables de la empresa era convencer a los clientes de invertir desde mil dólares, con la promesa de recuperar su inversión en un año y obtener una ganancia cercana al 100 o 200 por ciento"", explicó la Fiscalía en un comunicado.";año;m;0;NOUN;obl;1;1
"""La forma de operar de los responsables de la empresa era convencer a los clientes de invertir desde mil dólares, con la promesa de recuperar su inversión en un año y obtener una ganancia cercana al 100 o 200 por ciento"", explicó la Fiscalía en un comunicado.";comunicado;m;0;NOUN;obl;1;1
La Fiscalía confirmó haber recibido 30 denuncias de víctimas que aseguran haber hecho inversiones sin recibir nada a cambio.;recibir;v;0;VERB;acl;1;1
Según las investigaciones de la Fiscalía, los hermanos crearon una plataforma virtual donde los inversionistas podían ver las transacciones de su dinero, así como retirar sus ganancias, en un inicio, hasta que esa herramienta dejó de operar en octubre de 2018.;plataforma;f;0;NOUN;obj;1;1
Según las investigaciones de la Fiscalía, los hermanos crearon una plataforma virtual donde los inversionistas podían ver las transacciones de su dinero, así como retirar sus ganancias, en un inicio, hasta que esa herramienta dejó de operar en octubre de 2018.;ver;v;0;VERB;acl;1;1
El Mercado Forex (de Foreign Exchange) es el Mercado internacional de  compra y venta de divisas a través de procedimientos financieros virtuales que se llevan a cabo desde cualquier lugar del mundo.;cabo;m;0;NOUN;compound;1;1
El Ministerio de Medio Ambiente y Recursos Naturales (MARN) informó que en lo que va del fin de semana ya se reportan ocho sismos que van desde los 2.2 a los 4.2 grados de magnitud.;medio;m;0;PROPN;flat;1;1
"De acuerdo al reporte de la institución, de los ocho temblores reportados, cinco tuieron como epicentro el departamento de San Salvador; uno en Sonsonate, otro en San Vicente y uno en Usulután.";cinco;m;0;NUM;nsubj;1;0
Desde el pasado martes, el Área Metropolitana de San Salvador se ha visto afectada por una serie sísmica cuyo origen, de acuerdo a técnicos en sismología del MARN, se debe a la activación del sistema de fallas geológicas en la zona.;zona;f;0;NOUN;nmod;1;1
El MARN atribuye esta actividad sísmica a la activación del sistema de fallas geológicas en la zona.;zona;f;0;NOUN;nmod;1;1
El Instituto de Derechos Humanos de la UCA (Idhuca), pidió este lunes al presidente de la República, Nayib Bukele, se comprometa a dar seguimiento a la entrega de información certificada sobre el caso jesuitas, así como los demás casos registrados por la Comisión de la Verdad, solicitados mediante la Ley de Acceso a la Información Pública (LAIP), en febrero de 2018.;dar;v;0;VERB;xcomp;1;1
El Instituto de Derechos Humanos de la UCA (Idhuca), pidió este lunes al presidente de la República, Nayib Bukele, se comprometa a dar seguimiento a la entrega de información certificada sobre el caso jesuitas, así como los demás casos registrados por la Comisión de la Verdad, solicitados mediante la Ley de Acceso a la Información Pública (LAIP), en febrero de 2018.;sobre;m;0;ADP;case;1;0
Pero, en marzo de ese año, la Presidencia declaró inexistente la información.;año;m;0;NOUN;nmod;1;1
Asimismo, el 15 de diciembre del año pasado, la SG-ONU respondió que sí era posible brindar el acceso al archivo de la Comisión de la Verdad, pero debían cumplirse ciertas condiciones, las cuales aún no ha sido realizadas.;año;m;0;NOUN;compound;1;1
"Por lo cual, Idhuca también llamó a la comunidad internacional a brindar su apoyo al Gobierno salvadoreño para localizar y recuperar la información relativa al caso jesuita, con el fin de facilitar la entrega garantizando la ""confidencialidad de las personas, instituciones, organizaciones y países que colaboraron con la Comisión de la Verdad"".";comunidad;f;0;NOUN;obj;1;1
El defensor Julio Rank, Lisandro Quintanilla, dijo que la condición de salud de su cliente es grave, luego de presentar una solicitud de Habeas Corpus en la Sala de lo Constitucional de la Corte Suprema de Justicia, donde han solicitado su libertad.;presentar;v;0;VERB;advcl;1;1
El defensor Julio Rank, Lisandro Quintanilla, dijo que la condición de salud de su cliente es grave, luego de presentar una solicitud de Habeas Corpus en la Sala de lo Constitucional de la Corte Suprema de Justicia, donde han solicitado su libertad.;corte;m;0;PROPN;nmod;1;1
"""La condición de salud de Julio es bastante grave, por una parte tiene una enfermedad crónica grave y degenerativa, y que le ha producido daños en órganos blancos, pero a parte, por haber tenido grilletes desde hace mucho tiempo en el hospital donde estaba, se le ha calcificado susmiembros inferioresy muy probablemente tenga que ser amputado de uno de sus pies y eso tiene que ser ya en uno de estos días, si es que no se atiende adecuadamente, por lo tanto solicitamos a la sala de lo Constitucional a que sea ágil en la tramitación de este proceso"", dijo Quintanilla a la prensa.";ser;m;0;AUX;aux;1;0
"""La condición de salud de Julio es bastante grave, por una parte tiene una enfermedad crónica grave y degenerativa, y que le ha producido daños en órganos blancos, pero a parte, por haber tenido grilletes desde hace mucho tiempo en el hospital donde estaba, se le ha calcificado susmiembros inferioresy muy probablemente tenga que ser amputado de uno de sus pies y eso tiene que ser ya en uno de estos días, si es que no se atiende adecuadamente, por lo tanto solicitamos a la sala de lo Constitucional a que sea ágil en la tramitación de este proceso"", dijo Quintanilla a la prensa.";ser;m;0;AUX;aux;1;0
"""La condición de salud de Julio es bastante grave, por una parte tiene una enfermedad crónica grave y degenerativa, y que le ha producido daños en órganos blancos, pero a parte, por haber tenido grilletes desde hace mucho tiempo en el hospital donde estaba, se le ha calcificado susmiembros inferioresy muy probablemente tenga que ser amputado de uno de sus pies y eso tiene que ser ya en uno de estos días, si es que no se atiende adecuadamente, por lo tanto solicitamos a la sala de lo Constitucional a que sea ágil en la tramitación de este proceso"", dijo Quintanilla a la prensa.";prensa;f;0;NOUN;iobj;1;1
En septiembre, el Juzgado Primero de Vigilancia Penitenciaria y Ejecución de la Pena negó la libertad condicional anticipada que la defensa pidió el 16 de agosto, alegando el estado delicado del exsecretario de comunicaciones de la Presidencia, Julio Rank.;pena;f;0;PROPN;flat;1;1
En septiembre, el Juzgado Primero de Vigilancia Penitenciaria y Ejecución de la Pena negó la libertad condicional anticipada que la defensa pidió el 16 de agosto, alegando el estado delicado del exsecretario de comunicaciones de la Presidencia, Julio Rank.;defensa;f;0;NOUN;nsubj;1;1
A principios del año, Rank sufrió un accidente cerebrovascular y perdió la movilidad del brazo y pierna izquierda, además padece hipertensión, diabetes y bronquitis crónica.;año;m;0;NOUN;obl;1;1
A principios del año, Rank sufrió un accidente cerebrovascular y perdió la movilidad del brazo y pierna izquierda, además padece hipertensión, diabetes y bronquitis crónica.;brazo;m;0;NOUN;nmod;1;1
"El fin de semana se conoció que el exsecretario fue dado de alta del hospital Policlínico del Instituto Salvadoreño del Seguro Social (ISSS) en Planes de Renderos, en donde se recuperaba, y fue trasladado al Centro Penal La Esperanza, conocido como ""Mariona""; la dirección de Centros Penales dijo que se encuentra estable, pero padece de depresión severa.";dado;m;0;VERB;ccomp;1;0
"El fin de semana se conoció que el exsecretario fue dado de alta del hospital Policlínico del Instituto Salvadoreño del Seguro Social (ISSS) en Planes de Renderos, en donde se recuperaba, y fue trasladado al Centro Penal La Esperanza, conocido como ""Mariona""; la dirección de Centros Penales dijo que se encuentra estable, pero padece de depresión severa.";social;m/f;0;PROPN;flat;1;1
"El fin de semana se conoció que el exsecretario fue dado de alta del hospital Policlínico del Instituto Salvadoreño del Seguro Social (ISSS) en Planes de Renderos, en donde se recuperaba, y fue trasladado al Centro Penal La Esperanza, conocido como ""Mariona""; la dirección de Centros Penales dijo que se encuentra estable, pero padece de depresión severa.";centro;m;0;PROPN;obl;1;1
"El fin de semana se conoció que el exsecretario fue dado de alta del hospital Policlínico del Instituto Salvadoreño del Seguro Social (ISSS) en Planes de Renderos, en donde se recuperaba, y fue trasladado al Centro Penal La Esperanza, conocido como ""Mariona""; la dirección de Centros Penales dijo que se encuentra estable, pero padece de depresión severa.";depresión;f;0;NOUN;obl;1;1
Rank fue condenado a cinco años por lavado de dinero y activos, junto al expresidente Antonio Saca, el exsecretario privado de ese gobierno, Élmer Charlaix, el exsecretario de la juventud, César Funes y los exempleados de Casa Presidencial, Pablo Gómez, Francisco Rodríguez y Jorge Herrera.;cinco;m;0;NUM;nummod;1;0
Rank fue condenado a cinco años por lavado de dinero y activos, junto al expresidente Antonio Saca, el exsecretario privado de ese gobierno, Élmer Charlaix, el exsecretario de la juventud, César Funes y los exempleados de Casa Presidencial, Pablo Gómez, Francisco Rodríguez y Jorge Herrera.;lavado;m;0;ADJ;obl;1;0
Rank fue condenado a cinco años por lavado de dinero y activos, junto al expresidente Antonio Saca, el exsecretario privado de ese gobierno, Élmer Charlaix, el exsecretario de la juventud, César Funes y los exempleados de Casa Presidencial, Pablo Gómez, Francisco Rodríguez y Jorge Herrera.;saca;f;0;PROPN;flat;1;1
Rank fue condenado a cinco años por lavado de dinero y activos, junto al expresidente Antonio Saca, el exsecretario privado de ese gobierno, Élmer Charlaix, el exsecretario de la juventud, César Funes y los exempleados de Casa Presidencial, Pablo Gómez, Francisco Rodríguez y Jorge Herrera.;casa;f;0;PROPN;nmod;1;1
El Gobierno central ya había decretado que, los empleados del sector público y privado con enfermedades crónicas deberán ser enviados a sus casas con remuneración durante la emergencia suscitada a nivel mundial.;central;m;0;ADJ;amod;1;0
El Gobierno central ya había decretado que, los empleados del sector público y privado con enfermedades crónicas deberán ser enviados a sus casas con remuneración durante la emergencia suscitada a nivel mundial.;ser;m;0;AUX;aux;1;0
El Gobierno central ya había decretado que, los empleados del sector público y privado con enfermedades crónicas deberán ser enviados a sus casas con remuneración durante la emergencia suscitada a nivel mundial.;emergencia;f;0;NOUN;obl;1;1
El Gobierno central ya había decretado que, los empleados del sector público y privado con enfermedades crónicas deberán ser enviados a sus casas con remuneración durante la emergencia suscitada a nivel mundial.;mundial;m;0;ADJ;amod;1;0
“El sector público y privado (sin excepción) deberán enviar a su casa (con remuneración) a sus trabajadores con insuficiencia renal, inmunodepresivos, afecciones cardíacas serias y todos los casos que indique” el Ministerio de Trabajo, detalla el tuit publicado ayer.;casa;f;0;NOUN;obl;1;1
“El sector público y privado (sin excepción) deberán enviar a su casa (con remuneración) a sus trabajadores con insuficiencia renal, inmunodepresivos, afecciones cardíacas serias y todos los casos que indique” el Ministerio de Trabajo, detalla el tuit publicado ayer.;trabajo;m;0;PROPN;flat;1;1
"El mandatario agradeció a las empresas que no solo han cumplido con las medidas, sino también que han colaborado con donaciones para mitigar la ""crisis"".";cumplido;m;0;VERB;acl;1;0
Ayer, el ministro de Trabajo, Rolando Castro, anunció que unas 75 empresas están bajo investigación del Ministerio de Trabajo y Previsión Social (MTPS) por no cumplir con las disposiciones de enviar a casa a los adultos mayores de 60 años y mujeres embarazadas.;trabajo;m;0;PROPN;nmod;1;1
Ayer, el ministro de Trabajo, Rolando Castro, anunció que unas 75 empresas están bajo investigación del Ministerio de Trabajo y Previsión Social (MTPS) por no cumplir con las disposiciones de enviar a casa a los adultos mayores de 60 años y mujeres embarazadas.;bajo;m;0;ADP;case;1;0
Ayer, el ministro de Trabajo, Rolando Castro, anunció que unas 75 empresas están bajo investigación del Ministerio de Trabajo y Previsión Social (MTPS) por no cumplir con las disposiciones de enviar a casa a los adultos mayores de 60 años y mujeres embarazadas.;trabajo;m;0;PROPN;nmod;1;1
Ayer, el ministro de Trabajo, Rolando Castro, anunció que unas 75 empresas están bajo investigación del Ministerio de Trabajo y Previsión Social (MTPS) por no cumplir con las disposiciones de enviar a casa a los adultos mayores de 60 años y mujeres embarazadas.;social;m/f;0;PROPN;flat;1;1
Ayer, el ministro de Trabajo, Rolando Castro, anunció que unas 75 empresas están bajo investigación del Ministerio de Trabajo y Previsión Social (MTPS) por no cumplir con las disposiciones de enviar a casa a los adultos mayores de 60 años y mujeres embarazadas.;casa;f;0;NOUN;obl;1;1
Desde el presidente de los Estados Unidos hasta varios alcaldes de municipios grandes y pequeños de El Salvador han hecho el ridículo con anuncios antojadizos en tiempos de pandemia, sin tomar en cuenta las recomendaciones de los médicos o de los científicos.;tomar;v;0;VERB;advcl;1;1
Aquí en El Salvador están gastándose miles de dólares en túneles desinfectantes que los médicos infectólogos advierten que no son efectivos y se toman medidas que suponen resolverán algo pero que tampoco tienen fundamento científico.;aquí;adv;0;ADV;advmod;1;0
En países donde se está ganando la batalla del coronavirus como Alemania, Taiwán o Corea del Sur, a ningún político responsable se le ocurre tomar medidas antojadizas sin escuchar a los especialistas.;tomar;v;0;VERB;csubj;1;1
Italia, por ejemplo, está analizando su reapertura gradual de la economía, con un grupo de expertos en todos los sectores para elaborar un programa para el desconfinamiento que tenga en cuenta todos los detalles y cruce de todos los datos.;programa;m;0;NOUN;obj;1;1
Esto es un asunto serio y cobra vidas, no se puede actuar por impulsividad, suposiciones o corazonadas y mucho menos con mala fe de perjudicar a otros.;asunto;m;0;NOUN;ROOT;1;1
El ministro de Salud, Francisco Alabí, llamo este jueves en conferencia de prensa a tomar una responsabilidad personal en cuanto a las medidas preventivas ante el coronavirus, y advirtió que el sistema de salud del país podría saturarse en caso de que más personas contraigan la enfermedad.;prensa;f;0;NOUN;nmod;1;1
El ministro de Salud, Francisco Alabí, llamo este jueves en conferencia de prensa a tomar una responsabilidad personal en cuanto a las medidas preventivas ante el coronavirus, y advirtió que el sistema de salud del país podría saturarse en caso de que más personas contraigan la enfermedad.;tomar;v;0;VERB;xcomp;1;1
“Si nosotros no cumplimos las medidas, vamos a enfermar, y a necesitar atención en hospitales, la cual tiene una capacidad.;enfermar;v;0;VERB;ROOT;1;1
Si bastante población adquiere esta enfermedad, definitivamente el sistema debe dar atención en salud, y llega un momento en que la capacidad de atención y servicios es limitada, y la demanda se excede”, explicó el funcionario, quien agregó que, si esto llegara a suceder, los hospitales podrían no dar la capacidad para atender a los pacientes con COVID-19, y que algunos podrían quedarse sin acceso al servicio.;dar;v;0;VERB;advcl;1;1
Si bastante población adquiere esta enfermedad, definitivamente el sistema debe dar atención en salud, y llega un momento en que la capacidad de atención y servicios es limitada, y la demanda se excede”, explicó el funcionario, quien agregó que, si esto llegara a suceder, los hospitales podrían no dar la capacidad para atender a los pacientes con COVID-19, y que algunos podrían quedarse sin acceso al servicio.;dar;v;0;VERB;advcl;1;1
Si bastante población adquiere esta enfermedad, definitivamente el sistema debe dar atención en salud, y llega un momento en que la capacidad de atención y servicios es limitada, y la demanda se excede”, explicó el funcionario, quien agregó que, si esto llegara a suceder, los hospitales podrían no dar la capacidad para atender a los pacientes con COVID-19, y que algunos podrían quedarse sin acceso al servicio.;atender;v;0;VERB;acl;1;1
Alabí aseguró que la única manera de evitar esto y que la población “toma esa responsabilidad, muy personal, que cada quién evite exponerse si no es necesario”, y agregó que, en los diferentes hospitales de la red nacional de salud, cada día llegan más pacientes que están sufriendo deterioros por procesos respiratorios, y no descartó que en algún momento se puedan “convertir en mortalidades”, debido a que la mayoría o el 50 % según las estadísticas se convierte un paciente que muere.;manera;f;0;NOUN;ccomp;1;1
De igual forma, hizo un llamado a la población a acatar las medidas sanitarias: “Le pedimos a la población que comprenda, la gravedad, en estos días estamos ante una pandemia que puede llegar a salirse de control, que cada día aumenta sus casos, que cada día requieren ventilación mecánica...;llamado;m;0;ADJ;obj;1;0
en ese contexto queremos que la población tome conciencia solo las medidas de distanciamiento social van a poder evitar que toda esta gente muera”.;social;m/f;0;ADJ;amod;1;0
"""La única manera de evitar que nuestros abuelos, padres, hermanos y primos vayan a fallecer de esta enfermedad es no exponerse"" concluyó Alabí.";manera;f;0;NOUN;nsubj;1;1
La Fiscalía General de la República (FGR) presentó este jueves la acusación contra el exdiputado de la Asamblea Legislativa y actual diputado del Parlamento Centroamericano (Parlacen), Norman Quijano, por los delitos de agrupaciones ilícitas y fraude electoral, ante la Cámara Primera de lo Penal.;contra;f;0;ADP;case;1;0
"""Se está atribuyendo los delitos de agrupaciones ilícitas y fraude electoral , dicha acusación se sustenta en que el proceso Norman Quijano en el mes de marzo del 2014, exactamente la primera semana del 2014, cuando se estaba viviendo un momento histórico en el cual se habían celebrado las elecciones en primera ronda, posteriormente al no haber un ganador en dichas elecciones el Tribunal Supremo Electoral (TSE) convoca a una segunda vuelta, es en este lapso de tiempo en el cual el procesado se reúne con líderes pandilleriles en la ciudad de San Salvador, es en esa reunión en la cual se sostienen acuerdos"", dijo el fiscal del caso.";vuelta;f;0;NOUN;obj;1;1
Quijano fue acusado el 1 de mayo del 2021 de fraude electoral y agrupaciones ilícitas en El Salvador en supuestas negociaciones con pandillas en campaña electoral 2014, y el 6 de mayo, el Juzgado Séptimo de Paz le giró una orden de captura en su contra.;orden;f;0;NOUN;obj;1;1
Quijano fue acusado el 1 de mayo del 2021 de fraude electoral y agrupaciones ilícitas en El Salvador en supuestas negociaciones con pandillas en campaña electoral 2014, y el 6 de mayo, el Juzgado Séptimo de Paz le giró una orden de captura en su contra.;contra;f;0;NOUN;obl;1;1
Luego, el juzgado Quinto de Instrucción pidió una difusión roja, pero la Policía Internacional (Interpol) decidió el 24 de septiembre no ejecutarla para no intervenir en asuntos políticos.;roja;f;0;ADJ;amod;1;0
La defensa apeló esa decisión de la Cámara ante la Sala de lo Penal.;defensa;f;0;NOUN;nsubj;1;1
Ayer, jueves 21 de julio, se convirtió en el primer día de julio en el que no se registraron homicidios en el territorio salvadoreño, informó el presidente de la República, Nayib Bukele, durante los primeros minutos de este miércoles, a través de las redes sociales.;miércoles;sust(m/f)/adj;0;NOUN;nmod;1;1
"Nuestro país va de la mano de Dios y vamos a salir adelante"", afirmó el mandatario.";mano;f;0;NOUN;obl;1;1
"El director de la Policía Nacional Civil (PNC), Mauricio Arriaza Chicas, también se refirió a la reducción y afirmó: ""Seguiremos en la ruta de proteger la vida de los salvadoreños cueste lo que cueste"".";ruta;f;0;NOUN;obl;1;1
Según las autoridades, las cifras las atribuyen al Plan Control Territorial impulsado por el Gobierno del presidente Nayib Bukele.;plan;m;0;PROPN;iobj;1;1
Salud lamentó la pérdida de cinco mujeres y dos hombres en su cuenta de Twitter, donde brindó los siguientes datos: Además, según datos del gobierno son 1,098 personas asintomáticas, 1,020 estables y 905 pacientes que se encuentra en estado moderado.;cinco;m;0;NUM;nummod;1;0
El ministro de Salud, informó en su cuenta de Twitter que hoy, las cabinas para detectar casos de covid-19 estarán en el parque central de Intipucá en La Unión.;central;m;0;ADJ;amod;1;0
Eran alrededor de las 9:30 de la mañana de este miércoles, cuando el mercado San Miguelito, el cuarto más grande de la capital salvadoreña, empezó a incendiarse.;miércoles;sust(m/f)/adj;0;NOUN;nmod;1;1
Vendedores llamaron a las autoridades y, a penas unos minutos después, llegaron los socorristas de Comandos de Salvamento para intentar apagar lo que ─en ese momento─ era un conato de incendio.;apagar;v;0;VERB;xcomp;1;1
Los periodistas de  en la zona constataron la llegada de los bomberos al mismo tiempo que una pipa de la Administración Nacional de Acueductos y Alcantarillados (ANDA), pasadas las 10:00 de la mañana.;zona;f;0;NOUN;nmod;1;1
Los periodistas de  en la zona constataron la llegada de los bomberos al mismo tiempo que una pipa de la Administración Nacional de Acueductos y Alcantarillados (ANDA), pasadas las 10:00 de la mañana.;pipa;f;1;NOUN;nmod;1;1
Yesenia de Solís, una vendedora en la zona, no dudó en reclamar a las autoridades su respuesta tardía.;zona;f;0;NOUN;nmod;1;1
Yesenia de Solís, una vendedora en la zona, no dudó en reclamar a las autoridades su respuesta tardía.;reclamar;v;0;VERB;xcomp;1;1
Entre marzo y septiembre de este año, en a penas seis meses, ha habido seis mercados incendiados en El Salvador.;año;m;0;NOUN;nmod;1;1
Sus magnitudes, además, han sido considerables: el más leve de ellos consumió todo un módulo de ventas en Sonsonate, y el más grave hasta hoy destruyó casi por completo el mercado de San Miguel.;módulo;m;0;NOUN;obj;1;1
, y los bomberos, la Cruz Verde Salvadoreña, la Cruz Roja y decenas de voluntarios lucharon casi cinco horas para lograr contener las voraces llamas.;roja;f;0;PROPN;flat;1;1
, y los bomberos, la Cruz Verde Salvadoreña, la Cruz Roja y decenas de voluntarios lucharon casi cinco horas para lograr contener las voraces llamas.;cinco;m;0;NUM;nummod;1;0
Calle Poniente, del barrio San Felipe, nuevamente en San Miguel.;calle;f;0;PROPN;ROOT;1;1
El Juzgado Especializado de Sentencia “A”, de San Salvador, absolvió a 32 pandilleros de la Mara Salvatrucha de la colonia Vista al Lago, en Ilopango, acusados de 22 homicidios, entre ellos, de cuatro soldados que fueron desaparecidos, asesinados y enterrados en un cementerio clandestino del lugar, en 2016.;colonia;f;0;NOUN;nmod;1;1
Para el juez suplente de ese tribunal, la Fiscalía General de la República no logró individualizar la participación de cada imputado en cada uno de los 22 homicidios que se les atribuía.;les;pron;0;PRON;obj;1;1
Dijo que el testigo con clave “Hitler”, un supuesto pandillero que aseguraba haber participado en los casos y que delató a sus compinches, no pudo precisar el lugar, hora, día, tipo de arma, características de los vestuarios que llevaban las víctimas a la hora que fueron asesinadas, ni otras particularidades.;clave;f;0;NOUN;nmod;1;1
Dijo que el testigo con clave “Hitler”, un supuesto pandillero que aseguraba haber participado en los casos y que delató a sus compinches, no pudo precisar el lugar, hora, día, tipo de arma, características de los vestuarios que llevaban las víctimas a la hora que fueron asesinadas, ni otras particularidades.;precisar;v;0;VERB;xcomp;1;1
Uno de los casos más sonados en ese juicio fue el de cuatro militares que venían de Ahuachapán el 10 de septiembre de 2016  y se aprestaban a participar de una capacitación en las Fuerzas Especiales de la Fuerza Aérea en Ilopango, pero en San Salvador tomaron el microbús equivocado y fueron a parar a Vista Lago, en Ilopango, donde la Mara Salvatrucha los privó de libertad, los desapareció, los asesinó y luego escondió sus cadáveres.;capacitación;f;0;NOUN;obj;1;1
Uno de los casos más sonados en ese juicio fue el de cuatro militares que venían de Ahuachapán el 10 de septiembre de 2016  y se aprestaban a participar de una capacitación en las Fuerzas Especiales de la Fuerza Aérea en Ilopango, pero en San Salvador tomaron el microbús equivocado y fueron a parar a Vista Lago, en Ilopango, donde la Mara Salvatrucha los privó de libertad, los desapareció, los asesinó y luego escondió sus cadáveres.;parar;v;0;VERB;conj;1;1
"Tres años después, las autoridades dieron con el cementerio clandestino donde yacían los restos de los militares; el testigo identificó en este caso a dos pandilleros quienes los ejecutaron, pero en el juicio no pudo individualizar a quiénes asesinó cada uno de los imputados, por lo que fueron absueltos.";tres;m;0;NUM;nummod;1;0
Los fiscales del caso afirmaron que salieron sorprendido con el fallo del juez suplente del Juzgado Especializado de Sentencia A.;fallo;m;0;NOUN;obl;1;1
Citó como ejemplo que después de tres años  de un cuerpo estar bajo tierra, se quiera verificar un tatuaje, si los restos, ya ni siquiera tienen piel.;tres;m;0;NUM;nummod;1;0
Citó como ejemplo que después de tres años  de un cuerpo estar bajo tierra, se quiera verificar un tatuaje, si los restos, ya ni siquiera tienen piel.;estar;v;0;AUX;cop;1;0
Citó como ejemplo que después de tres años  de un cuerpo estar bajo tierra, se quiera verificar un tatuaje, si los restos, ya ni siquiera tienen piel.;bajo;m;0;ADP;case;1;0
"“Ese testigo debe ser procesado y condenado aquí porque su idea fue mentir para justificar sus grandes homicidios y delitos; el confesó cómo había cortado piernas, cabezas, brazos”.";ser;m;0;AUX;cop;1;0
"“Ese testigo debe ser procesado y condenado aquí porque su idea fue mentir para justificar sus grandes homicidios y delitos; el confesó cómo había cortado piernas, cabezas, brazos”.";aquí;adv;0;ADV;advmod;1;0
Desde tempranas horas de este domingo 12 de diciembre, decenas de salvadoreños se reunieron en el Parque Cuscatlán para iniciar la marcha en contra de las medidas del Gobierno de Nayib Bukele.;contra;f;0;NOUN;fixed;1;1
Diversos sectores se han unido a la concentración, que continúa acumulando aforo en su avance hasta la Plaza Gerardo Barrios, en el centro histórico de San Salvador.;centro;m;0;NOUN;nmod;1;1
Entre las consignas que ya se manifiestan se encuentran la exigencia por el derecho al agua, la extradición de criminales requeridos por Estados Unidos, y el rechazo a la negociación del Gobierno con las pandillas.;agua;f;0;NOUN;nmod;1;1
Entre los asistentes a la convocatoria de hoy llegó Lady Drag, un ícono del descontento social en las últimas protestas en El Salvador, creado por el artista salvadoreño Marvin Pleitez.;social;m/f;0;ADJ;amod;1;0
Entre los asistentes a la convocatoria de hoy llegó Lady Drag, un ícono del descontento social en las últimas protestas en El Salvador, creado por el artista salvadoreño Marvin Pleitez.;artista;m/f;0;NOUN;obj;1;1
lo que es atribuido por el gobierno a un plan de seguridad que se impulsa, informó este sábado la policía.;plan;m;0;NOUN;obj;1;1
El Plan Control Territorial es impulsado por el gobierno del presidente Nayib Bukele, para el combate a la criminalidad y el mismo establece el despliegue de la policía apoyada por el ejército en zonas con problemas delincuenciales, principalmente con las violentas pandillas.;plan;m;0;PROPN;nsubj;1;1
Ese plan también contempla acciones de apoyo comunitario como la construcción de zonas de esparcimiento para jóvenes en comunidades con problemas de inseguridad, entre otros proyectos.;plan;m;0;NOUN;nsubj;1;1
Según señaló la Casa Presidencial en su cuenta de Twitter,   sobre criminalidad.;casa;f;0;PROPN;nsubj;1;1
Según señaló la Casa Presidencial en su cuenta de Twitter,   sobre criminalidad.;sobre;m;0;ADP;case;1;0
Este domingo, autoridades de la Comisión Nacional de Protección Civil informaron sobre las medidas que ejecutarán para disminuir el riesgo en la carretera Los Chorros, entre estas la instalación de un sistema de alerta temprana en la vía para que mida los micro movimientos y que a través de pantallas, se informe a la población sobre ello.;sobre;m;0;ADP;case;1;0
Este domingo, autoridades de la Comisión Nacional de Protección Civil informaron sobre las medidas que ejecutarán para disminuir el riesgo en la carretera Los Chorros, entre estas la instalación de un sistema de alerta temprana en la vía para que mida los micro movimientos y que a través de pantallas, se informe a la población sobre ello.;sobre;m;0;ADP;case;1;0
También el Fondo de Conservación Vial (Fovial) indicó que realizarán obras de mitigación de riesgo como la construcción de estructura de contención y cama de amortiguamiento para evitar futuros deslizamientos.;cama;f;0;NOUN;conj;1;1
Además, comunicaron que cuando se presenten lluvias, cerrarán la carretera y que la población deberán buscar vías alternas.;buscar;v;0;VERB;conj;1;1
De igual forma, señalaron que los vehículos de más de tres toneladas, tienen prohibido circular por la arteria, por lo que quienes no acaten la restricción, serán multados.;tres;m;0;NUM;nummod;1;0
De igual forma, señalaron que los vehículos de más de tres toneladas, tienen prohibido circular por la arteria, por lo que quienes no acaten la restricción, serán multados.;circular;v;0;VERB;xcomp;1;1
La madrugada del pasado viernes se produjo un desprendimiento de rocas que obligó a las autoridades a restringir el paso por la vía, lo cual generó un caos vehicular en la zona.;paso;m;0;NOUN;obj;1;1
La madrugada del pasado viernes se produjo un desprendimiento de rocas que obligó a las autoridades a restringir el paso por la vía, lo cual generó un caos vehicular en la zona.;zona;f;0;NOUN;obl;1;1
El último boletín epidemiológico del 2021, correspondiente del 26 de diciembre al 1 de enero, reveló que los casos sospechosos de dengue, las infecciones respiratorias agudas, neumonías, diarreas, fiebre tifoidea y enfermedad febril eruptiva cerraron con alza en los casos reportados.;boletín;m;0;NOUN;nsubj;1;1
El último boletín epidemiológico del 2021, correspondiente del 26 de diciembre al 1 de enero, reveló que los casos sospechosos de dengue, las infecciones respiratorias agudas, neumonías, diarreas, fiebre tifoidea y enfermedad febril eruptiva cerraron con alza en los casos reportados.;alza;f;0;NOUN;obl;1;1
Los casos sospechosos de dengue aumentaron un 6 % al compararse con los datos de hace un año, concluyendo con 5,752 personas sospechosas de dicha enfermedad.;año;m;0;NOUN;obj;1;1
Sobre las diarreas y gastroenteritis se detectó un aumento que cerró con 42 %, correspondiente a 220,739 personas.;sobre;m;0;ADP;case;1;0
El director de la Policía Nacional Civil (PNC), Howard Cotto, afirmó que el arma con que fue asesinado el líder del PCN, Ramón Kury, no fue entregada a un comisionado de la corporación policial, como expuso la Fiscalía General de la República en la audiencia inicial.;ramón;m;0;PROPN;appos;1;1
“Esta arma no fue entregada ni estaba en posesión de ningún jefe policial, nosotros estamos indagando cómo es que esta arma volvió a circular y no quedó incautada, a quién fue entregada, si fue entregada a su legítimo propietario o hubo alguna anomalía”, dijo el jefe policial ayer.;circular;v;0;VERB;xcomp;1;1
La jueza Cuarta de Paz que conoció del homicidio de Ramón Kury ordenó a la Fiscalía que haga una profunda investigación de cómo el arma salió, supuestamente de la División de la Policía Técnica y Científica, (DPTC), decomisada en el año 2011 por un delito.;cuarta;f;0;PROPN;flat;1;1
La jueza Cuarta de Paz que conoció del homicidio de Ramón Kury ordenó a la Fiscalía que haga una profunda investigación de cómo el arma salió, supuestamente de la División de la Policía Técnica y Científica, (DPTC), decomisada en el año 2011 por un delito.;ramón;m;0;PROPN;nmod;1;1
La jueza Cuarta de Paz que conoció del homicidio de Ramón Kury ordenó a la Fiscalía que haga una profunda investigación de cómo el arma salió, supuestamente de la División de la Policía Técnica y Científica, (DPTC), decomisada en el año 2011 por un delito.;año;m;0;NOUN;obl;1;1
El arma estaba a nombre del empleado de la Asamble Legislativa Óscar Remberto Delgado, quien supuestamente se la proporcionó a un policía para que disparara contra Kury.;contra;f;0;ADP;case;1;0
Cotto dijo que han recurrido a los registros de armas que lleva el Ministerio de la Defensa para investigar a quién se le entregó y poseía el arma, al momento del asesinato de Kury.;defensa;f;0;PROPN;flat;1;1
“No tenemos conocimiento de esa situación, tampoco hemos recibido ningún requerimiento de colaboración por parte de las autoridades de ese país (Venezuela) y de recibirlo, por supuesto que vamos a darle nuestra colaboración en el marco de la cooperación en materia policial y judicial”, dijo el ministro.;situación;f;0;NOUN;nmod;1;1
"El domingo 24 de marzo, el presidente de Venezuela acusó al opositor Juan Guaidó de dirigir un plan para asesinarlo; según el ministro de Comunicaciones, Jorge Rodríguez, dijo que sicarios salvadoreños, guatemaltecos y hondureños estarían en ese país, con apoyo del presidente de Colombia, Iván Duque, para asesinar a Maduro.";plan;m;0;NOUN;obj;1;1
"El domingo 24 de marzo, el presidente de Venezuela acusó al opositor Juan Guaidó de dirigir un plan para asesinarlo; según el ministro de Comunicaciones, Jorge Rodríguez, dijo que sicarios salvadoreños, guatemaltecos y hondureños estarían en ese país, con apoyo del presidente de Colombia, Iván Duque, para asesinar a Maduro.";duque;m;0;PROPN;flat;1;1
Rodríguez señala a El Salvador como el “epicentro” de este supuesto plan, donde según él estaban reclutando a paramilitares, criminales y pandilleros para entrenarlos en Colombia.;plan;m;0;NOUN;nmod;1;1
El presidente de la Confederación Salvadoreña Pesca Acuícola Agropecuaria de Pequeña Escala (Confepesca), Norberto Romero, informó que l A esto se suman, agregó el vocero, que los productos están bajando de precio, por lo cual señaló que es importante buscar crear mercados en el país para llegar a más consumidores en compras al detalle.;vocero;m;1;NOUN;nsubj;1;1
El presidente de la Confederación Salvadoreña Pesca Acuícola Agropecuaria de Pequeña Escala (Confepesca), Norberto Romero, informó que l A esto se suman, agregó el vocero, que los productos están bajando de precio, por lo cual señaló que es importante buscar crear mercados en el país para llegar a más consumidores en compras al detalle.;buscar;v;0;VERB;csubj;1;1
Explicó que en la Ley general de ordenación y promoción de pesca y acuicultura se habilita otorgar licencias como garantía prendaria, pero que “lastimosamente” la banca comercial “no quiere garantías prendarias” pues la pesca es considerada como un trabajo “inseguro”.;comercial;m;0;ADJ;amod;1;0
Explicó que en la Ley general de ordenación y promoción de pesca y acuicultura se habilita otorgar licencias como garantía prendaria, pero que “lastimosamente” la banca comercial “no quiere garantías prendarias” pues la pesca es considerada como un trabajo “inseguro”.;trabajo;m;0;NOUN;obj;1;1
El artículo 68 de esta ley dice que “el Estado promoverá líneas de crédito preferenciales para la reactivación y promoción de la pesca y la acuicultura nacional.;crédito;m;0;NOUN;nmod;1;1
Las licencias que estén debidamente registradas podrán ser otorgadas como garantías en la contratación de créditos para la actividad pesquera y acuícola”.;ser;m;0;AUX;aux;1;0
El productor indicó que es necesario buscar mecanismos de devolución del Fondo de Conservación Vial (Fovial) y aseguró que están trabajando con el gobierno para que la entrega de documentos, como licencias de pesca, sea más competitiva y rápida, así como que sea la Autoridad Marítima Portuaria (AMP) para la asignación de matrículas.;buscar;v;0;VERB;csubj;1;1
"Otro de los problemas que ""tenemos de la pesca a nivel mundial, o de la pesca artesanal, es que no tenemos seguro social para el pescador, no hay un protocolo de seguridad en el mar”, puntualizó Romero.";mundial;m;0;ADJ;amod;1;0
"Otro de los problemas que ""tenemos de la pesca a nivel mundial, o de la pesca artesanal, es que no tenemos seguro social para el pescador, no hay un protocolo de seguridad en el mar”, puntualizó Romero.";social;m/f;0;ADJ;obj;1;0
"Otro de los problemas que ""tenemos de la pesca a nivel mundial, o de la pesca artesanal, es que no tenemos seguro social para el pescador, no hay un protocolo de seguridad en el mar”, puntualizó Romero.";pescador;m;0;NOUN;nmod;1;1
Ayer continuó la racha de crímenes: al menos cinco personas murieron en diferentes circunstancias.;cinco;m;0;NUM;nummod;1;0
Un hombre fue asesinado en la lotificación El Ángel, en las cercanías de la sede policial de ese sector, situado en la calle antigua a Quezaltepeque,  en el municipio de Apopa, San Salvador.;calle;f;0;NOUN;obl;1;1
Según la información, el hombre, quien no fue identificado, iba hacia su trabajo cuando fue interceptado por varios sujetos que le causaron la muerte.;trabajo;m;0;NOUN;obl;1;1
Por su parte, Jaime Wilfredo Cardona, de 42 años, fue asesinado en un vivero, situado en el cantón La Lima, Huizúcar, La Libertad.;cardona;f;0;PROPN;flat;1;1
Por su parte, Jaime Wilfredo Cardona, de 42 años, fue asesinado en un vivero, situado en el cantón La Lima, Huizúcar, La Libertad.;vivero;m;0;NOUN;obl;1;1
Por su parte, Jaime Wilfredo Cardona, de 42 años, fue asesinado en un vivero, situado en el cantón La Lima, Huizúcar, La Libertad.;lima;f;0;PROPN;appos;1;1
"La Fiscalía General de la República (FGR) también practicó los reconocimientos de los cadáveres de Julio César N., un supuesto pandillero, ocurrido en la colonia Guadalupe de San Julián, Sonsonate; y otro crimen, en el cantón Cujuapa de  Armenia.";colonia;f;0;NOUN;obl;1;1
El Juzgado Segundo de Paz de Santa Ana absolvió ayer a un oficial y siete agentes de la Policía Nacional Civil (PNC) de los cargos de conducción peligrosa de vehículo y portación irresponsable de arma de fuego, luego de que la semana anterior fueran capturados en estado de ebriedad.;siete;m;0;NUM;nummod;1;0
Aunque se demostraron indicios de la ingesta de bebidas alcohólicas, el juez consideró que no era posible determinar el grado de embriaguez en el momento de los hechos.;grado;m;0;NOUN;obj;1;1
Además, el pasado sábado 29 de septiembre la Unidad de Administración de Justicia en Santa Ana presentó al Juzgado Segundo de Paz, del mismo municipio, una nueva acusación contra una mujer policía –que no fue capturada la semana anterior– y dos de los agentes arrestados.;contra;f;0;ADP;case;1;0
La acusación es por los delitos de amenazas con agravación especial y disparo de arma de fuego en perjuicio de una víctima con régimen de protección, para este caso se programó una audiencia el día miércoles tres de octubre.;disparo;m;0;NOUN;conj;1;1
La acusación es por los delitos de amenazas con agravación especial y disparo de arma de fuego en perjuicio de una víctima con régimen de protección, para este caso se programó una audiencia el día miércoles tres de octubre.;miércoles;sust(m/f)/adj;0;NOUN;compound;1;1
La acusación es por los delitos de amenazas con agravación especial y disparo de arma de fuego en perjuicio de una víctima con régimen de protección, para este caso se programó una audiencia el día miércoles tres de octubre.;tres;m;0;NUM;compound;1;0
"En este último requerimiento, la Fiscalía acusa a una mujer que acompañó a los siete policías y al oficial; sin embargo, ella no había ingerido bebidas alcohólicas y no portaba arma de fuego, pero con la investigación realizada fue encontrada una denuncia en su contra por amenazas con agravación especial.";siete;m;0;NUM;nummod;1;0
"En este último requerimiento, la Fiscalía acusa a una mujer que acompañó a los siete policías y al oficial; sin embargo, ella no había ingerido bebidas alcohólicas y no portaba arma de fuego, pero con la investigación realizada fue encontrada una denuncia en su contra por amenazas con agravación especial.";contra;f;0;NOUN;obl;1;1
El catedrático universitario, Miguel Ángel Serrano Melgar, deberá realizar un año y medio de trabajos de utilidad pública por violar orden de restricción de acercamiento a una ex alumna, con quien sostuvo una relación amorosa.;serrano;m;0;PROPN;flat;1;1
El catedrático universitario, Miguel Ángel Serrano Melgar, deberá realizar un año y medio de trabajos de utilidad pública por violar orden de restricción de acercamiento a una ex alumna, con quien sostuvo una relación amorosa.;realizar;v;0;VERB;ROOT;1;1
El catedrático universitario, Miguel Ángel Serrano Melgar, deberá realizar un año y medio de trabajos de utilidad pública por violar orden de restricción de acercamiento a una ex alumna, con quien sostuvo una relación amorosa.;año;m;0;NOUN;obl;1;1
El catedrático universitario, Miguel Ángel Serrano Melgar, deberá realizar un año y medio de trabajos de utilidad pública por violar orden de restricción de acercamiento a una ex alumna, con quien sostuvo una relación amorosa.;medio;m;0;NUM;conj;1;0
El catedrático universitario, Miguel Ángel Serrano Melgar, deberá realizar un año y medio de trabajos de utilidad pública por violar orden de restricción de acercamiento a una ex alumna, con quien sostuvo una relación amorosa.;orden;f;0;NOUN;obj;1;1
Serrano Melgar fue condenado a un año y medio de prisión por el delito de desobediencia de medidas cautelares, pero el Tribunal Tercero de Sentencia de San Salvador se los reemplazo por 72 jornadas de trabajos de utilidad pública.;serrano;m;0;PROPN;nsubj;1;1
Serrano Melgar fue condenado a un año y medio de prisión por el delito de desobediencia de medidas cautelares, pero el Tribunal Tercero de Sentencia de San Salvador se los reemplazo por 72 jornadas de trabajos de utilidad pública.;año;m;0;NOUN;obj;1;1
Serrano Melgar fue condenado a un año y medio de prisión por el delito de desobediencia de medidas cautelares, pero el Tribunal Tercero de Sentencia de San Salvador se los reemplazo por 72 jornadas de trabajos de utilidad pública.;medio;m;0;NUM;conj;1;0
Serrano fue detenido en flagrancia el pasado 8 de junio de 2017, en la Universidad de El Salvador, luego que la policía fuera informada que el profesor se había acercado a la víctima a pesar de que, tenía orden judicial de no aproximarse a ella.;serrano;m;0;PROPN;nsubj;1;1
Serrano fue detenido en flagrancia el pasado 8 de junio de 2017, en la Universidad de El Salvador, luego que la policía fuera informada que el profesor se había acercado a la víctima a pesar de que, tenía orden judicial de no aproximarse a ella.;orden;f;0;NOUN;obj;1;1
Dichas medidas de protección fueron otorgadas a la víctima por el Juzgado de Paz de Mejicanos, después que denunciara que Serrano comenzó a perseguirla, molestarla y hasta amenazarla porque ella decidió terminar la relación sentimental con él.;serrano;m;0;PROPN;nsubj;1;1
Dichas medidas de protección fueron otorgadas a la víctima por el Juzgado de Paz de Mejicanos, después que denunciara que Serrano comenzó a perseguirla, molestarla y hasta amenazarla porque ella decidió terminar la relación sentimental con él.;terminar;v;0;VERB;xcomp;1;1
Ante la acumulación de agua y la humedad generada por la tormenta Julia hasta el momento, se mantiene probabilidad muy alta de entre el 80% y el 100% de desbordamientos de ríos y quebradas, inundaciones urbanas, y anegamientos de terreno de grandes extensiones en los municipios del Área Metropolitana de San Salvador, La Libertad y Pasaquina en La Unión.;agua;f;0;NOUN;nmod;1;1
En estas zonas la acumulación de agua por lluvia superan los 200 mm, según datos publicados por el Ministerio de Medio Ambiente.;agua;f;0;NOUN;nmod;1;1
En estas zonas la acumulación de agua por lluvia superan los 200 mm, según datos publicados por el Ministerio de Medio Ambiente.;medio;m;0;PROPN;flat;1;1
Junto a  ellos fue enviado a prisión, un menor de edad que fue capturado junto a ellos el pasado martes en la tarde, cuando la Policía Nacional Civil dio seguimiento a  un vehículo donde habían trasladado al menor de tres meses que fue raptado de los brazos de su abuela, en Apopa.;tres;m;0;NUM;nummod;1;0
Méndez Oliva dijo a las autoridades que raptó al menor porque ella estuvo embarazada y perdió al niño, y había dicho a su pareja que el niño nació, pero estaba hospitalizado.;niño;m;0;NOUN;obj;1;1
Méndez Oliva dijo a las autoridades que raptó al menor porque ella estuvo embarazada y perdió al niño, y había dicho a su pareja que el niño nació, pero estaba hospitalizado.;niño;m;0;NOUN;obj;1;1
Supuestamente, el papá del niño fallecido quiso saber del estado de salud de hijo y fue al hospital a preguntar, ahí le informaron que no había registro de ningún bebé y por eso Méndez planeó robar al otro menor.;niño;m;0;NOUN;nmod;1;1
Supuestamente, el papá del niño fallecido quiso saber del estado de salud de hijo y fue al hospital a preguntar, ahí le informaron que no había registro de ningún bebé y por eso Méndez planeó robar al otro menor.;ahí;adv;0;ADV;advmod;1;0
Supuestamente, el papá del niño fallecido quiso saber del estado de salud de hijo y fue al hospital a preguntar, ahí le informaron que no había registro de ningún bebé y por eso Méndez planeó robar al otro menor.;registro;m;0;NOUN;ccomp;1;1
El cuerpo del niño de cuatro años que fue arrastrado por el Río Pilón, en Ciudad Arce, La Libertad, fue encontrado ayer por los cuerpos de socorro, según confirmó Protección Civil.;niño;m;0;NOUN;nmod;1;1
El cuerpo del niño de cuatro años que fue arrastrado por el Río Pilón, en Ciudad Arce, La Libertad, fue encontrado ayer por los cuerpos de socorro, según confirmó Protección Civil.;pilón;m;0;PROPN;flat;1;1
El menor, llamado Alexander Vásquez, fue arrastrado ante las intensas lluvias del pasado martes, junto a su padre, cuando trataban de cruzarse el río.;llamado;m;0;ADJ;amod;1;0
El menor, llamado Alexander Vásquez, fue arrastrado ante las intensas lluvias del pasado martes, junto a su padre, cuando trataban de cruzarse el río.;alexander;m;0;PROPN;obj;1;1
El incidente, dijo Protección Civil, pudo haberse evitado si no hubieran tratado de pasar por el río, cuya correntada había subido de forma precipitada.;pasar;v;0;VERB;xcomp;1;1
El incidente, dijo Protección Civil, pudo haberse evitado si no hubieran tratado de pasar por el río, cuya correntada había subido de forma precipitada.;subido;m;0;VERB;acl;1;0
Este estudio surgió cuando un familiar de un experto en privacidad 'online' y profesor asistente de Ingeniería eléctrica de esta institución, Kassem Fawaz, advirtió que   una aplicación destinada a las videollamadas.;privacidad;f;0;NOUN;nmod;1;1
Para llevar a cabo esta investigación, se realizó un análisis de diversas aplicaciones populares destinadas a la realización de reuniones virtuales, presentes en los principales sistemas operativos, como  Lo hicieron con el objetivo de determinar hasta qué punto podían recopilar información de los usuarios a pesar de haber muteado el sistema y desactivado el micrófono de las aplicaciones.;llevar;v;0;VERB;advcl;1;1
Para llevar a cabo esta investigación, se realizó un análisis de diversas aplicaciones populares destinadas a la realización de reuniones virtuales, presentes en los principales sistemas operativos, como  Lo hicieron con el objetivo de determinar hasta qué punto podían recopilar información de los usuarios a pesar de haber muteado el sistema y desactivado el micrófono de las aplicaciones.;cabo;m;0;NOUN;compound;1;1
Para llevar a cabo esta investigación, se realizó un análisis de diversas aplicaciones populares destinadas a la realización de reuniones virtuales, presentes en los principales sistemas operativos, como  Lo hicieron con el objetivo de determinar hasta qué punto podían recopilar información de los usuarios a pesar de haber muteado el sistema y desactivado el micrófono de las aplicaciones.;realización;f;0;NOUN;obj;1;1
Para llevar a cabo esta investigación, se realizó un análisis de diversas aplicaciones populares destinadas a la realización de reuniones virtuales, presentes en los principales sistemas operativos, como  Lo hicieron con el objetivo de determinar hasta qué punto podían recopilar información de los usuarios a pesar de haber muteado el sistema y desactivado el micrófono de las aplicaciones.;punto;m;0;NOUN;obl;1;1
La mayoría de ellos creía que las aplicaciones no deberían poder tener acceso a esta información al silenciar los micrófonos.;silenciar;v;0;VERB;advcl;1;1
La segunda parte del estudio, en cambio, se centró en analizar el comportamiento real del botón de silencio de estas aplicaciones populares, para determinar el tipo de datos que se recopilaban y si estos podían revelar información personal.;real;m;0;ADJ;amod;1;0
La segunda parte del estudio, en cambio, se centró en analizar el comportamiento real del botón de silencio de estas aplicaciones populares, para determinar el tipo de datos que se recopilaban y si estos podían revelar información personal.;botón;m;0;NOUN;nmod;1;1
Para ello, utilizaron herramientas de análisis binario con el fin de rastrear audio sin procesar en estas aplicaciones para ver cómo el audio se trasladaba desde ellas hasta los controladores de audio de los ordenadores y, a continuación, a la red.;procesar;v;0;VERB;advcl;1;1
Para ello, utilizaron herramientas de análisis binario con el fin de rastrear audio sin procesar en estas aplicaciones para ver cómo el audio se trasladaba desde ellas hasta los controladores de audio de los ordenadores y, a continuación, a la red.;ver;v;0;VERB;advcl;1;1
De ese modo, entrenaron un clasificador de actividades cotidianas utilizando el audio de vídeos de YouTube que representaban seis actividades habituales en segundo plano: cocinar, comer, escuchar música, teclear y limpiar.;clasificador;m;0;NOUN;obj;1;1
De ese modo, entrenaron un clasificador de actividades cotidianas utilizando el audio de vídeos de YouTube que representaban seis actividades habituales en segundo plano: cocinar, comer, escuchar música, teclear y limpiar.;cocinar;v;0;VERB;acl;1;1
De ese modo, entrenaron un clasificador de actividades cotidianas utilizando el audio de vídeos de YouTube que representaban seis actividades habituales en segundo plano: cocinar, comer, escuchar música, teclear y limpiar.;comer;v;0;VERB;advcl;1;1
De ese modo, entrenaron un clasificador de actividades cotidianas utilizando el audio de vídeos de YouTube que representaban seis actividades habituales en segundo plano: cocinar, comer, escuchar música, teclear y limpiar.;limpiar;v;0;VERB;conj;1;1
Al aplicar esta clasificación en los paquetes de telemetría que enviaba la aplicación de videollamadas, los investigadores pudieron identificar las actividades que se estaban llebando a cabo con una precisión del 82 por ciento de media.;cabo;m;0;NOUN;compound;1;1
Al aplicar esta clasificación en los paquetes de telemetría que enviaba la aplicación de videollamadas, los investigadores pudieron identificar las actividades que se estaban llebando a cabo con una precisión del 82 por ciento de media.;media;f;0;NOUN;compound;1;1
Eso significa que   lo que plantea problemas de privacidad.;privacidad;f;0;NOUN;nmod;1;1
Por el momento, no es posible acceder a las conclusiones detalladas de este estudio, ya que se presentarán los resultados en el Simposio de Tecnologías de Mejora de la Privacidad el próximo mes de julio.;privacidad;f;0;PROPN;flat;1;1
El presente año estaría finalizando con una reducción del 27 % de los homicidios, anunció ayer el ministro de Justicia y Seguridad Pública, Mauricio Ramírez Landaverde, al presentar un informe.;año;m;0;NOUN;nsubj;1;1
El presente año estaría finalizando con una reducción del 27 % de los homicidios, anunció ayer el ministro de Justicia y Seguridad Pública, Mauricio Ramírez Landaverde, al presentar un informe.;presentar;v;0;VERB;advcl;1;1
Ramírez lo calificó como uno de los principales logros durante el presente año, a pesar de que las pandillas incrementaron deliberadamente los asesinatos, particularmente durante los meses de septiembre y octubre, con 339 y 371 casos, respectivamente.;año;m;0;NOUN;obl;1;1
En anteriores declaraciones, el funcionario denunció que las estructuras criminales, al menos en cuatro ocasiones, durante el presente año, han incrementado deliberadamente los crímenes para presionar a las autoridades a obtener supuestos beneficios carcelarios para sus cabecillas que guardan prisión en el sistema penitenciario El representante del gabinete de Seguridad detalló que entre enero a la fecha registran un total de 3, 610  homicidios, es decir, 1,332 menos que el año pasado, cuando sumaban 4, 947 crímenes, en el mismo periodo.;año;m;0;NOUN;obl;1;1
En anteriores declaraciones, el funcionario denunció que las estructuras criminales, al menos en cuatro ocasiones, durante el presente año, han incrementado deliberadamente los crímenes para presionar a las autoridades a obtener supuestos beneficios carcelarios para sus cabecillas que guardan prisión en el sistema penitenciario El representante del gabinete de Seguridad detalló que entre enero a la fecha registran un total de 3, 610  homicidios, es decir, 1,332 menos que el año pasado, cuando sumaban 4, 947 crímenes, en el mismo periodo.;año;m;0;NOUN;obl;1;1
Ramírez Landaverde agregó que al final del 2017estarían cerrando con un incidencia  de 10 homicidios diarios, contra  los 14 que hubo en el 2016 y 18 en el 2015.;contra;f;0;ADP;case;1;0
Un joven anglo de 18 años abrió fuego contra los clientes de un supermercado en la ciudad de Buffalo, al norte del estado de Nueva York, y mató al menos a diez personas e hirió a un número no preciso de víctimas.;contra;f;0;ADP;case;1;0
Un joven anglo de 18 años abrió fuego contra los clientes de un supermercado en la ciudad de Buffalo, al norte del estado de Nueva York, y mató al menos a diez personas e hirió a un número no preciso de víctimas.;diez;m;0;NUM;nummod;1;0
"""Diez personas fueron asesinadas por un hombre cubierto por una armadura y armado con un rifle muy poderoso, y otras tres resultaron heridas; dos de ellas de gravedad"", dijo el periódico citando a un oficial de policía presente en el lugar y otra fuente cercana a las autoridades.";diez;m;0;NUM;nummod;1;0
"""Diez personas fueron asesinadas por un hombre cubierto por una armadura y armado con un rifle muy poderoso, y otras tres resultaron heridas; dos de ellas de gravedad"", dijo el periódico citando a un oficial de policía presente en el lugar y otra fuente cercana a las autoridades.";armadura;f;0;NOUN;obl;1;1
"""Diez personas fueron asesinadas por un hombre cubierto por una armadura y armado con un rifle muy poderoso, y otras tres resultaron heridas; dos de ellas de gravedad"", dijo el periódico citando a un oficial de policía presente en el lugar y otra fuente cercana a las autoridades.";rifle;m;0;NOUN;obl;1;1
"""Diez personas fueron asesinadas por un hombre cubierto por una armadura y armado con un rifle muy poderoso, y otras tres resultaron heridas; dos de ellas de gravedad"", dijo el periódico citando a un oficial de policía presente en el lugar y otra fuente cercana a las autoridades.";tres;m;0;NUM;nsubj;1;0
El hombre llegó en un vehículo, se dirigió a la puerta principal del supermercado y empezó a asesinar a los clientes con un rifle AR-15.;rifle;m;0;NOUN;obl;1;1
"""Es como entrar en una película de terror, pero todo es real.";real;m;0;ADJ;conj;1;0
Uno de los fallecidos era un oficial de policía de Buffalo recientemente retirado que trabajaba en la seguridad de la tienda.;tienda;f;0;NOUN;nmod;1;1
Reporteros en el lugar informan que en el estacionamiento del supermercado hay cinco cuerpos de las víctimas.;cinco;m;0;NUM;nummod;1;0
"""Estoy monitoreando activamente la situación del tiroteo masivo en la tienda de alimentos.";situación;f;0;NOUN;obj;1;1
"""Estoy monitoreando activamente la situación del tiroteo masivo en la tienda de alimentos.";tiroteo;m;0;NOUN;nmod;1;1
"""Estoy monitoreando activamente la situación del tiroteo masivo en la tienda de alimentos.";tienda;f;0;NOUN;nmod;1;1
El secretario de la Asociación Nacional de Educadores Bases Magisteriales Salvadoreñas (BM), Jorge Villegas, aseguró que un total de 4,782 maestros no se jubilan “por las pensiones de hambre que les asignan”.;les;pron;0;PRON;obj;1;1
La Dirección de Potección Civil informó el domingo que la tormenta tropical Selma se ha disipado, pero que tras su paso dejó daños en escuelas y viviendas, además de casi medio centenar de personas evacuadas y albergadas.;paso;m;0;NOUN;obl;1;1
La Dirección de Potección Civil informó el domingo que la tormenta tropical Selma se ha disipado, pero que tras su paso dejó daños en escuelas y viviendas, además de casi medio centenar de personas evacuadas y albergadas.;medio;m;0;NUM;nummod;1;0
Esta situación provocó que 49 personas fueran evacuadas hacia dos albergues luego que al menos 18 viviendas se inundaran.;situación;f;0;NOUN;nsubj;1;1
Las lluvias y los vientos también provocaron la caída de varios árboles que dañaron tendidos eléctricos en las islas La Pirraya, San Sebastián y Rancho Viejo, en el municipio de San Dionisio, departamento de Usulután.;viejo;m;0;PROPN;flat;1;1
En reuniones que han sostenido con autoridades locales, se ha visualizado que el sistema eléctrico podría ser restablecido a finales de este semana.;ser;m;0;AUX;aux;1;0
El fenómeno atmosférico, además, generó daños parciales en muros perimetrales, baños y techos de siete escuelas, según Protección Civil.;fenómeno;m;0;NOUN;nsubj;1;1
El fenómeno atmosférico, además, generó daños parciales en muros perimetrales, baños y techos de siete escuelas, según Protección Civil.;siete;m;0;NUM;nummod;1;0
"Sin embargo, según el consolidado del Ministerio de Educación son 11 escuelas afectadas; 10 entre municipios de Usulután y San Miguel, y una en Comasagua, departamento de La Libertad.";consolidado;m;0;NOUN;case;1;1
De hecho, la UES reactivó la jornada de clases hoy tras argumentar que la emergencia declarada el viernes por Protección Civil ya ha desaparecido.;emergencia;f;0;NOUN;nsubj;1;1
Mantiene la alerta naranja pero solo en la zona del volcán de Chaparrastique, en San Miguel.;zona;f;0;NOUN;nmod;1;1
Protección Civil dijo que el martes estarían presentado el consolidado de emergencias por el paso de la tormenta tropical Selma.;consolidado;m;0;ADJ;nsubj;1;0
Protección Civil dijo que el martes estarían presentado el consolidado de emergencias por el paso de la tormenta tropical Selma.;paso;m;0;NOUN;obl;1;1
Ha sido decretada solo en la zona del volcán Chaparrastique, departamento de San Miguel.;zona;f;0;NOUN;obl;1;1
En cinco municipios de Usulután, incluido San Dionisio, además de Tecoluca en San Vicente.;cinco;m;0;NUM;nummod;1;0
Cuatro personas de la misma familia murieron soterradas la noche del jueves 28 de septiembre en El Salvador a causa de un desplazamiento de tierra provocado por las lluvias que han afectado a todo el territorio, informó ayer en un comunicado la Dirección General de Protección Civil.;comunicado;m;0;NOUN;obl;1;1
"Los fallecidos fueron identificados como Valeria Vanessa Castellón, de cinco años; Herbert Castellón, de ocho; Karla Vanessa Castellón Vargas, de 30, y madre de ambos menores, y Víctor Gómez Torres, de 50 años.";cinco;m;0;NUM;nummod;1;0
"Los fallecidos fueron identificados como Valeria Vanessa Castellón, de cinco años; Herbert Castellón, de ocho; Karla Vanessa Castellón Vargas, de 30, y madre de ambos menores, y Víctor Gómez Torres, de 50 años.";madre;f;0;NOUN;conj;1;1
Ante esta situación, Protección Civil reiteró que “es indispensable vigilar permanentemente las viviendas que se encuentren cerca de paredones y las comunidades que residen cerca de ríos de rápido crecimiento para evitar más muertes”.;situación;f;0;NOUN;obl;1;1
Ante esta situación, Protección Civil reiteró que “es indispensable vigilar permanentemente las viviendas que se encuentren cerca de paredones y las comunidades que residen cerca de ríos de rápido crecimiento para evitar más muertes”.;crecimiento;m;1;NOUN;nmod;1;1
Protección Civil pide a la población que habita cercana a las riberas de ríos o quebradas de corto recorrido que se mantenga atentas del comportamiento del nivel del río y, de ser necesario, evacuar.;corto;m;0;ADJ;amod;1;0
Protección Civil pide a la población que habita cercana a las riberas de ríos o quebradas de corto recorrido que se mantenga atentas del comportamiento del nivel del río y, de ser necesario, evacuar.;ser;m;0;AUX;cop;1;0
Asimismo, insta a los conductores reducir la velocidad y manejar con la prudencia del caso, ya que si está lloviendo pueden encontrarse con pequeños derrumbes, lodo en el pavimento y árboles caídos.;manejar;v;0;VERB;conj;1;1
Hasta ayer, el país había recibido 56.4 milímetros de agua lluvia en Berlín, Usulután y la susceptibilidad de deslizamientos cambió de estable a baja en Concepción Quezaltepeque, en Chalatenango, donde habían 41 milímetros de agua acumulados.;agua;f;0;NOUN;nmod;1;1
Hasta ayer, el país había recibido 56.4 milímetros de agua lluvia en Berlín, Usulután y la susceptibilidad de deslizamientos cambió de estable a baja en Concepción Quezaltepeque, en Chalatenango, donde habían 41 milímetros de agua acumulados.;agua;f;0;NOUN;nmod;1;1
La Asociación de Periodistas de El Salvador (APES) aclaró este lunes que su Comisión de Ética conocerá de manera independiente la denuncia del ministro de Gobernación, Juan Carlos Bidegaín, en contra de una periodista de la revista Factum y el medio por una supuesta serie de faltas a la ética periodística.;manera;f;0;NOUN;obl;1;1
La Asociación de Periodistas de El Salvador (APES) aclaró este lunes que su Comisión de Ética conocerá de manera independiente la denuncia del ministro de Gobernación, Juan Carlos Bidegaín, en contra de una periodista de la revista Factum y el medio por una supuesta serie de faltas a la ética periodística.;contra;f;0;NOUN;fixed;1;1
La Asociación de Periodistas de El Salvador (APES) aclaró este lunes que su Comisión de Ética conocerá de manera independiente la denuncia del ministro de Gobernación, Juan Carlos Bidegaín, en contra de una periodista de la revista Factum y el medio por una supuesta serie de faltas a la ética periodística.;medio;m;1;NOUN;conj;1;1
El abogado del funcionario, Giancarlo de la Gasca sostuvo que Lo que el jurista rechazó y aclaró que la denuncia en su contra es falsa, que lleva 11 años separado de su expareja y que Guatemala denegó que fuera juzgado allá en 2020.;contra;f;0;NOUN;nmod;1;1
El presidente de la Asociación Nacional de la Empresa Privada (ANEP), Agustín Martínez, aseguró que las empresas en El Salvador están en un nivel casi de “sobrevivencia” por la situación comercial actual.;situación;f;0;NOUN;nmod;1;1
El presidente de la Asociación Nacional de la Empresa Privada (ANEP), Agustín Martínez, aseguró que las empresas en El Salvador están en un nivel casi de “sobrevivencia” por la situación comercial actual.;comercial;m;0;ADJ;amod;1;0
, reconoció durante una entrevista en el programa La Tribu.;programa;m;0;NOUN;nmod;1;1
El vocero de la gremial indicó que la crisis de contenedores en China generó un problema logístico mundial al inicio de la pandemia por covid-19, a lo que se suma que ahora los barcos no tienen suficiente capacidad para traer contenedores.;vocero;m;1;NOUN;nsubj;1;1
El vocero de la gremial indicó que la crisis de contenedores en China generó un problema logístico mundial al inicio de la pandemia por covid-19, a lo que se suma que ahora los barcos no tienen suficiente capacidad para traer contenedores.;china;f;0;PROPN;nmod;1;1
El vocero de la gremial indicó que la crisis de contenedores en China generó un problema logístico mundial al inicio de la pandemia por covid-19, a lo que se suma que ahora los barcos no tienen suficiente capacidad para traer contenedores.;mundial;m;0;ADJ;amod;1;0
Martínez enfatizó que la crisis inflacionaria mundial está golpeando a toda la cadena de suministros y logística, pues los insumos están subiendo de precio para todos los sectores.;mundial;m;0;ADJ;amod;1;0
Martínez enfatizó que la crisis inflacionaria mundial está golpeando a toda la cadena de suministros y logística, pues los insumos están subiendo de precio para todos los sectores.;cadena;f;0;NOUN;obj;1;1
Los empresarios, puntualizó, han tenido que buscar otros proveedores y fuentes alternativas para continuar comprando insumos y no parar con la producción.;buscar;v;0;VERB;conj;1;1
Los empresarios, puntualizó, han tenido que buscar otros proveedores y fuentes alternativas para continuar comprando insumos y no parar con la producción.;parar;v;0;VERB;conj;1;1
Tras dos años del inicio de la pandemia del covid-19, la cadena de suministros se afectó nuevamente a inicios del 2022 por la guerra entre Rusia y Ucrania, que generó un encarecimiento de las mismas, y por los confinamientos en China que provocaron una acumulación de contenedores en los puertos del país asiático.;cadena;f;0;NOUN;nsubj;1;1
Tras dos años del inicio de la pandemia del covid-19, la cadena de suministros se afectó nuevamente a inicios del 2022 por la guerra entre Rusia y Ucrania, que generó un encarecimiento de las mismas, y por los confinamientos en China que provocaron una acumulación de contenedores en los puertos del país asiático.;rusia;f;0;PROPN;nmod;1;1
Tras dos años del inicio de la pandemia del covid-19, la cadena de suministros se afectó nuevamente a inicios del 2022 por la guerra entre Rusia y Ucrania, que generó un encarecimiento de las mismas, y por los confinamientos en China que provocaron una acumulación de contenedores en los puertos del país asiático.;china;f;0;PROPN;nmod;1;1
La Cámara Salvadoreña de la Construcción (Casalco) no tiene reportes de obras que hayan sido paralizadas por el alza o escasez de materias primas, sin embargo confirmó que continúa subiendo el precio de los materiales que ya se compran un 70 % más caros.;alza;f;0;NOUN;obj;1;1
Datos de Casalco revelan que productos derivados de los metales, vidrios, y plásticos son de los que más han incrementado en el último año.;año;m;0;NOUN;obl;1;1
El promedio de precios de Casalco revela que los materiales como el asfalto pasaron de costar $2.49 en mayo del 2021 a $4.24 para mayo de este año, un incrementó de 70.3 %, mientras que el cloruro de polivinilo (PVC) aumentó $2.13 y ahora cuesta $5.18, un 69.8 % más que hace un año.;año;m;0;NOUN;nmod;1;1
El promedio de precios de Casalco revela que los materiales como el asfalto pasaron de costar $2.49 en mayo del 2021 a $4.24 para mayo de este año, un incrementó de 70.3 %, mientras que el cloruro de polivinilo (PVC) aumentó $2.13 y ahora cuesta $5.18, un 69.8 % más que hace un año.;año;m;0;NOUN;nmod;1;1
Además, la arena de río incrementó un 51 %, al pasar de costar $19.38 a $29.26, unos $9.88 más por metro cúbico.;pasar;v;0;VERB;advcl;1;1
Y la tonelada de mezcla asfáltica pasó de venderse en $77.55 hace un año y para mayo pasado se comercializaba por $105.68.;año;m;0;NOUN;obj;1;1
El rollo de cordel de nylon, el ladrillo de obra, el hierro corrugado y la lámina acanalada son otros productos que subieron de precio entre $0.38 y $91 en un año.;rollo;m;0;NOUN;ROOT;1;1
El rollo de cordel de nylon, el ladrillo de obra, el hierro corrugado y la lámina acanalada son otros productos que subieron de precio entre $0.38 y $91 en un año.;cordel;m;0;NOUN;nmod;1;1
El rollo de cordel de nylon, el ladrillo de obra, el hierro corrugado y la lámina acanalada son otros productos que subieron de precio entre $0.38 y $91 en un año.;hierro;m;0;NOUN;appos;1;1
El rollo de cordel de nylon, el ladrillo de obra, el hierro corrugado y la lámina acanalada son otros productos que subieron de precio entre $0.38 y $91 en un año.;año;m;0;NOUN;obl;1;1
Sin embargo, al comparar los precios de abril y mayo, productos como la pintura de interior y exteriores, la ducha, grava, válvula y lavamanos fueron de los productos que más bajaron de precio en el último mes, con una disminución que va desde los $0.13 hasta los $4.60.;interior;m;0;NOUN;nmod;1;1
Sin embargo, al comparar los precios de abril y mayo, productos como la pintura de interior y exteriores, la ducha, grava, válvula y lavamanos fueron de los productos que más bajaron de precio en el último mes, con una disminución que va desde los $0.13 hasta los $4.60.;lavamanos;m;1;NOUN;conj;1;1
Casalco reveló esta información previo a que el Banco Central de Reserva (BCR) confirmara la semana pasada que el sector de construcción fue una de las cinco actividades que se contrajo en el primer trimestre del año en 4.8 %.;banco;m;0;PROPN;nsubj;1;1
Casalco reveló esta información previo a que el Banco Central de Reserva (BCR) confirmara la semana pasada que el sector de construcción fue una de las cinco actividades que se contrajo en el primer trimestre del año en 4.8 %.;central;m;0;PROPN;flat;1;1
Casalco reveló esta información previo a que el Banco Central de Reserva (BCR) confirmara la semana pasada que el sector de construcción fue una de las cinco actividades que se contrajo en el primer trimestre del año en 4.8 %.;cinco;m;0;NUM;nummod;1;0
Casalco reveló esta información previo a que el Banco Central de Reserva (BCR) confirmara la semana pasada que el sector de construcción fue una de las cinco actividades que se contrajo en el primer trimestre del año en 4.8 %.;año;m;0;NOUN;nmod;1;1
Al desacelerar la ejecución de infraestructura, hubo una menor demanda de grava, cemento y arena.;cemento;m;0;NOUN;conj;1;1
Así, el rubro de minas y canteras también se contrajera en 27.5 %.;rubro;m;0;NOUN;nsubj;1;1
Al comparar los precios de insumos de construcción de abril y mayo, productos como la pintura de interior y exteriores, la ducha, grava, válvula y lavamanos, bajaron de precio.;interior;m;0;NOUN;nmod;1;1
Al comparar los precios de insumos de construcción de abril y mayo, productos como la pintura de interior y exteriores, la ducha, grava, válvula y lavamanos, bajaron de precio.;lavamanos;m;1;NOUN;conj;1;1
A partir de las 8:00 a.m.;partir;v;0;NOUN;fixed;1;0
"la Televisión Católica Arquidiocesana iniciará la transmisión del consistorio, donde será investido como primer cardenal, monseñor Gregorio Rosa Chávez; la ceremonia será presidida por el Papa Francisco y celebrada en la plaza San Pedro.";papa;f;0;PROPN;obj;1;1
TVCa puede ser sintonizada en los canales 39 y 57 en señal abierta, mientras que en canal 96 de señal abierta en Tigo y los canales 39 digital y 85 analógo de Claro.;ser;m;0;AUX;aux;1;0
El jueves 29 de junio los cinco nuevos cardenales asistirán a la misa de la fiesta de San Pedro y San Pablo, que también será transmitida por la Televisión Católica Arquidiocésana.;cinco;m;0;NUM;nummod;1;0
Un hombre de leal trayectoria a la Iglesia y caracterizado por su humildad, Rosa Chávez debería ser ahora el factor de unidad que tanto necesitamos en esta sociedad tan fracturada.;ser;m;0;AUX;cop;1;0
Un cardenal de la Iglesia Católica es un enorme honor pero también un enorme compromiso hasta de derramar la sangre por la fe y el hasta ayer obispo auxiliar sabe de ese compromiso desde sus días al lado del obispo mártir, Monseñor Óscar Arnulfo Romero.;compromiso;m;0;NOUN;nsubj;1;1
Un cardenal de la Iglesia Católica es un enorme honor pero también un enorme compromiso hasta de derramar la sangre por la fe y el hasta ayer obispo auxiliar sabe de ese compromiso desde sus días al lado del obispo mártir, Monseñor Óscar Arnulfo Romero.;compromiso;m;0;NOUN;nsubj;1;1
El país necesita referentes positivos que nos ayuden a ver hacia adelante, juntos, que logremos acuerdos mínimos de país y que eso nos permita reencontrarnos como pueblo para hallarle soluciones a nuestras dificultades.;ver;v;0;VERB;xcomp;1;1
El cardenal Rosa Chávez debería ser ese factor de unidad que la Divina Providencia ha sembrado en nuestro país.;ser;m;0;AUX;cop;1;0
Once procesados en el caso “Saqueo Público” deberán esperar hasta el martes, 26 de julio, para conocer, sí van a juicio por delitos de corrupción, entre ellos, el lavado de dinero de $351 millones donde el principal implicado es el expresidente Mauricio Funes.;lavado;m;0;NOUN;obj;1;1
Para este viernes, el Juzgado Octavo de Instrucción de San Salvador había programado rendir su resolución en contra de 11 acusados entre ellos la exprimera dama Vanda Pignato, el exsecretario de Comunicaciones de la Presidencia David Rivas, y tres exempleados de Casa Presidencial, pero diligencia se suspendió porque José Miguel Menéndez Avelar, conocido como “Mecafé” no fue trasladado del penal La Esperanza, y ser reportado enfermo.;rendir;v;0;VERB;xcomp;1;1
Para este viernes, el Juzgado Octavo de Instrucción de San Salvador había programado rendir su resolución en contra de 11 acusados entre ellos la exprimera dama Vanda Pignato, el exsecretario de Comunicaciones de la Presidencia David Rivas, y tres exempleados de Casa Presidencial, pero diligencia se suspendió porque José Miguel Menéndez Avelar, conocido como “Mecafé” no fue trasladado del penal La Esperanza, y ser reportado enfermo.;contra;f;0;NOUN;fixed;1;1
Para este viernes, el Juzgado Octavo de Instrucción de San Salvador había programado rendir su resolución en contra de 11 acusados entre ellos la exprimera dama Vanda Pignato, el exsecretario de Comunicaciones de la Presidencia David Rivas, y tres exempleados de Casa Presidencial, pero diligencia se suspendió porque José Miguel Menéndez Avelar, conocido como “Mecafé” no fue trasladado del penal La Esperanza, y ser reportado enfermo.;tres;m;0;NUM;nummod;1;0
Para este viernes, el Juzgado Octavo de Instrucción de San Salvador había programado rendir su resolución en contra de 11 acusados entre ellos la exprimera dama Vanda Pignato, el exsecretario de Comunicaciones de la Presidencia David Rivas, y tres exempleados de Casa Presidencial, pero diligencia se suspendió porque José Miguel Menéndez Avelar, conocido como “Mecafé” no fue trasladado del penal La Esperanza, y ser reportado enfermo.;casa;f;0;PROPN;nmod;1;1
Para este viernes, el Juzgado Octavo de Instrucción de San Salvador había programado rendir su resolución en contra de 11 acusados entre ellos la exprimera dama Vanda Pignato, el exsecretario de Comunicaciones de la Presidencia David Rivas, y tres exempleados de Casa Presidencial, pero diligencia se suspendió porque José Miguel Menéndez Avelar, conocido como “Mecafé” no fue trasladado del penal La Esperanza, y ser reportado enfermo.;diligencia;f;0;NOUN;nsubj;1;1
Para este viernes, el Juzgado Octavo de Instrucción de San Salvador había programado rendir su resolución en contra de 11 acusados entre ellos la exprimera dama Vanda Pignato, el exsecretario de Comunicaciones de la Presidencia David Rivas, y tres exempleados de Casa Presidencial, pero diligencia se suspendió porque José Miguel Menéndez Avelar, conocido como “Mecafé” no fue trasladado del penal La Esperanza, y ser reportado enfermo.;ser;m;0;AUX;aux;1;0
La Fiscalía General de la República acusa a 11 de 29 imputados de delitos como lavado de dinero y activos, casos especiales de lavado y casos especiales de encubrimientos.;lavado;m;0;ADJ;obj;1;0
La Fiscalía General de la República acusa a 11 de 29 imputados de delitos como lavado de dinero y activos, casos especiales de lavado y casos especiales de encubrimientos.;lavado;m;0;ADJ;obj;1;0
Esa suma millonaria fue trasladada a cuentas de particulares en el Banco Hipotecario a nombre de Francisco Rodríguez Arteaga, exgerente financiero de Casa Presidencial, y Pablo Gómez, excontador institucional, “quienes aparentemente movieron ese dinero a través de cheques bajo una completa violación a la normativa administrativa que establece la forma y el manejo de los fondos públicos”, explicó el fiscal De esa manera se lavó el dinero, haciendo uso del sistema financiero, de prestanombres o testaferros que sirvieron para encubrir el origen ilícito, el uso de empresas, la simulación de contratos para tratar de dar una apariencia que el dinero era procedente de un contrato o una relación contractual, lo cual no era cierto, explicó uno de los fiscales.;banco;m;0;PROPN;obl;1;1
Esa suma millonaria fue trasladada a cuentas de particulares en el Banco Hipotecario a nombre de Francisco Rodríguez Arteaga, exgerente financiero de Casa Presidencial, y Pablo Gómez, excontador institucional, “quienes aparentemente movieron ese dinero a través de cheques bajo una completa violación a la normativa administrativa que establece la forma y el manejo de los fondos públicos”, explicó el fiscal De esa manera se lavó el dinero, haciendo uso del sistema financiero, de prestanombres o testaferros que sirvieron para encubrir el origen ilícito, el uso de empresas, la simulación de contratos para tratar de dar una apariencia que el dinero era procedente de un contrato o una relación contractual, lo cual no era cierto, explicó uno de los fiscales.;casa;f;0;PROPN;nmod;1;1
Esa suma millonaria fue trasladada a cuentas de particulares en el Banco Hipotecario a nombre de Francisco Rodríguez Arteaga, exgerente financiero de Casa Presidencial, y Pablo Gómez, excontador institucional, “quienes aparentemente movieron ese dinero a través de cheques bajo una completa violación a la normativa administrativa que establece la forma y el manejo de los fondos públicos”, explicó el fiscal De esa manera se lavó el dinero, haciendo uso del sistema financiero, de prestanombres o testaferros que sirvieron para encubrir el origen ilícito, el uso de empresas, la simulación de contratos para tratar de dar una apariencia que el dinero era procedente de un contrato o una relación contractual, lo cual no era cierto, explicó uno de los fiscales.;bajo;m;0;ADP;case;1;0
Esa suma millonaria fue trasladada a cuentas de particulares en el Banco Hipotecario a nombre de Francisco Rodríguez Arteaga, exgerente financiero de Casa Presidencial, y Pablo Gómez, excontador institucional, “quienes aparentemente movieron ese dinero a través de cheques bajo una completa violación a la normativa administrativa que establece la forma y el manejo de los fondos públicos”, explicó el fiscal De esa manera se lavó el dinero, haciendo uso del sistema financiero, de prestanombres o testaferros que sirvieron para encubrir el origen ilícito, el uso de empresas, la simulación de contratos para tratar de dar una apariencia que el dinero era procedente de un contrato o una relación contractual, lo cual no era cierto, explicó uno de los fiscales.;completa;f;0;ADJ;amod;1;0
Esa suma millonaria fue trasladada a cuentas de particulares en el Banco Hipotecario a nombre de Francisco Rodríguez Arteaga, exgerente financiero de Casa Presidencial, y Pablo Gómez, excontador institucional, “quienes aparentemente movieron ese dinero a través de cheques bajo una completa violación a la normativa administrativa que establece la forma y el manejo de los fondos públicos”, explicó el fiscal De esa manera se lavó el dinero, haciendo uso del sistema financiero, de prestanombres o testaferros que sirvieron para encubrir el origen ilícito, el uso de empresas, la simulación de contratos para tratar de dar una apariencia que el dinero era procedente de un contrato o una relación contractual, lo cual no era cierto, explicó uno de los fiscales.;manejo;m;0;NOUN;conj;1;1
Esa suma millonaria fue trasladada a cuentas de particulares en el Banco Hipotecario a nombre de Francisco Rodríguez Arteaga, exgerente financiero de Casa Presidencial, y Pablo Gómez, excontador institucional, “quienes aparentemente movieron ese dinero a través de cheques bajo una completa violación a la normativa administrativa que establece la forma y el manejo de los fondos públicos”, explicó el fiscal De esa manera se lavó el dinero, haciendo uso del sistema financiero, de prestanombres o testaferros que sirvieron para encubrir el origen ilícito, el uso de empresas, la simulación de contratos para tratar de dar una apariencia que el dinero era procedente de un contrato o una relación contractual, lo cual no era cierto, explicó uno de los fiscales.;manera;f;0;NOUN;obl;1;1
Esa suma millonaria fue trasladada a cuentas de particulares en el Banco Hipotecario a nombre de Francisco Rodríguez Arteaga, exgerente financiero de Casa Presidencial, y Pablo Gómez, excontador institucional, “quienes aparentemente movieron ese dinero a través de cheques bajo una completa violación a la normativa administrativa que establece la forma y el manejo de los fondos públicos”, explicó el fiscal De esa manera se lavó el dinero, haciendo uso del sistema financiero, de prestanombres o testaferros que sirvieron para encubrir el origen ilícito, el uso de empresas, la simulación de contratos para tratar de dar una apariencia que el dinero era procedente de un contrato o una relación contractual, lo cual no era cierto, explicó uno de los fiscales.;tratar;v;0;VERB;acl;1;1
Esa suma millonaria fue trasladada a cuentas de particulares en el Banco Hipotecario a nombre de Francisco Rodríguez Arteaga, exgerente financiero de Casa Presidencial, y Pablo Gómez, excontador institucional, “quienes aparentemente movieron ese dinero a través de cheques bajo una completa violación a la normativa administrativa que establece la forma y el manejo de los fondos públicos”, explicó el fiscal De esa manera se lavó el dinero, haciendo uso del sistema financiero, de prestanombres o testaferros que sirvieron para encubrir el origen ilícito, el uso de empresas, la simulación de contratos para tratar de dar una apariencia que el dinero era procedente de un contrato o una relación contractual, lo cual no era cierto, explicó uno de los fiscales.;dar;v;0;VERB;xcomp;1;1
Probabilidad alta de caída de árboles, inundaciones urbanas, y desbordamientos de ríos y quebradas, en municipios de la cordillera volcánica, sectores montañosos del norte y franja costera del país, advierte el Ministerio de Medio Ambiente para esta tarde y noche de viernes.;medio;m;0;PROPN;flat;1;1
A través de su boletín diario informó que, además, existe probabilidad leve de deslizamientos y caídas de rocas en montañas fronterizas del norte del país.;boletín;m;0;NOUN;obl;1;1
Esta semana, el paso de onda tropicales han provocado lluvias torrenciales, que mezclados con la basura en las calles, han dejado inundaciones y anegamientos en carreteras.;paso;m;0;NOUN;nsubj;1;1
El ministerio de Obras Públicas (MOP) afirmó que más de  son invertidos en obras de mitigación en cárcavas y afectaciones en comunidades y colonias que se generaron tras el paso de la Tormenta Tropical “Bonnie” en el país a principios de julio.;paso;m;0;NOUN;obl;1;1
"Algunas de las zonas donde se está trabajando, según Rodríguez son: la zona de los condominios INPEP, en Mejicanos, en San Salvador, con una inversión de $10,000; la residencial Brisas de San Francisco, en la capital con obras de mitigación en la reparación de un cárcava y construcción de una bóveda que asciende a los $3.1 millones, así como la reparación de una cárcava en la colonia La Posada en San Jacinto con un valor de $24,500.";zona;f;0;NOUN;ROOT;1;1
"Algunas de las zonas donde se está trabajando, según Rodríguez son: la zona de los condominios INPEP, en Mejicanos, en San Salvador, con una inversión de $10,000; la residencial Brisas de San Francisco, en la capital con obras de mitigación en la reparación de un cárcava y construcción de una bóveda que asciende a los $3.1 millones, así como la reparación de una cárcava en la colonia La Posada en San Jacinto con un valor de $24,500.";bóveda;f;0;NOUN;nmod;1;1
"Algunas de las zonas donde se está trabajando, según Rodríguez son: la zona de los condominios INPEP, en Mejicanos, en San Salvador, con una inversión de $10,000; la residencial Brisas de San Francisco, en la capital con obras de mitigación en la reparación de un cárcava y construcción de una bóveda que asciende a los $3.1 millones, así como la reparación de una cárcava en la colonia La Posada en San Jacinto con un valor de $24,500.";colonia;f;1;NOUN;nmod;1;1
"Algunas de las zonas donde se está trabajando, según Rodríguez son: la zona de los condominios INPEP, en Mejicanos, en San Salvador, con una inversión de $10,000; la residencial Brisas de San Francisco, en la capital con obras de mitigación en la reparación de un cárcava y construcción de una bóveda que asciende a los $3.1 millones, así como la reparación de una cárcava en la colonia La Posada en San Jacinto con un valor de $24,500.";posada;f;0;PROPN;appos;1;1
Así mismo, dijo que Obras Públicas mantiene la licitación abierta de dos proyectos más, el sistema de drenajes en la 49 avenida sur y Alameda Roulvelt con un monto de $750,000 y la zona de la calle El Tobogán, en Soyapango dónde se invertirán $1,8 millones.;zona;f;0;NOUN;conj;1;1
Así mismo, dijo que Obras Públicas mantiene la licitación abierta de dos proyectos más, el sistema de drenajes en la 49 avenida sur y Alameda Roulvelt con un monto de $750,000 y la zona de la calle El Tobogán, en Soyapango dónde se invertirán $1,8 millones.;calle;f;0;NOUN;nmod;1;1
Añadió que también se trabajan en obras de mitigación en la Urbanización Loma Linda, en San Salvador, en la colonia Quiroz, en Soyapango, y otras zonas al interior del país en las que no brindó mayor información.;loma;f;0;PROPN;flat;1;1
Añadió que también se trabajan en obras de mitigación en la Urbanización Loma Linda, en San Salvador, en la colonia Quiroz, en Soyapango, y otras zonas al interior del país en las que no brindó mayor información.;colonia;f;0;NOUN;nmod;1;1
Añadió que también se trabajan en obras de mitigación en la Urbanización Loma Linda, en San Salvador, en la colonia Quiroz, en Soyapango, y otras zonas al interior del país en las que no brindó mayor información.;interior;m;0;NOUN;nmod;1;1
Añadió que también se trabajan en obras de mitigación en la Urbanización Loma Linda, en San Salvador, en la colonia Quiroz, en Soyapango, y otras zonas al interior del país en las que no brindó mayor información.;mayor;m;0;ADJ;amod;1;0
Ayer el ministro verificó las obras que se realizan en la colonia La Posada, en San Jacinto, al sur de San Salvador, donde invertía unos $24,500 en la construcción de un paso peatonal, gradas y de contención que resultaron afectadas tras la formación de una cárcava generada por las recientes lluvias.;colonia;f;0;NOUN;obl;1;1
Ayer el ministro verificó las obras que se realizan en la colonia La Posada, en San Jacinto, al sur de San Salvador, donde invertía unos $24,500 en la construcción de un paso peatonal, gradas y de contención que resultaron afectadas tras la formación de una cárcava generada por las recientes lluvias.;posada;f;0;PROPN;appos;1;1
"Cuando decidí aceptar ser nominado candidato a delegado a la Asamblea Municipal del Poder Popular de La Habana del Este, lo hice sobre la base de aquella frase de que ""Sí se puede"".";ser;m;0;AUX;aux;1;0
"Cuando decidí aceptar ser nominado candidato a delegado a la Asamblea Municipal del Poder Popular de La Habana del Este, lo hice sobre la base de aquella frase de que ""Sí se puede"".";sobre;m;0;ADP;case;1;0
"Cuando decidí aceptar ser nominado candidato a delegado a la Asamblea Municipal del Poder Popular de La Habana del Este, lo hice sobre la base de aquella frase de que ""Sí se puede"".";base;f;0;NOUN;obl;1;1
Me refería a que sí se podían resolver aquellos problemas que hoy todavía persisten y que tantos daños nos hacen desde el punto de vista de opiniones negativas y de cuestionamientos.;punto;m;0;NOUN;obl;1;1
Hace alrededor de dos años se han estado anunciando medidas urbanísticas para restablecer el orden y la disciplina.;orden;f;0;NOUN;obj;1;1
Los Lineamientos de la Política Económica y Social del Partido y la Revolución, ampliamente discutidos y enriquecidos por nuestro pueblo y finalmente aprobados en abril del 2011 por el Sexto Congreso del Partido, trazan de manera clara y precisa el derrotero a seguir para lograr un socialismo eficiente y sostenible.;social;m/f;0;PROPN;conj;1;1
Los Lineamientos de la Política Económica y Social del Partido y la Revolución, ampliamente discutidos y enriquecidos por nuestro pueblo y finalmente aprobados en abril del 2011 por el Sexto Congreso del Partido, trazan de manera clara y precisa el derrotero a seguir para lograr un socialismo eficiente y sostenible.;partido;m;0;PROPN;flat;1;1
Los Lineamientos de la Política Económica y Social del Partido y la Revolución, ampliamente discutidos y enriquecidos por nuestro pueblo y finalmente aprobados en abril del 2011 por el Sexto Congreso del Partido, trazan de manera clara y precisa el derrotero a seguir para lograr un socialismo eficiente y sostenible.;partido;m;0;PROPN;flat;1;1
Los Lineamientos de la Política Económica y Social del Partido y la Revolución, ampliamente discutidos y enriquecidos por nuestro pueblo y finalmente aprobados en abril del 2011 por el Sexto Congreso del Partido, trazan de manera clara y precisa el derrotero a seguir para lograr un socialismo eficiente y sostenible.;manera;f;0;NOUN;obl;1;1
Los Lineamientos de la Política Económica y Social del Partido y la Revolución, ampliamente discutidos y enriquecidos por nuestro pueblo y finalmente aprobados en abril del 2011 por el Sexto Congreso del Partido, trazan de manera clara y precisa el derrotero a seguir para lograr un socialismo eficiente y sostenible.;derrotero;m;1;NOUN;obj;1;1
En poco más de dos años de refrendados, diversas han sido las medidas adoptadas en pro de su cumplimiento y un grupo importante de regulaciones legales se han emitido para instrumentarlos de manera racional, oportuna y ordenada.;manera;f;0;NOUN;obl;1;1
"¿Son seguros estos motores que tienen no sé cuántos años de explotación?; ¿no existen límites de liberación de gases para aprobar el llamado Somatón?";llamado;m;1;ADJ;amod;1;0
El llamado de Raúl el 7 de julio para librar la batalla en contra de la indisciplina, pérdida de valores éticos y el irrespeto a las buenas costumbres, entre otros problemas, debe estar dirigido a combatir las causas que han venido provocando tal deterioro del comportamiento de muchos cubanos, inclusive de personas integradas a la Revolución.;llamado;m;1;ADJ;nsubj;1;0
El llamado de Raúl el 7 de julio para librar la batalla en contra de la indisciplina, pérdida de valores éticos y el irrespeto a las buenas costumbres, entre otros problemas, debe estar dirigido a combatir las causas que han venido provocando tal deterioro del comportamiento de muchos cubanos, inclusive de personas integradas a la Revolución.;contra;f;0;NOUN;fixed;1;1
El llamado de Raúl el 7 de julio para librar la batalla en contra de la indisciplina, pérdida de valores éticos y el irrespeto a las buenas costumbres, entre otros problemas, debe estar dirigido a combatir las causas que han venido provocando tal deterioro del comportamiento de muchos cubanos, inclusive de personas integradas a la Revolución.;estar;v;0;AUX;aux;1;0
No estamos en presencia de un problema que solo afecta a personas de mala conducta social.;social;m/f;0;ADJ;amod;1;0
Este mal se ha convertido en una enfermedad social y hay que luchar contra las causas que la provocan.;social;m/f;0;ADJ;amod;1;0
Este mal se ha convertido en una enfermedad social y hay que luchar contra las causas que la provocan.;contra;f;0;ADP;case;1;0
Agradezco la posibilidad que me ofrece este espacio para poder expresar mis opiniones sobre la reciente intervención del General de Ejército Raúl Castro Ruz en la sesión ordinaria de la VIII Legislatura de la Asamblea Nacional del Poder Popular que por su importancia merecen una reflexión.;sobre;m;0;ADP;case;1;0
"Hernández Arjona titulada ""Una exigencia impracticable con el Carné de Identidad"", se expresa que las Oficinas de Reservación de Aerocaribbean en Holguín ""...no permiten realizar reservaciones o comprar pasajes a otras personas, si la que va a tramitar no presenta el carné de identidad de las personas a las que pretende realizarles el necesario trámite...""";reservación;f;1;PROPN;flat;1;1
"Hernández Arjona titulada ""Una exigencia impracticable con el Carné de Identidad"", se expresa que las Oficinas de Reservación de Aerocaribbean en Holguín ""...no permiten realizar reservaciones o comprar pasajes a otras personas, si la que va a tramitar no presenta el carné de identidad de las personas a las que pretende realizarles el necesario trámite...""";realizar;v;0;VERB;xcomp;1;1
Pienso que se debería felicitar públicamente a la periodista Leydi Torres Arias no solo por denunciar la violación laboral cometida por ese chofer de Astro, sino también por su valentía al oponerse al infractor hasta darle una solución positiva al atropello que tal violación significó para los pasajeros del ómnibus.;chofer;m;1;NOUN;obj;1;1
Pienso que se debería felicitar públicamente a la periodista Leydi Torres Arias no solo por denunciar la violación laboral cometida por ese chofer de Astro, sino también por su valentía al oponerse al infractor hasta darle una solución positiva al atropello que tal violación significó para los pasajeros del ómnibus.;ómnibus;m;1;NOUN;nmod;1;1
Mucho, y con mucho tino, se ha escrito por cinco años en esta Sección, sobre indisciplinas, pérdida de valores y la necesidad de restablecer la primera y rescatar los segundos, y por lógica, y con más fuerza, ambos temas serán recurrentes en el futuro.;cinco;m;0;NUM;nummod;1;0
Mucho, y con mucho tino, se ha escrito por cinco años en esta Sección, sobre indisciplinas, pérdida de valores y la necesidad de restablecer la primera y rescatar los segundos, y por lógica, y con más fuerza, ambos temas serán recurrentes en el futuro.;sobre;m;0;ADP;case;1;0
Es totalmente cierto el daño que ocasionaron algunas medidas que tuvieron que introducirse en el periodo especial para salvar la Revolución y con ella, la soberanía, independencia y dignidad de nuestro entrañable país, las que de alguna forma enfermaron la mentalidad y proceder de algunos ciudadanos.;daño;m;0;NOUN;nsubj;1;1
Es totalmente cierto el daño que ocasionaron algunas medidas que tuvieron que introducirse en el periodo especial para salvar la Revolución y con ella, la soberanía, independencia y dignidad de nuestro entrañable país, las que de alguna forma enfermaron la mentalidad y proceder de algunos ciudadanos.;salvar;v;1;VERB;acl;1;1
El pasado 31 de mayo fue publicada la carta enviada por el compañero Raúl Valera López, titulada Opinión de alguien que lo sufre, donde se denuncia la demora y maltrato recibido ante la solicitud de un servicio solicitado al Arquitecto de la Comunidad de Arroyo Naranjo.;enviada;f;0;ADJ;amod;1;0
El pasado 31 de mayo fue publicada la carta enviada por el compañero Raúl Valera López, titulada Opinión de alguien que lo sufre, donde se denuncia la demora y maltrato recibido ante la solicitud de un servicio solicitado al Arquitecto de la Comunidad de Arroyo Naranjo.;comunidad;f;0;PROPN;flat;1;1
En respuesta al artículo publicado en Granma el pasado 3 de mayo, referente a un hueco en la calle Dolores y 13, y su mala señalización, le informo:;calle;f;1;NOUN;nmod;1;1
Soy una trabajadora con 28 años de trabajo y redacto este documento en representación de mi colectivo de trabajo que junto a mí, sumamos 91 trabajadores pertenecientes a la granja Forestal, La Oriental, Nuevitas, Camagüey.;trabajo;m;0;NOUN;nmod;1;1
Soy una trabajadora con 28 años de trabajo y redacto este documento en representación de mi colectivo de trabajo que junto a mí, sumamos 91 trabajadores pertenecientes a la granja Forestal, La Oriental, Nuevitas, Camagüey.;trabajo;m;0;NOUN;nmod;1;1
Escribo este documento motivada por una seria problemática que existe en mi centro laboral.;centro;m;0;NOUN;obl;1;1
Los cubanos tenemos fama en todo el mundo de ser un pueblo educado, respetuoso, alegre y con un alto nivel de instrucción.;ser;m;0;AUX;cop;1;0
Sin embargo, la realidad que hoy estamos viviendo nos obliga a reflexionar sobre muchos aspectos negativos que nos están golpeando y que han obligado a nuestro Presidente Raúl Castro a pronunciar un medular discurso el 7 de julio de este año, en la Asamblea Nacional del Poder Popular.;sobre;m;0;ADP;case;1;0
Sin embargo, la realidad que hoy estamos viviendo nos obliga a reflexionar sobre muchos aspectos negativos que nos están golpeando y que han obligado a nuestro Presidente Raúl Castro a pronunciar un medular discurso el 7 de julio de este año, en la Asamblea Nacional del Poder Popular.;año;m;0;NOUN;nmod;1;1
El Estado está enfrascado en combatir las indisciplinas sociales entre las que señala con énfasis la contaminación auditiva con la música puesta a altos niveles de volumen, con lo que estoy de perfecto acuerdo.;volumen;m;0;NOUN;nmod;1;1
Pues bien, el día 21 de julio de este año montaron una tarima a la puerta de mi casa en la calle 13, entre 76 y 78, Playa, para hacer un espectáculo musical, con pantalla electrónica, grandes amplificadores y todo lo que se usa en estos casos.;año;m;0;NOUN;nmod;1;1
Pues bien, el día 21 de julio de este año montaron una tarima a la puerta de mi casa en la calle 13, entre 76 y 78, Playa, para hacer un espectáculo musical, con pantalla electrónica, grandes amplificadores y todo lo que se usa en estos casos.;tarima;f;1;NOUN;obj;1;1
Pues bien, el día 21 de julio de este año montaron una tarima a la puerta de mi casa en la calle 13, entre 76 y 78, Playa, para hacer un espectáculo musical, con pantalla electrónica, grandes amplificadores y todo lo que se usa en estos casos.;casa;f;0;NOUN;nmod;1;1
Pues bien, el día 21 de julio de este año montaron una tarima a la puerta de mi casa en la calle 13, entre 76 y 78, Playa, para hacer un espectáculo musical, con pantalla electrónica, grandes amplificadores y todo lo que se usa en estos casos.;calle;f;1;NOUN;obl;1;1
Pues bien, el día 21 de julio de este año montaron una tarima a la puerta de mi casa en la calle 13, entre 76 y 78, Playa, para hacer un espectáculo musical, con pantalla electrónica, grandes amplificadores y todo lo que se usa en estos casos.;playa;f;0;PROPN;appos;1;1
Pues bien, el día 21 de julio de este año montaron una tarima a la puerta de mi casa en la calle 13, entre 76 y 78, Playa, para hacer un espectáculo musical, con pantalla electrónica, grandes amplificadores y todo lo que se usa en estos casos.;espectáculo;m;0;NOUN;obj;1;1
En este andar de violaciones de nuestras costumbres, institucionalidad y leyes me he preguntado cómo hemos llegado a este punto de que las administraciones no respetan y mucho menos dan cuenta a lo expresado y solicitado por el pueblo a través de su Delegado.;punto;m;0;NOUN;obl;1;1
Después de la investigación sobre la queja formulada por el compañero Rafael Hernández Arjona al Periódico Granma, referente a las reservaciones de boletos en la oficina de ventas de Aerocaribbean en Holguín, informamos el siguiente resultado:;sobre;m;0;ADP;case;1;0
La educación en secundaria básica es hoy mucho mejor que hace solo años atrás.;secundaria;f;1;NOUN;nmod;1;1
La falta de profesores obligó al surgimiento de aquellos maestros emergentes que si bien tenían muy buena disposición (digna del mayor de los homenajes) les faltaba la experiencia y los conocimientos.;mayor;m;0;ADJ;amod;1;0
La falta de profesores obligó al surgimiento de aquellos maestros emergentes que si bien tenían muy buena disposición (digna del mayor de los homenajes) les faltaba la experiencia y los conocimientos.;les;pron;1;PRON;obj;1;1
Esta situación fue suplida con unas clases por televisión a las que muchos estudiantes no atendían.;situación;f;1;NOUN;nsubj;1;1
Nuestros maestros de secundaria tienen ya varios años de experiencia y son muy buenos.;secundaria;f;1;NOUN;nmod;1;1
Sería una buena pregunta para iniciar esta carta abriéndola al debate, lo cual debe ser motivo de reflexión constante de aquellos que tenemos algún tipo de responsabilidad.;ser;m;0;AUX;cop;1;0
Hace algunos días me comentaba un familiar lo difícil que resulta recibir servicios en algunos establecimientos en determinados horarios, lo cual, en dichos casos, resulta contradictorio con los anuncios de que estos se prestan las 24 horas del día.;recibir;v;0;VERB;xcomp;1;1
"Soy ingeniero eléctrico graduado en el año 1972, y no he dejado de trabajar ni un solo día en labores siempre acordes con mi profesión, en las áreas de montaje de maquinarias de la construcción, mantenimiento industrial y proyectos eléctricos muy diversos; actividades estas en las que dirigí personal durante 12 años consecutivos.";año;m;0;NOUN;obl;1;1
"Soy ingeniero eléctrico graduado en el año 1972, y no he dejado de trabajar ni un solo día en labores siempre acordes con mi profesión, en las áreas de montaje de maquinarias de la construcción, mantenimiento industrial y proyectos eléctricos muy diversos; actividades estas en las que dirigí personal durante 12 años consecutivos.";trabajar;v;0;VERB;xcomp;1;1
"Soy ingeniero eléctrico graduado en el año 1972, y no he dejado de trabajar ni un solo día en labores siempre acordes con mi profesión, en las áreas de montaje de maquinarias de la construcción, mantenimiento industrial y proyectos eléctricos muy diversos; actividades estas en las que dirigí personal durante 12 años consecutivos.";mantenimiento;m;1;NOUN;appos;1;1
"El 24 de julio de 2013 el Director de la Base (Terminal de Ómnibus de Bauta) nos leyó la Indicación No.4/2013 del 22.07.13 del Director General de la Empresa Provincial de Transporte de Artemisa, donde modifica el objeto social de nuestra entidad; informándonos, entre ello, la eliminación de los servicios de fletes.";base;f;0;PROPN;flat;1;1
"El 24 de julio de 2013 el Director de la Base (Terminal de Ómnibus de Bauta) nos leyó la Indicación No.4/2013 del 22.07.13 del Director General de la Empresa Provincial de Transporte de Artemisa, donde modifica el objeto social de nuestra entidad; informándonos, entre ello, la eliminación de los servicios de fletes.";terminal;m;0;PROPN;flat;1;1
"El 24 de julio de 2013 el Director de la Base (Terminal de Ómnibus de Bauta) nos leyó la Indicación No.4/2013 del 22.07.13 del Director General de la Empresa Provincial de Transporte de Artemisa, donde modifica el objeto social de nuestra entidad; informándonos, entre ello, la eliminación de los servicios de fletes.";ómnibus;m;1;NOUN;flat;1;1
"El 24 de julio de 2013 el Director de la Base (Terminal de Ómnibus de Bauta) nos leyó la Indicación No.4/2013 del 22.07.13 del Director General de la Empresa Provincial de Transporte de Artemisa, donde modifica el objeto social de nuestra entidad; informándonos, entre ello, la eliminación de los servicios de fletes.";artemisa;f;0;PROPN;flat;1;1
"El 24 de julio de 2013 el Director de la Base (Terminal de Ómnibus de Bauta) nos leyó la Indicación No.4/2013 del 22.07.13 del Director General de la Empresa Provincial de Transporte de Artemisa, donde modifica el objeto social de nuestra entidad; informándonos, entre ello, la eliminación de los servicios de fletes.";social;m/f;0;ADJ;amod;1;0
Hace cerca de dos años le comenté a un académico del Derecho en Cuba que algún día, la honestidad, la lealtad, serían elevados al plano de los llamados derechos inherentes de la personalidad, atributo este inseparable a la persona natural, es decir, al ser humano.;atributo;m;0;ADJ;advcl;1;0
Hace cerca de dos años le comenté a un académico del Derecho en Cuba que algún día, la honestidad, la lealtad, serían elevados al plano de los llamados derechos inherentes de la personalidad, atributo este inseparable a la persona natural, es decir, al ser humano.;ser;m;0;NOUN;cop;1;1
"Decidí escribir para dar mi opinión como Delegado de la Asamblea Municipal del Poder Popular en Marianao, con 32 años entre Candidato o Delegado de mi circunscripción y lo hago sobre la base de que no estoy loco por aceptar tantos años ser Delegado, es que siempre he tenido la convicción de que mis electores merecen respeto, mis reuniones de Rendición de Cuenta se convierten en un ameno intercambio entre los que me eligieron y yo, siempre con la verdad, claridad y una explicación exhaustiva de mi gestión en el periodo de los seis meses; en el que muchas veces, por el derecho que me da la Constitución, he tenido que tocar las puertas de algún ministerio y siempre he sido bien atendido, por problemas que no han podido ser resueltos por el municipio; muchas veces mi Consejo Popular, eslabón importante para hacer Gobierno, ha convocado a los administrativos para tratar determinados planteamientos que merecen ser atendidos entre todos.";dar;v;0;VERB;advcl;1;1
"Decidí escribir para dar mi opinión como Delegado de la Asamblea Municipal del Poder Popular en Marianao, con 32 años entre Candidato o Delegado de mi circunscripción y lo hago sobre la base de que no estoy loco por aceptar tantos años ser Delegado, es que siempre he tenido la convicción de que mis electores merecen respeto, mis reuniones de Rendición de Cuenta se convierten en un ameno intercambio entre los que me eligieron y yo, siempre con la verdad, claridad y una explicación exhaustiva de mi gestión en el periodo de los seis meses; en el que muchas veces, por el derecho que me da la Constitución, he tenido que tocar las puertas de algún ministerio y siempre he sido bien atendido, por problemas que no han podido ser resueltos por el municipio; muchas veces mi Consejo Popular, eslabón importante para hacer Gobierno, ha convocado a los administrativos para tratar determinados planteamientos que merecen ser atendidos entre todos.";sobre;m;0;ADP;case;1;0
"Decidí escribir para dar mi opinión como Delegado de la Asamblea Municipal del Poder Popular en Marianao, con 32 años entre Candidato o Delegado de mi circunscripción y lo hago sobre la base de que no estoy loco por aceptar tantos años ser Delegado, es que siempre he tenido la convicción de que mis electores merecen respeto, mis reuniones de Rendición de Cuenta se convierten en un ameno intercambio entre los que me eligieron y yo, siempre con la verdad, claridad y una explicación exhaustiva de mi gestión en el periodo de los seis meses; en el que muchas veces, por el derecho que me da la Constitución, he tenido que tocar las puertas de algún ministerio y siempre he sido bien atendido, por problemas que no han podido ser resueltos por el municipio; muchas veces mi Consejo Popular, eslabón importante para hacer Gobierno, ha convocado a los administrativos para tratar determinados planteamientos que merecen ser atendidos entre todos.";base;f;0;NOUN;obl;1;1
"Decidí escribir para dar mi opinión como Delegado de la Asamblea Municipal del Poder Popular en Marianao, con 32 años entre Candidato o Delegado de mi circunscripción y lo hago sobre la base de que no estoy loco por aceptar tantos años ser Delegado, es que siempre he tenido la convicción de que mis electores merecen respeto, mis reuniones de Rendición de Cuenta se convierten en un ameno intercambio entre los que me eligieron y yo, siempre con la verdad, claridad y una explicación exhaustiva de mi gestión en el periodo de los seis meses; en el que muchas veces, por el derecho que me da la Constitución, he tenido que tocar las puertas de algún ministerio y siempre he sido bien atendido, por problemas que no han podido ser resueltos por el municipio; muchas veces mi Consejo Popular, eslabón importante para hacer Gobierno, ha convocado a los administrativos para tratar determinados planteamientos que merecen ser atendidos entre todos.";ser;m;0;AUX;cop;1;0
"Decidí escribir para dar mi opinión como Delegado de la Asamblea Municipal del Poder Popular en Marianao, con 32 años entre Candidato o Delegado de mi circunscripción y lo hago sobre la base de que no estoy loco por aceptar tantos años ser Delegado, es que siempre he tenido la convicción de que mis electores merecen respeto, mis reuniones de Rendición de Cuenta se convierten en un ameno intercambio entre los que me eligieron y yo, siempre con la verdad, claridad y una explicación exhaustiva de mi gestión en el periodo de los seis meses; en el que muchas veces, por el derecho que me da la Constitución, he tenido que tocar las puertas de algún ministerio y siempre he sido bien atendido, por problemas que no han podido ser resueltos por el municipio; muchas veces mi Consejo Popular, eslabón importante para hacer Gobierno, ha convocado a los administrativos para tratar determinados planteamientos que merecen ser atendidos entre todos.";tocar;v;0;VERB;conj;1;1
"Decidí escribir para dar mi opinión como Delegado de la Asamblea Municipal del Poder Popular en Marianao, con 32 años entre Candidato o Delegado de mi circunscripción y lo hago sobre la base de que no estoy loco por aceptar tantos años ser Delegado, es que siempre he tenido la convicción de que mis electores merecen respeto, mis reuniones de Rendición de Cuenta se convierten en un ameno intercambio entre los que me eligieron y yo, siempre con la verdad, claridad y una explicación exhaustiva de mi gestión en el periodo de los seis meses; en el que muchas veces, por el derecho que me da la Constitución, he tenido que tocar las puertas de algún ministerio y siempre he sido bien atendido, por problemas que no han podido ser resueltos por el municipio; muchas veces mi Consejo Popular, eslabón importante para hacer Gobierno, ha convocado a los administrativos para tratar determinados planteamientos que merecen ser atendidos entre todos.";ser;m;0;AUX;cop;1;0
"Decidí escribir para dar mi opinión como Delegado de la Asamblea Municipal del Poder Popular en Marianao, con 32 años entre Candidato o Delegado de mi circunscripción y lo hago sobre la base de que no estoy loco por aceptar tantos años ser Delegado, es que siempre he tenido la convicción de que mis electores merecen respeto, mis reuniones de Rendición de Cuenta se convierten en un ameno intercambio entre los que me eligieron y yo, siempre con la verdad, claridad y una explicación exhaustiva de mi gestión en el periodo de los seis meses; en el que muchas veces, por el derecho que me da la Constitución, he tenido que tocar las puertas de algún ministerio y siempre he sido bien atendido, por problemas que no han podido ser resueltos por el municipio; muchas veces mi Consejo Popular, eslabón importante para hacer Gobierno, ha convocado a los administrativos para tratar determinados planteamientos que merecen ser atendidos entre todos.";tratar;v;0;VERB;advcl;1;1
"Decidí escribir para dar mi opinión como Delegado de la Asamblea Municipal del Poder Popular en Marianao, con 32 años entre Candidato o Delegado de mi circunscripción y lo hago sobre la base de que no estoy loco por aceptar tantos años ser Delegado, es que siempre he tenido la convicción de que mis electores merecen respeto, mis reuniones de Rendición de Cuenta se convierten en un ameno intercambio entre los que me eligieron y yo, siempre con la verdad, claridad y una explicación exhaustiva de mi gestión en el periodo de los seis meses; en el que muchas veces, por el derecho que me da la Constitución, he tenido que tocar las puertas de algún ministerio y siempre he sido bien atendido, por problemas que no han podido ser resueltos por el municipio; muchas veces mi Consejo Popular, eslabón importante para hacer Gobierno, ha convocado a los administrativos para tratar determinados planteamientos que merecen ser atendidos entre todos.";ser;m;0;AUX;cop;1;0
En el reparto Lázaro Hernández Arroyo, municipio de Pinar del Río, fuimos beneficiados con la instalación de la conductora nueva, lo cual todo el barrio agradeció.;reparto;m;1;NOUN;obl;1;1
Soy un asiduo lector de Cartas a la Dirección, de hecho, espero con interés cada viernes para leer con gran atención todo lo que aparece, tarea casi familiar.;tarea;f;1;NOUN;obl;1;1
"De ahí que en mi modesta opinión, si se hiciera un balance de lo publicado en el transcurso de los varios años de existencia de esta sección, creo que podría concluirse que dos de sus principales méritos consisten: primero, en propiciar la reflexión y el debate sobre temas trascendentales en la necesaria tarea de perfeccionar nuestro socialismo; y segundo, y quizás lo más importante, en permitir la participación de todos los que consideren que tienen algo que aportar, lo que mucho se agradece.";ahí;adv;1;ADV;advmod;1;0
"De ahí que en mi modesta opinión, si se hiciera un balance de lo publicado en el transcurso de los varios años de existencia de esta sección, creo que podría concluirse que dos de sus principales méritos consisten: primero, en propiciar la reflexión y el debate sobre temas trascendentales en la necesaria tarea de perfeccionar nuestro socialismo; y segundo, y quizás lo más importante, en permitir la participación de todos los que consideren que tienen algo que aportar, lo que mucho se agradece.";balance;m;0;NOUN;obj;1;1
"De ahí que en mi modesta opinión, si se hiciera un balance de lo publicado en el transcurso de los varios años de existencia de esta sección, creo que podría concluirse que dos de sus principales méritos consisten: primero, en propiciar la reflexión y el debate sobre temas trascendentales en la necesaria tarea de perfeccionar nuestro socialismo; y segundo, y quizás lo más importante, en permitir la participación de todos los que consideren que tienen algo que aportar, lo que mucho se agradece.";sobre;m;0;ADP;case;1;0
"De ahí que en mi modesta opinión, si se hiciera un balance de lo publicado en el transcurso de los varios años de existencia de esta sección, creo que podría concluirse que dos de sus principales méritos consisten: primero, en propiciar la reflexión y el debate sobre temas trascendentales en la necesaria tarea de perfeccionar nuestro socialismo; y segundo, y quizás lo más importante, en permitir la participación de todos los que consideren que tienen algo que aportar, lo que mucho se agradece.";tarea;f;1;NOUN;obl;1;1
"Quisiera expresar mi indignación ante un hecho que está ocurriendo ante la vista de todos; hace un tiempo atrás la entrada al complejo gastronómico estatal situado en Primera y D en el Vedado era GRATIS, un lugar de esparcimiento para las familias y amigos que decidían pasar un rato agradable en ese lugar conversando y hasta bebiendo uno de esos termos de cerveza que tan codiciados son entre la población, sinceramente un lugar agradable donde se podía respirar el aire que provenía del malecón y donde se podían pasar horas y horas sin darte cuenta que hubiera pasado el tiempo; a pesar que el servicio no era de los mejores, se escuchaba buena música y hasta se podía uno deleitar con algunos de los platos que allí se elaboran.";entrada;f;0;NOUN;obj;1;1
"Quisiera expresar mi indignación ante un hecho que está ocurriendo ante la vista de todos; hace un tiempo atrás la entrada al complejo gastronómico estatal situado en Primera y D en el Vedado era GRATIS, un lugar de esparcimiento para las familias y amigos que decidían pasar un rato agradable en ese lugar conversando y hasta bebiendo uno de esos termos de cerveza que tan codiciados son entre la población, sinceramente un lugar agradable donde se podía respirar el aire que provenía del malecón y donde se podían pasar horas y horas sin darte cuenta que hubiera pasado el tiempo; a pesar que el servicio no era de los mejores, se escuchaba buena música y hasta se podía uno deleitar con algunos de los platos que allí se elaboran.";pasar;v;0;VERB;xcomp;1;1
"Quisiera expresar mi indignación ante un hecho que está ocurriendo ante la vista de todos; hace un tiempo atrás la entrada al complejo gastronómico estatal situado en Primera y D en el Vedado era GRATIS, un lugar de esparcimiento para las familias y amigos que decidían pasar un rato agradable en ese lugar conversando y hasta bebiendo uno de esos termos de cerveza que tan codiciados son entre la población, sinceramente un lugar agradable donde se podía respirar el aire que provenía del malecón y donde se podían pasar horas y horas sin darte cuenta que hubiera pasado el tiempo; a pesar que el servicio no era de los mejores, se escuchaba buena música y hasta se podía uno deleitar con algunos de los platos que allí se elaboran.";pasar;v;0;VERB;xcomp;1;1
Sobre la carta Una pelea cubana contra el papeleo, de J.;sobre;m;0;ADP;case;1;0
Sobre la carta Una pelea cubana contra el papeleo, de J.;pelea;f;0;NOUN;flat;1;1
Sobre la carta Una pelea cubana contra el papeleo, de J.;contra;f;0;ADP;case;1;0
Montero Gil, publicada el pasado 17 de mayo del 2013, que expresa no entender por qué tener que actualizar su título de propiedad, recibimos la siguiente respuesta de la Dirección Provincial de Vivienda de La Habana.;gil;sust(m/f)/adj;0;PROPN;flat;1;1
Montero Gil, publicada el pasado 17 de mayo del 2013, que expresa no entender por qué tener que actualizar su título de propiedad, recibimos la siguiente respuesta de la Dirección Provincial de Vivienda de La Habana.;actualizar;v;1;VERB;conj;1;1
"Conjugan perfectamente uno al lado del otro, en una armonía que sensibiliza y moviliza a los buenos cubanos hacia una voluntad a la que hemos sido llamados; se han escrito bajo una inteligente reflexión y ya lo dijo el Apóstol ""pensar es servir"".";bajo;m;0;ADP;case;1;0
de cada mes el jubilado tiene derecho a cobrar su jubilación, el Instituto Nacional de Seguridad Social (INASS) decide el cobro los días 4, 5, 6, 7 y 8 de cada mes, de acuerdo al almanaque anual que confeccionan.;social;m/f;0;PROPN;flat;1;1
de cada mes el jubilado tiene derecho a cobrar su jubilación, el Instituto Nacional de Seguridad Social (INASS) decide el cobro los días 4, 5, 6, 7 y 8 de cada mes, de acuerdo al almanaque anual que confeccionan.;almanaque;m;0;NOUN;obl;1;1
El que suscribe es un trabajador del Servicio de Cirugía Refractiva del Hospital Provincial Docente Celia Sánchez Manduley, de Manzanillo, donde desde el año 2007, gracias al Programa de Desarrollo de la Oftalmología que se produjo en el país, se instaló el equipo de Excimer Láser, el cual permitió realizar un número significativo de cirugías con magníficos resultados y elevada satisfacción por parte de los pacientes.;año;m;0;NOUN;conj;1;1
El que suscribe es un trabajador del Servicio de Cirugía Refractiva del Hospital Provincial Docente Celia Sánchez Manduley, de Manzanillo, donde desde el año 2007, gracias al Programa de Desarrollo de la Oftalmología que se produjo en el país, se instaló el equipo de Excimer Láser, el cual permitió realizar un número significativo de cirugías con magníficos resultados y elevada satisfacción por parte de los pacientes.;programa;m;0;PROPN;obl;1;1
El que suscribe es un trabajador del Servicio de Cirugía Refractiva del Hospital Provincial Docente Celia Sánchez Manduley, de Manzanillo, donde desde el año 2007, gracias al Programa de Desarrollo de la Oftalmología que se produjo en el país, se instaló el equipo de Excimer Láser, el cual permitió realizar un número significativo de cirugías con magníficos resultados y elevada satisfacción por parte de los pacientes.;realizar;v;0;VERB;xcomp;1;1
Se ha abusado de la nobleza de la Revolución, de no acudir al uso de la fuerza de la ley, por justificado que fuera, privilegiando el convencimiento y el trabajo político, lo cual debemos reconocer que no siempre ha resultado suficiente.;trabajo;m;0;NOUN;conj;1;1
Me ha motivado escribirles el reciente reportaje transmitido por la televisión, en el que se exponen los penosos hechos ocurridos en el Jardín Botánico Nacional.;jardín;m;0;PROPN;obl;1;1
Aunque sin duda estos resultan dolorosos y casi espeluznantes, sobre todo para los que amamos la naturaleza, además de ser fieles defensores de la lucha contra cualquier tipo de delito, me parece muy saludable que se expongan estos resultados investigativos por los medios de comunicación masiva y que se haga con todos los detalles que sean posibles, fundamentalmente en relación con los responsables principales de estos actos, pero el reportaje me ha dejado un gran sinsabor, que espero sea solo por razones de divulgación de la información.;sobre;m;0;ADP;advmod;1;0
Aunque sin duda estos resultan dolorosos y casi espeluznantes, sobre todo para los que amamos la naturaleza, además de ser fieles defensores de la lucha contra cualquier tipo de delito, me parece muy saludable que se expongan estos resultados investigativos por los medios de comunicación masiva y que se haga con todos los detalles que sean posibles, fundamentalmente en relación con los responsables principales de estos actos, pero el reportaje me ha dejado un gran sinsabor, que espero sea solo por razones de divulgación de la información.;ser;m;0;AUX;cop;1;0
Aunque sin duda estos resultan dolorosos y casi espeluznantes, sobre todo para los que amamos la naturaleza, además de ser fieles defensores de la lucha contra cualquier tipo de delito, me parece muy saludable que se expongan estos resultados investigativos por los medios de comunicación masiva y que se haga con todos los detalles que sean posibles, fundamentalmente en relación con los responsables principales de estos actos, pero el reportaje me ha dejado un gran sinsabor, que espero sea solo por razones de divulgación de la información.;contra;f;0;ADP;case;1;0
Me solidarizo plenamente con las cartas que sobre los programas preventivos planificados aparecieron publicados los días 2 y 9 del presente mes, por lo que solo deseo agregar a lo ya expuesto, una arista de este problema que reviste igual importancia, dado su impacto directo en el uso racional de la fuerza de trabajo que labora directamente en el área de mantenimiento de cualquier entidad.;sobre;m;0;ADP;case;1;0
Me solidarizo plenamente con las cartas que sobre los programas preventivos planificados aparecieron publicados los días 2 y 9 del presente mes, por lo que solo deseo agregar a lo ya expuesto, una arista de este problema que reviste igual importancia, dado su impacto directo en el uso racional de la fuerza de trabajo que labora directamente en el área de mantenimiento de cualquier entidad.;dado;m;0;VERB;advcl;1;0
Me solidarizo plenamente con las cartas que sobre los programas preventivos planificados aparecieron publicados los días 2 y 9 del presente mes, por lo que solo deseo agregar a lo ya expuesto, una arista de este problema que reviste igual importancia, dado su impacto directo en el uso racional de la fuerza de trabajo que labora directamente en el área de mantenimiento de cualquier entidad.;trabajo;m;0;NOUN;nmod;1;1
Me solidarizo plenamente con las cartas que sobre los programas preventivos planificados aparecieron publicados los días 2 y 9 del presente mes, por lo que solo deseo agregar a lo ya expuesto, una arista de este problema que reviste igual importancia, dado su impacto directo en el uso racional de la fuerza de trabajo que labora directamente en el área de mantenimiento de cualquier entidad.;mantenimiento;m;0;NOUN;nmod;1;1
A partir del 22 de julio del presente año, los camiones particulares de pasaje con ruta Las Tunas-Manatí han subido sus tarifas de $5.00 a $10.00.;partir;v;0;NOUN;fixed;1;0
A partir del 22 de julio del presente año, los camiones particulares de pasaje con ruta Las Tunas-Manatí han subido sus tarifas de $5.00 a $10.00.;año;m;0;NOUN;nmod;1;1
A partir del 22 de julio del presente año, los camiones particulares de pasaje con ruta Las Tunas-Manatí han subido sus tarifas de $5.00 a $10.00.;pasaje;m;1;NOUN;nmod;1;1
A partir del 22 de julio del presente año, los camiones particulares de pasaje con ruta Las Tunas-Manatí han subido sus tarifas de $5.00 a $10.00.;ruta;f;0;NOUN;nmod;1;1
A partir del 22 de julio del presente año, los camiones particulares de pasaje con ruta Las Tunas-Manatí han subido sus tarifas de $5.00 a $10.00.;manatí;m;0;UNKNOWN;UNKNOWN;1;0
A partir del 22 de julio del presente año, los camiones particulares de pasaje con ruta Las Tunas-Manatí han subido sus tarifas de $5.00 a $10.00.;subido;m;0;VERB;ROOT;1;0
Esto ha originado en la población trabajadora disímiles críticas y disgustos de aquellos que tienen que viajar para trabajar o estudiar.;trabajar;v;0;VERB;advcl;1;1
"Sobre el basurero del reparto Aldabó a lo largo de una cuadra en la orilla del río, el periódico ha tenido la amabilidad de publicar dos cartas, una el 26 de octubre del 2012 y otra el 26 de junio del presente año, y la respuesta que han dado los organismos responsables, entre ellos Comunales, Salud Pública y Recursos Hidráulicos, ha sido nula; han desplegado una ofensiva de recogida movilizando buldózeres, carretas y camiones, por una vez, pero todo sigue igual o peor.";sobre;m;0;ADP;case;1;0
"Sobre el basurero del reparto Aldabó a lo largo de una cuadra en la orilla del río, el periódico ha tenido la amabilidad de publicar dos cartas, una el 26 de octubre del 2012 y otra el 26 de junio del presente año, y la respuesta que han dado los organismos responsables, entre ellos Comunales, Salud Pública y Recursos Hidráulicos, ha sido nula; han desplegado una ofensiva de recogida movilizando buldózeres, carretas y camiones, por una vez, pero todo sigue igual o peor.";reparto;m;1;NOUN;nmod;1;1
"Sobre el basurero del reparto Aldabó a lo largo de una cuadra en la orilla del río, el periódico ha tenido la amabilidad de publicar dos cartas, una el 26 de octubre del 2012 y otra el 26 de junio del presente año, y la respuesta que han dado los organismos responsables, entre ellos Comunales, Salud Pública y Recursos Hidráulicos, ha sido nula; han desplegado una ofensiva de recogida movilizando buldózeres, carretas y camiones, por una vez, pero todo sigue igual o peor.";cuadra;f;1;NOUN;nmod;1;1
"Sobre el basurero del reparto Aldabó a lo largo de una cuadra en la orilla del río, el periódico ha tenido la amabilidad de publicar dos cartas, una el 26 de octubre del 2012 y otra el 26 de junio del presente año, y la respuesta que han dado los organismos responsables, entre ellos Comunales, Salud Pública y Recursos Hidráulicos, ha sido nula; han desplegado una ofensiva de recogida movilizando buldózeres, carretas y camiones, por una vez, pero todo sigue igual o peor.";año;m;0;NOUN;nmod;1;1
"Sobre el basurero del reparto Aldabó a lo largo de una cuadra en la orilla del río, el periódico ha tenido la amabilidad de publicar dos cartas, una el 26 de octubre del 2012 y otra el 26 de junio del presente año, y la respuesta que han dado los organismos responsables, entre ellos Comunales, Salud Pública y Recursos Hidráulicos, ha sido nula; han desplegado una ofensiva de recogida movilizando buldózeres, carretas y camiones, por una vez, pero todo sigue igual o peor.";dado;m;0;VERB;acl;1;0
"Sobre el basurero del reparto Aldabó a lo largo de una cuadra en la orilla del río, el periódico ha tenido la amabilidad de publicar dos cartas, una el 26 de octubre del 2012 y otra el 26 de junio del presente año, y la respuesta que han dado los organismos responsables, entre ellos Comunales, Salud Pública y Recursos Hidráulicos, ha sido nula; han desplegado una ofensiva de recogida movilizando buldózeres, carretas y camiones, por una vez, pero todo sigue igual o peor.";ofensiva;f;0;NOUN;obj;1;1
Es llamativa la falta de escrúpulos de algunas personas al escribir sobre el papel moneda, que le cuesta al estado una erogación de divisa, además de la ira y malestar al ver que indolentes e irrespetuosos fabrican en estos billetes, y sobre el rostro de nuestros héroes y mártires, frases estúpidas, así como operaciones matemáticas.;sobre;m;0;ADP;case;1;0
Es llamativa la falta de escrúpulos de algunas personas al escribir sobre el papel moneda, que le cuesta al estado una erogación de divisa, además de la ira y malestar al ver que indolentes e irrespetuosos fabrican en estos billetes, y sobre el rostro de nuestros héroes y mártires, frases estúpidas, así como operaciones matemáticas.;papel;m;0;NOUN;obl;1;1
Es llamativa la falta de escrúpulos de algunas personas al escribir sobre el papel moneda, que le cuesta al estado una erogación de divisa, además de la ira y malestar al ver que indolentes e irrespetuosos fabrican en estos billetes, y sobre el rostro de nuestros héroes y mártires, frases estúpidas, así como operaciones matemáticas.;ver;v;0;VERB;advcl;1;1
Es llamativa la falta de escrúpulos de algunas personas al escribir sobre el papel moneda, que le cuesta al estado una erogación de divisa, además de la ira y malestar al ver que indolentes e irrespetuosos fabrican en estos billetes, y sobre el rostro de nuestros héroes y mártires, frases estúpidas, así como operaciones matemáticas.;sobre;m;0;ADP;case;1;0
Hace ya cerca de cinco meses, trabajadores de la empresa del gas acometieron una labor encaminada a la necesaria rehabilitación de las redes en la calle 4, desde las esquinas de Línea hasta 17 en El Vedado.;cinco;m;0;NUM;nummod;1;0
Hace ya cerca de cinco meses, trabajadores de la empresa del gas acometieron una labor encaminada a la necesaria rehabilitación de las redes en la calle 4, desde las esquinas de Línea hasta 17 en El Vedado.;gas;m;1;NOUN;nmod;1;1
Hace ya cerca de cinco meses, trabajadores de la empresa del gas acometieron una labor encaminada a la necesaria rehabilitación de las redes en la calle 4, desde las esquinas de Línea hasta 17 en El Vedado.;calle;f;1;NOUN;nmod;1;1
Hace ya cerca de cinco meses, trabajadores de la empresa del gas acometieron una labor encaminada a la necesaria rehabilitación de las redes en la calle 4, desde las esquinas de Línea hasta 17 en El Vedado.;línea;f;0;PROPN;nmod;1;1
Para ello abrieron una zanja que implicó la rotura del pavimento con una profundidad de alrededor de un metro.;zanja;f;1;NOUN;obj;1;1
Para ello abrieron una zanja que implicó la rotura del pavimento con una profundidad de alrededor de un metro.;rotura;f;0;NOUN;obj;1;1
"El otro día, ante la demora al ser atendido por parte de una tendera en una tienda recaudadora de divisas, un amigo concluyó: ""A este país le hacen falta, cada día, cinco minutos de capitalismo"", en alusión a que esa persona en otras latitudes por su actuar negligente quedaría inmediatamente sin empleo.";ser;m;0;AUX;aux;1;0
"El otro día, ante la demora al ser atendido por parte de una tendera en una tienda recaudadora de divisas, un amigo concluyó: ""A este país le hacen falta, cada día, cinco minutos de capitalismo"", en alusión a que esa persona en otras latitudes por su actuar negligente quedaría inmediatamente sin empleo.";tienda;f;1;NOUN;nmod;1;1
"El otro día, ante la demora al ser atendido por parte de una tendera en una tienda recaudadora de divisas, un amigo concluyó: ""A este país le hacen falta, cada día, cinco minutos de capitalismo"", en alusión a que esa persona en otras latitudes por su actuar negligente quedaría inmediatamente sin empleo.";cinco;m;0;NUM;nummod;1;0
Enseguida le cuestioné si las causas y condiciones de lo que ocurría era responsabilidad del sistema social o de las personas.;social;m/f;0;ADJ;amod;1;0
La trabajadora detenía su servicio porque actualizaba la tarjeta de entrada y salida, por la demora y todo lo que escribió llevaba más de una semana sin hacerlo.;entrada;f;0;NOUN;nmod;1;1
Me solidarizo con lo publicado el 16 de agosto, sobre: ¿Quién le pone el cascabel a los carros particulares?;sobre;m;0;ADP;punct;1;0
González Noda sobre nuestro centro Jardín Botánico Nacional en la sección Cartas a la Dirección, deseamos en primer lugar invitarlo a visitar nuestro centro, de manera tal que pueda ver el lugar de los hechos que se mencionan y sacar sus propias conclusiones.;sobre;m;0;ADP;case;1;0
González Noda sobre nuestro centro Jardín Botánico Nacional en la sección Cartas a la Dirección, deseamos en primer lugar invitarlo a visitar nuestro centro, de manera tal que pueda ver el lugar de los hechos que se mencionan y sacar sus propias conclusiones.;centro;m;0;NOUN;nmod;1;1
González Noda sobre nuestro centro Jardín Botánico Nacional en la sección Cartas a la Dirección, deseamos en primer lugar invitarlo a visitar nuestro centro, de manera tal que pueda ver el lugar de los hechos que se mencionan y sacar sus propias conclusiones.;jardín;m;0;PROPN;appos;1;1
González Noda sobre nuestro centro Jardín Botánico Nacional en la sección Cartas a la Dirección, deseamos en primer lugar invitarlo a visitar nuestro centro, de manera tal que pueda ver el lugar de los hechos que se mencionan y sacar sus propias conclusiones.;centro;m;0;NOUN;nmod;1;1
González Noda sobre nuestro centro Jardín Botánico Nacional en la sección Cartas a la Dirección, deseamos en primer lugar invitarlo a visitar nuestro centro, de manera tal que pueda ver el lugar de los hechos que se mencionan y sacar sus propias conclusiones.;manera;f;0;NOUN;fixed;1;1
González Noda sobre nuestro centro Jardín Botánico Nacional en la sección Cartas a la Dirección, deseamos en primer lugar invitarlo a visitar nuestro centro, de manera tal que pueda ver el lugar de los hechos que se mencionan y sacar sus propias conclusiones.;ver;v;0;VERB;advcl;1;1
González Noda sobre nuestro centro Jardín Botánico Nacional en la sección Cartas a la Dirección, deseamos en primer lugar invitarlo a visitar nuestro centro, de manera tal que pueda ver el lugar de los hechos que se mencionan y sacar sus propias conclusiones.;sacar;v;0;VERB;conj;1;1
El viernes 2 de agosto, se publicó el escrito Preocupaciones de los Trabajadores de la Terminal de Ómnibus de Bauta.;terminal;m;0;PROPN;flat;1;1
El viernes 2 de agosto, se publicó el escrito Preocupaciones de los Trabajadores de la Terminal de Ómnibus de Bauta.;ómnibus;m;1;NOUN;flat;1;1
El viernes 21 de junio del año en curso, fue publicada bajo el título Sugerencias a la ONAT, la carta enviada por R.;año;m;0;NOUN;compound;1;1
El viernes 21 de junio del año en curso, fue publicada bajo el título Sugerencias a la ONAT, la carta enviada por R.;bajo;m;0;ADP;case;1;0
El viernes 21 de junio del año en curso, fue publicada bajo el título Sugerencias a la ONAT, la carta enviada por R.;enviada;f;0;ADJ;amod;1;0
En ella sugiere algunas medidas para simplificar el pago de los tributos en determinadas actividades del Trabajo por cuenta propia.;trabajo;m;0;PROPN;nmod;1;1
