oracion;palabra;cat_diccionario;y_true;spacy_pos;spacy_dep;y_pred_b1;y_pred_b2;pred_XLM-RoBERTa
Cuatro personas de la misma familia murieron soterradas la noche del jueves 28 de septiembre en El Salvador a causa de un desplazamiento de tierra provocado por las lluvias que han afectado a todo el territorio, informó ayer en un comunicado la Dirección General de Protección Civil.;comunicado;m;0;NOUN;obl;1;1;0
"[caption id=""attachment_1081607"" align=""aligncenter"" width=""1000""]  El renovado parque Cuscatlán luce sus mejores galas en las fiestas de Navidad y Fin de Año.";año;m;0;PROPN;flat;1;1;1
Alfonso Gudiel Estrada, en representación de los reos Roberto “El Burro” Herrera, Reynerio Flores Lazo y del resto de demandantes, argumentó que sus representados “no han cometido actos de terrorismo para que se hayan generalizado las medidas extraordinarias”.;burro;m;0;PROPN;appos;1;1;0
"En una conferencia de prensa, en la que participó el comisionado presidencial de proyectos estratégicos, Luis Rodríguez; el viceministro de Salud, Carlos Alvarenga; y el representante de ASES, Marcelo Olano; las autoridades detallaron que se equipará el hospital que se construye en el Centro Internacional de Ferias y Convenciones (Cifco) con las camas hospitalarias, mientras que las mascarillas se distribuirán a personal de salud.";centro;m;0;PROPN;obl;1;1;0
El Ministerio de Medio Ambiente y Recursos Naturales (MARN) pronostica chubascos aislados para este lunes por una débil vaguada sobre Centroamérica generada por un frente frío sobre el Golfo de México.;sobre;m;0;ADP;case;1;0;0
Cotto dijo que han recurrido a los registros de armas que lleva el Ministerio de la Defensa para investigar a quién se le entregó y poseía el arma, al momento del asesinato de Kury.;defensa;f;0;PROPN;flat;1;1;0
La coordinadora de la Fundación para la Educación Superior (FES) de la Escuela Superior de Economía y Negocios (ESEN), Carolina Rovira recomendó ayer al Ministerio de Educación (Mined) incluir el tema migratorio en currícula escolar, debido a que se debe brindar apoyo a menores en condición de abandono por la migración.;carolina;f;0;PROPN;appos;1;1;0
Su inicio de operación marca un hito no solo por ser la primera planta de gas natural, sino que es el proyecto de inversión privada más grande en la historia de El Salvador por más de $1,000 millones.;ser;m;0;AUX;cop;1;0;0
Asimismo, la legisladora del partido de izquierda también hizo el llamado a la dirigencia del FMLN a investigar esta denuncia porque se debe esclarecer a la militancia “por el bien de la entidad política”.;llamado;m;0;ADJ;obj;1;0;0
Los departamentos de Sonsonate, Usulután, la zona oriental de la capital: Soyapango, e Ilopango, registran actualmente la mayoría de homicidios del país.;zona;f;0;NOUN;appos;1;1;0
La ordenanza prohíbe obstaculizar la acera, con ripio, materiales, planchas de pupusas o negocios de lavados de vehículos.;ripio;m;0;NOUN;nmod;1;1;0
“Es importante que el Tribunal se tome el tiempo para fundamentar de buena manera la decisión que va a tomar”, afirmó el fiscal Omar Aguilar.;manera;f;0;NOUN;obl;1;1;0
Y aunque “Clave Luis” dijo que al momento de enfrentarse a balazos con ellos, pudo reconocerlo, la jueza manifestó que era una apreciación errónea de “Clave Luis” y les restó credibilidad.;clave;f;0;PROPN;nsubj;1;1;0
Mantiene la alerta naranja pero solo en la zona del volcán de Chaparrastique, en San Miguel.;zona;f;0;NOUN;nmod;1;1;0
El defensor Julio Rank, Lisandro Quintanilla, dijo que la condición de salud de su cliente es grave, luego de presentar una solicitud de Habeas Corpus en la Sala de lo Constitucional de la Corte Suprema de Justicia, donde han solicitado su libertad.;corte;m;0;PROPN;nmod;1;1;0
"El ministro de Gobernación, Mario Durán dijo que prevén esta situación debido a la condición que se encuentran los suelos por la acumulación de lluvia, por lo que insistió que la ""situación puede ser incluso más caótica"".";ser;m;0;AUX;cop;1;0;0
Sin embargo, con el financiamiento y la ejecución estamos hablando de no menos de año o dos años para terminar y poderlo tener”, explicó Ayala.;año;m;0;NOUN;obl;1;1;0
El sujeto es considerado que posee un amplio récord delictivo.;récord;m;1;NOUN;obj;1;1;0
Además, uno de los delincuentes fue encontrado muerto al interior del carro, horas después del hecho, en la 41 avenida Norte, a un costado del Centro Nacional de Registro (CNR), en San Salvador.;interior;m;0;NOUN;obl;1;1;0
Este domingo, autoridades de la Comisión Nacional de Protección Civil informaron sobre las medidas que ejecutarán para disminuir el riesgo en la carretera Los Chorros, entre estas la instalación de un sistema de alerta temprana en la vía para que mida los micro movimientos y que a través de pantallas, se informe a la población sobre ello.;sobre;m;0;ADP;case;1;0;0
La audiencia especial que busca reducir a la tercera parte de la mínima de la pena que un tribunal ordinario le impondría finalizó al filo de la 1:00 de la tarde del viernes, sin embargo  El haberse presentado voluntariamente al juzgado que lleva el proceso judicial por casos de corrupción en el gobierno de Mauricio Funes, le valió a Cañas Rivera a no ser enviada a prisión y ha someterse al juicio abreviado y así dejar de ser “prófuga” a cumplir medidas sustitutiva a la prisión, explicó la Fiscalía.;ser;m;0;AUX;aux;1;0;0
El rollo de cordel de nylon, el ladrillo de obra, el hierro corrugado y la lámina acanalada son otros productos que subieron de precio entre $0.38 y $91 en un año.;cordel;m;0;NOUN;nmod;1;1;1
De todos los casos de neumonía registrados hasta el momento, 4,981 se han dado en menores de un año, 6,567 casos en niños entre 1-4 años y 3,512 en mayores de 60.;año;m;0;NOUN;nmod;1;1;0
Asimismo se informó sobre otra escena en la finca Montecristo en Tepecoyo, La Libertad.;finca;f;1;NOUN;obl;1;1;0
La galena señaló que es más económico para el Estado realizar un trasplante de riñón, que brindar tratamiento a un paciente con enfermedad renal terminal e indicó que la mayoría de personas que fallecen son jóvenes “en edad productiva”.;realizar;v;0;VERB;csubj;1;1;0
Al comparar los precios de insumos de construcción de abril y mayo, productos como la pintura de interior y exteriores, la ducha, grava, válvula y lavamanos, bajaron de precio.;interior;m;0;NOUN;nmod;1;1;1
Las temperaturas alcanzadas en la costa y la salinidad reportada hasta este viernes, indican que estaría en desarrollo la “marea roja”, así lo informa en su más reciente boletín del Ministerio de Medio Ambiente y Recursos Naturales (MARN).;medio;m;0;PROPN;flat;1;1;0
De acuerdo a la titular de esta cartera de Estado, la población más vulnerable siguen siendo los niños menores de cinco años, personas mayores de 60 y mujeres embarazadas.;cartera;f;0;NOUN;nmod;1;1;0
Además, dijo que por parte del Estado existe la excusa del bajo presupuesto para no investigar  las desapariciones, él señala  Si la negativa por parte del Gobierno continua en investigar y tratar el tema de los desaparecidos, caería en un delito como lo es la ausencia del ejercicio de responsabilidad, añadió.;tratar;v;0;VERB;conj;1;1;0
"El ministro de Salud, Francisco Alabí descartó este miércoles que la muerte del médico de 34 años de edad sea a causa de coronavirus y afirmó que ""tenía un problema cardiovascular poco controlada"".";miércoles;sust(m/f)/adj;0;NOUN;obl;1;1;0
"Para los estudiantes de quinto grado se transmitirá “El Busito Viajero”; mientras que “El Micrófono Escolar” será para estudiantes de sexto grado.";grado;m;0;NOUN;nmod;1;1;1
En El Salvador, la pandilla asignó a Efraín Cortez, alias, “El Tigre de Park View Locos”, como el encargado de la expansión mundial, este cabecilla se radicó en Sensuntepeque, Cabañas, desde donde diseñó el plan para tener presencia en Honduras, Panamá, México, reforzarse en Estados Unidos, Brasil, Italia y España.;plan;m;0;NOUN;obj;1;1;0
Soy un asiduo lector de Cartas a la Dirección, de hecho, espero con interés cada viernes para leer con gran atención todo lo que aparece, tarea casi familiar.;tarea;f;1;NOUN;obl;1;1;0
"Uno de los países donde tienen más presencia de cabecillas para coordinar con las clicas salvadoreñas es Estados Unidos, han llegado a tener hasta cinco ranfleros: “El Veterano de Tribus”, “El Slayer de Tyni  Winos” a  Hugo Armando Contreras, alias “El Flaco de Francis”; también a  “Marihuana  o Mary Jens de Hollywood” y  al “Cruger de  Peatonales”.";cinco;m;0;NUM;nummod;1;0;0
El homicidio del investigador Marcos Antonio Carranza y homicidio tentado de dos investigadores con clave “Luis” y “Ramón”, quedaron impunes con la absolución que emitió ayer el Tribunal Cuarto de Sentencia de San Salvador, a favor de tres presuntos pandilleros que, según la Fiscalía General de la República, fueron los que participaron en el hecho.;ramón;m;0;PROPN;conj;1;1;0
El director policial, Howard Cotto, informó que 11 personas fueron detenidas por la División Central de Investigaciones (DCI) de la Policía nacional Civil (PNC), mientras que otras tres guardan prisión.;central;m;0;PROPN;flat;1;1;0
"""La condición de salud de Julio es bastante grave, por una parte tiene una enfermedad crónica grave y degenerativa, y que le ha producido daños en órganos blancos, pero a parte, por haber tenido grilletes desde hace mucho tiempo en el hospital donde estaba, se le ha calcificado susmiembros inferioresy muy probablemente tenga que ser amputado de uno de sus pies y eso tiene que ser ya en uno de estos días, si es que no se atiende adecuadamente, por lo tanto solicitamos a la sala de lo Constitucional a que sea ágil en la tramitación de este proceso"", dijo Quintanilla a la prensa.";ser;m;0;AUX;aux;1;0;0
Pienso que se debería felicitar públicamente a la periodista Leydi Torres Arias no solo por denunciar la violación laboral cometida por ese chofer de Astro, sino también por su valentía al oponerse al infractor hasta darle una solución positiva al atropello que tal violación significó para los pasajeros del ómnibus.;ómnibus;m;1;NOUN;nmod;1;1;0
La funcionaria mencionó que pretende proponer al organismo colegiado la habilitación de una JRV a la entrada de un centro de votación para que los ciudadanos ejerzan su derecho con la asistencia requerida en un proceso expedito.;entrada;f;0;NOUN;nmod;1;1;0
Los programas que están dirigidos para estudiantes de primer grado a primer año de bachillerato, tendrán una duración de 13 minutos mientras que para estudiantes de segundo año de bachillerato serán de 26 minutos, detalla Hananía.;año;m;0;NOUN;obl;1;1;1
La diputada del partido Vamos, Claudia Ortiz, valora que “hay un abuso claro y evidente del recurso de la dispensa de trámites” y que todos los casos hubo una emergencia, como lo indica el Reglamento, “sino porque es una manera de tomar por sorpresa a la opinión pública” y no dar suficiente debate.;partido;m;0;NOUN;nmod;1;1;0
La ordenanza crea la Unidad de Tránsito del Cuerpo de Agentes Metropolitanos (UTCAMST), quienes tendrán uniforme, chaleco reflector y silbato, y podrán por aviso o denunciar iniciar procesos de sanción, y quitar obstáculos de las aceras.;tránsito;m;0;PROPN;flat;1;1;0
"Por lo cual, Idhuca también llamó a la comunidad internacional a brindar su apoyo al Gobierno salvadoreño para localizar y recuperar la información relativa al caso jesuita, con el fin de facilitar la entrega garantizando la ""confidencialidad de las personas, instituciones, organizaciones y países que colaboraron con la Comisión de la Verdad"".";comunidad;f;0;NOUN;obj;1;1;0
Sin embargo, al comparar los precios de abril y mayo, productos como la pintura de interior y exteriores, la ducha, grava, válvula y lavamanos fueron de los productos que más bajaron de precio en el último mes, con una disminución que va desde los $0.13 hasta los $4.60.;lavamanos;m;1;NOUN;conj;1;1;1
Etienne también se refirió al avance de la vacunación en el continente, catalogando como  Específicamente en Centroamérica clasificó la situación como “aguda”, tras dos millones de personas que han sido inoculadas ante el virus “plenamente”, y;situación;f;0;NOUN;obj;1;1;0
El joven fue identificado como Ítalo Josué Granados Zúniga, quien se dedicaba a la venta de pan francés en la zona de Lourdes, Colón.;pan;m;0;NOUN;nmod;1;1;0
El cuerpo del niño de cuatro años que fue arrastrado por el Río Pilón, en Ciudad Arce, La Libertad, fue encontrado ayer por los cuerpos de socorro, según confirmó Protección Civil.;pilón;m;0;PROPN;flat;1;1;0
La jueza Cuarta de Paz que conoció del homicidio de Ramón Kury ordenó a la Fiscalía que haga una profunda investigación de cómo el arma salió, supuestamente de la División de la Policía Técnica y Científica, (DPTC), decomisada en el año 2011 por un delito.;año;m;0;NOUN;obl;1;1;0
Estos vientos se deben a un frente frío que se encuentra ubicado en Texas, Estados Unidos,  lo cual favorece también a una cuña anticiclónica que se ubica en Centroamérica, misma que generará nubosidad y algunas precipitaciones Los vientos que se esperan para hoy tendrán velocidades de entre los 12 a los 40 kilómetros por hora, los cuales se sentirán con mayor énfasis en las zonas altas y montañosas del país.;mayor;m;0;ADJ;amod;1;0;0
Al menos cinco sujetos con vestimentas negras similares a las que usa la Policía, llegaron a sacar a sus víctimas de su vivienda  en la madrugada.;sacar;v;0;VERB;xcomp;1;1;0
Delmi Germinda Romero de Rivera, de 45 años de edad, fue asesinada la noche del domingo 17 de marzo, al interior de su vivienda ubicada en la colonia Libertad, calle al Triunfo, del municipio de Sesori, San Miguel.;colonia;f;1;NOUN;obl;1;1;0
El cadáver, según el informe del 911, también presentaba una lesión en la mano derecha, provocada con arma blanca.;mano;f;0;NOUN;nmod;1;1;0
El cierre del paso vehicular se realizará debido a la instalación de una pasarela que conectará el edificio principal del Hospital Benjamín Bloom y el anexo de dicho nosocomio.;paso;m;0;NOUN;nmod;1;1;1
Esto ha generado diferentes reacciones, como la solicitud de la diputada Patricia Valdivieso al Presidente de la República de retirar a la funcionaria de su cargo al frente de la Secretaría de Inclusión Social.;social;m/f;0;PROPN;flat;1;1;0
Según Bukele, estas personas también recibieron mensajes en los que les indicaban la cantidad de dinero que les iban a transferir por realizar esas acciones.;realizar;v;0;VERB;advcl;1;1;0
El vocero de la gremial indicó que la crisis de contenedores en China generó un problema logístico mundial al inicio de la pandemia por covid-19, a lo que se suma que ahora los barcos no tienen suficiente capacidad para traer contenedores.;china;f;0;PROPN;nmod;1;1;0
La gravedad de las lesiones y el daño en sus órganos internos, producto de la inhalación de humo, fueron las causas de la muerte del animal, informó la institución.;daño;m;0;NOUN;conj;1;1;0
El buque BW Tatiana llegó a las aguas salvadoreñas en noviembre del 2021 desde el astillero Keppel Tuas en Singapur, la primera unidad flotante de regasificación y almacenamiento desplegada en la región.;flotante;m;0;ADJ;amod;1;0;0
La realización de entrevistas públicas, la conformación de una comisión especial a cargo de examinar el historial de candidatos y la publicidad que se dio a estos procedimientos, quedaron en meros gestos propagandísticos.;realización;f;0;NOUN;nsubj;1;1;0
La dirigencia del FMLN no se ha pronunciado sobre los señalamientos de manejo de fondos gestionados políticamente y usados en privado por dirigentes y militantes.;manejo;m;0;NOUN;nmod;1;1;0
Tragantes ubicados en el sector del rastro municipal, Bulevar de la 30, y sobre toda la avenida Roosevelt.;bulevar;m;1;PROPN;appos;1;1;1
Del otro lado, la expectativa de la defensa es “positiva”, afirmó Chacón, tras estimar que la defensa ha aportado todos los elementos de prueba de descargo y “consideramos que el resultado para nosotros va a demostrar las imputaciones hechas no son ciertas”.;defensa;f;0;NOUN;nmod;1;1;0
El vocero de la gremial indicó que la crisis de contenedores en China generó un problema logístico mundial al inicio de la pandemia por covid-19, a lo que se suma que ahora los barcos no tienen suficiente capacidad para traer contenedores.;mundial;m;0;ADJ;amod;1;0;0
El precio del bitcoin comenzó a caer el viernes pasado desde los $43,000 que se cotizaba, pero ayer en la tarde el criptoactivo ganó un poco del terreno perdido y se cotizaba a las 6:00 p.m.;caer;v;0;VERB;xcomp;1;1;0
La Asociación de Periodistas de El Salvador (APES) aclaró este lunes que su Comisión de Ética conocerá de manera independiente la denuncia del ministro de Gobernación, Juan Carlos Bidegaín, en contra de una periodista de la revista Factum y el medio por una supuesta serie de faltas a la ética periodística.;medio;m;1;NOUN;conj;1;1;0
Aunque una buena parte de los trabajadores, sobre todo público y municipal, se encuentran en vacaciones desde el sábado pasado mientras que los privados descansan desde este miércoles 13.;miércoles;sust(m/f)/adj;0;NOUN;obl;1;1;0
Esas declaraciones han afectado el prestigio del Ministerio de Hacienda donde labora un equipo de profesionales que ha hecho una carrera  y no se vale que por intereses políticos se juegue con el profesionalismo de los empleados de Hacienda, aseveró.;carrera;f;0;NOUN;obj;1;1;0
También aseveró que el presidente Nayib Bukele se comprometió “desde el primer día” a luchar contra las causas de la inmigración irregular.;contra;f;0;ADP;case;1;0;0
Esa suma millonaria fue trasladada a cuentas de particulares en el Banco Hipotecario a nombre de Francisco Rodríguez Arteaga, exgerente financiero de Casa Presidencial, y Pablo Gómez, excontador institucional, “quienes aparentemente movieron ese dinero a través de cheques bajo una completa violación a la normativa administrativa que establece la forma y el manejo de los fondos públicos”, explicó el fiscal De esa manera se lavó el dinero, haciendo uso del sistema financiero, de prestanombres o testaferros que sirvieron para encubrir el origen ilícito, el uso de empresas, la simulación de contratos para tratar de dar una apariencia que el dinero era procedente de un contrato o una relación contractual, lo cual no era cierto, explicó uno de los fiscales.;bajo;m;0;ADP;case;1;0;0
El jefe municipal destacó como uno de sus principales logros el programa Canchas Para Todos.;programa;m;0;NOUN;obj;1;1;0
Los Lineamientos de la Política Económica y Social del Partido y la Revolución, ampliamente discutidos y enriquecidos por nuestro pueblo y finalmente aprobados en abril del 2011 por el Sexto Congreso del Partido, trazan de manera clara y precisa el derrotero a seguir para lograr un socialismo eficiente y sostenible.;social;m/f;0;PROPN;conj;1;1;0
Sobre la carta Una pelea cubana contra el papeleo, de J.;pelea;f;0;NOUN;flat;1;1;0
Ayer el ministro verificó las obras que se realizan en la colonia La Posada, en San Jacinto, al sur de San Salvador, donde invertía unos $24,500 en la construcción de un paso peatonal, gradas y de contención que resultaron afectadas tras la formación de una cárcava generada por las recientes lluvias.;posada;f;0;PROPN;appos;1;1;0
De igual forma, señalaron que los vehículos de más de tres toneladas, tienen prohibido circular por la arteria, por lo que quienes no acaten la restricción, serán multados.;tres;m;0;NUM;nummod;1;0;0
El catedrático universitario, Miguel Ángel Serrano Melgar, deberá realizar un año y medio de trabajos de utilidad pública por violar orden de restricción de acercamiento a una ex alumna, con quien sostuvo una relación amorosa.;serrano;m;0;PROPN;flat;1;1;0
Ayer, el ministro de Trabajo, Rolando Castro, anunció que unas 75 empresas están bajo investigación del Ministerio de Trabajo y Previsión Social (MTPS) por no cumplir con las disposiciones de enviar a casa a los adultos mayores de 60 años y mujeres embarazadas.;trabajo;m;0;PROPN;nmod;1;1;0
“Hay una contralaría para el caso de quienes ejercemos la función pública y poder dar seguimiento a nuestro trabajo y todo lo que tiene que ver con nuestros ingresos, tiene que agotar las instancias que dentro del partido están”, afirmó Belloso.;dar;v;0;VERB;conj;1;1;0
Asimismo sugería reubicar la terminal de oriente en las cercanías de Apopa o en la parte oriente de Soyapango (donde se encuentra actualmente Plaza Amanecer), de igual forma recomendaba mover la terminal de occidente a Ciudad Merliot,  reubicar el mercado La Tiendona en la carretera Quezaltepeque- Apopa y construir una terminal de carga en la parte norte del AMSS.;terminal;m;0;NOUN;obj;1;1;1
La diputada del partido Vamos, Claudia Ortiz, valora que “hay un abuso claro y evidente del recurso de la dispensa de trámites” y que todos los casos hubo una emergencia, como lo indica el Reglamento, “sino porque es una manera de tomar por sorpresa a la opinión pública” y no dar suficiente debate.;emergencia;f;0;NOUN;obj;1;1;0
El artículo 68 de esta ley dice que “el Estado promoverá líneas de crédito preferenciales para la reactivación y promoción de la pesca y la acuicultura nacional.;crédito;m;0;NOUN;nmod;1;1;0
Mencionó que le quitaron la cartera, el teléfono celular y la encerraron en un cuarto bajo llave, entregándole otro tipo de ropa para que atendiera clientes con quienes debía tener relaciones sexuales.;bajo;m;0;ADJ;case;1;0;0
, y los bomberos, la Cruz Verde Salvadoreña, la Cruz Roja y decenas de voluntarios lucharon casi cinco horas para lograr contener las voraces llamas.;roja;f;0;PROPN;flat;1;1;0
Los traslados comenzaron el jueves anterior, tras ordenarse el cierre del penal de Cojutepeque, y generó el traslado de unos 1,200 reclusos hacia distintas cárceles, incluido el penal de Izalco.;cierre;m;0;NOUN;obj;1;1;0
Uno de los crímenes fue cometido en la comunidad El Descanso, la víctima es un menor de 16 años.;comunidad;f;0;NOUN;obl;1;1;0
Los fiscales del caso afirmaron que salieron sorprendido con el fallo del juez suplente del Juzgado Especializado de Sentencia A.;fallo;m;0;NOUN;obl;1;1;0
Por su parte, Jaime Wilfredo Cardona, de 42 años, fue asesinado en un vivero, situado en el cantón La Lima, Huizúcar, La Libertad.;vivero;m;0;NOUN;obl;1;1;0
Rank fue condenado a cinco años por lavado de dinero y activos, junto al expresidente Antonio Saca, el exsecretario privado de ese gobierno, Élmer Charlaix, el exsecretario de la juventud, César Funes y los exempleados de Casa Presidencial, Pablo Gómez, Francisco Rodríguez y Jorge Herrera.;casa;f;0;PROPN;nmod;1;1;0
Yo creo que de 30 a 40 días puede determinarse que se está en la normalidad (del suministro de agua potable)”, dijo tras presentar las acciones que han sido ejecutadas por el Gobierno para paliar la crisis hídrica.;presentar;v;0;VERB;advcl;1;1;0
El Conab publicó una lista de bienes donde aparecen residencias y ranchos de playa del exjefe de la unidad financiera, Francisco Rodríguez, que ayer pasaron a ser administradas por el Consejo Nacional de Administración de Bienes (Conab).;playa;f;0;NOUN;nmod;1;1;0
Asimismo, la institución alertó sobre la persistencia del embarazo infantil forzado en El Salvador, y la penalización absoluta del aborto “como una forma de violencia institucional y tortura”, y llamó al Estado a cumplir con las recomendaciones de los Comités Monitores de Derechos Humanos de Naciones Unidas para comprometerse a revisar su legislación punitiva del aborto.;sobre;m;0;ADP;case;1;0;0
El menor, llamado Alexander Vásquez, fue arrastrado ante las intensas lluvias del pasado martes, junto a su padre, cuando trataban de cruzarse el río.;alexander;m;0;PROPN;obj;1;1;0
Entre los asistentes a la convocatoria de hoy llegó Lady Drag, un ícono del descontento social en las últimas protestas en El Salvador, creado por el artista salvadoreño Marvin Pleitez.;social;m/f;0;ADJ;amod;1;0;0
En el municipio de Usulután fueron asesinados los jornaleros Milton Ismael Rodríguez, de 32 y Ronualdo Luna, de 26, en el cantón Hacienda La Carrera.;luna;f;0;PROPN;flat;1;1;0
En un comunicado de prensa, Casa Presidencial informó que el viceministro de operaciones, Francisco Alabí “coordinó la aplicación del protocolo” y se cumplió con la identificación y desabordaje controlado.;casa;f;0;PROPN;nsubj;1;1;0
Los señalados son: Según los fiscales, los imputados afectaron al Estado desviándose y quedándose con   con el aval de Mauricio Funes hubo un arreglo directo entre la empresa italiana Astaldi, que tenía a cargo la construcción de la presa, y la CEL.;aval;m;0;NOUN;obl;1;1;0
La MS-13 desde hace muchos años comenzó por ordenar la casa y geográficamente abarcaron todo el territorio instalando 249 clicas y 48 programas (células)  todos bajo la orden de los cabecillas quienes han impuestos sus reglas.;bajo;m;0;ADP;case;1;0;0
Este cargo, conocido en otros países como “Defensor del Pueblo”, deposita en la persona que lo ejerce una verdadera magistratura moral, para la cual los conocimientos, la trayectoria y la moralidad, se combinan para garantizar un mandato independiente, capaz de frenar los excesos del poder.;capaz;adv;0;ADJ;amod;1;0;0
Además, la comuna, a través de un comunicado, informó que la construcción del mercado Hula Hula  se prevé finalice el próximo año, y permitirá que miles de vendedores de la calle Rubén Dario pasen de la informalidad a la formalidad con este proyecto.;año;m;0;NOUN;obl;1;1;0
de robo agravado se les vinculan a algunos sujetos capturados.;les;pron;0;PRON;obj;1;1;0
Este estudio surgió cuando un familiar de un experto en privacidad 'online' y profesor asistente de Ingeniería eléctrica de esta institución, Kassem Fawaz, advirtió que   una aplicación destinada a las videollamadas.;privacidad;f;0;NOUN;nmod;1;1;0
Hasta el momento la Policía no reporta capturas sobre el hecho.;sobre;m;0;ADP;case;1;0;0
Mencionó que le quitaron la cartera, el teléfono celular y la encerraron en un cuarto bajo llave, entregándole otro tipo de ropa para que atendiera clientes con quienes debía tener relaciones sexuales.;llave;f;0;NOUN;nmod;1;1;0
Un joven anglo de 18 años abrió fuego contra los clientes de un supermercado en la ciudad de Buffalo, al norte del estado de Nueva York, y mató al menos a diez personas e hirió a un número no preciso de víctimas.;contra;f;0;ADP;case;1;0;0
El cadáver de Lilian Beatriz Méndez fue localizado el 21 de octubre de 2017 sobre la autopista Comalapa, jurisdicción de Olocuilta, La Paz.;sobre;m;0;ADP;case;1;0;0
"El Instituto Salvadoreño del Turismo (Istu) es el encargado de administrar los 14 parques recreativos del Estado, entre ellos, el parque Balboa, el parque de la Familia y la Puerta del Diablo; actualmente, el ingreso al parque Balboa y de la Familia cuesta $1.50 por persona y $1 por vehículo.";administrar;v;0;VERB;acl;1;1;1
Tres personas resultaron lesionadas en un accidente entre una rastra y un vehículo registrado este martes en el kilómetro 12 1/2 del bulevar Monseñor Romero.;bulevar;m;0;NOUN;nmod;1;1;1
La comisionada presidencial, Carolina Recinos, reveló que el presidente de la República ha ordenado, si es necesario, pagar un avión para sacar a Rebeca Castrillo, Sussy Melgar y Daniela López, tres becarias salvadoreñas, de la ciudad de Wuhan, epicentro del coronavirus.;carolina;f;0;PROPN;appos;1;1;0
El ministro de Salud, informó en su cuenta de Twitter que hoy, las cabinas para detectar casos de covid-19 estarán en el parque central de Intipucá en La Unión.;central;m;0;ADJ;amod;1;0;0
M.[/caption]   Madre e hijo, supuestos familiares de un agente de la corporación policial, fueron asesinados ayer en el caserío La Bomba, cantón Palacios de San Rafael Cedros, Cuscatlán.;madre;f;0;PROPN;flat;1;1;0
Por su parte, Simeduco destacó que han recibido reportes de seis maestros enfermos por el virus del SARS-CoV-2 en la institución, y entre tres y cinco sospechosos de la enfermedad.;tres;m;0;NUM;nummod;1;0;0
El cardenal Rosa Chávez debería ser ese factor de unidad que la Divina Providencia ha sembrado en nuestro país.;ser;m;0;AUX;cop;1;0;0
Para ello abrieron una zanja que implicó la rotura del pavimento con una profundidad de alrededor de un metro.;rotura;f;0;NOUN;obj;1;1;1
Casalco reveló esta información previo a que el Banco Central de Reserva (BCR) confirmara la semana pasada que el sector de construcción fue una de las cinco actividades que se contrajo en el primer trimestre del año en 4.8 %.;banco;m;0;PROPN;nsubj;1;1;0
Según las autoridades, las cifras las atribuyen al Plan Control Territorial impulsado por el Gobierno del presidente Nayib Bukele.;plan;m;0;PROPN;iobj;1;1;0
"""La condición de salud de Julio es bastante grave, por una parte tiene una enfermedad crónica grave y degenerativa, y que le ha producido daños en órganos blancos, pero a parte, por haber tenido grilletes desde hace mucho tiempo en el hospital donde estaba, se le ha calcificado susmiembros inferioresy muy probablemente tenga que ser amputado de uno de sus pies y eso tiene que ser ya en uno de estos días, si es que no se atiende adecuadamente, por lo tanto solicitamos a la sala de lo Constitucional a que sea ágil en la tramitación de este proceso"", dijo Quintanilla a la prensa.";prensa;f;0;NOUN;iobj;1;1;0
Brizuelaagregó que respetan la postura oficial del gobierno y a las personas encargadas para tomar decisiones, sin embargo, desde el observatorio ellos harán recomendaciones sobre las decisiones que tome el Ejecutivo.;sobre;m;0;ADP;case;1;0;0
El asalto había ocurrido en un autobús unas tres cuadras al oriente de donde ocurrió el tiroteo.;tiroteo;m;0;NOUN;nsubj;1;1;0
Méndez Oliva dijo a las autoridades que raptó al menor porque ella estuvo embarazada y perdió al niño, y había dicho a su pareja que el niño nació, pero estaba hospitalizado.;niño;m;0;NOUN;obj;1;1;0
Silva también afronta otro proceso judicial, por desacato, contra el exdiputado Schafick Handal, por hechos acontecidos en 5 de marzo de 2020, en la Asamblea.;contra;f;0;ADP;case;1;0;0
En septiembre, el Juzgado Primero de Vigilancia Penitenciaria y Ejecución de la Pena negó la libertad condicional anticipada que la defensa pidió el 16 de agosto, alegando el estado delicado del exsecretario de comunicaciones de la Presidencia, Julio Rank.;defensa;f;0;NOUN;nsubj;1;1;0
La expansión mundial de la Mara Salvatrucha (MS-13)  no es una casualidad ya que la cúpula de esta estructura diseñó una estrategia para tener designados en países clave del continente americano y Europa.;mundial;m;0;ADJ;amod;1;0;0
El alcalde de San Salvador, Ernesto Muyshondt, se reunió este viernes con alrededor de 30 vendedores informales para continuar el diálogo sobre el ordenamiento del centro capitalino.;sobre;m;0;ADP;case;1;0;0
La dirigencia del FMLN reconoció su histórica derrota electoral del domingo y aseguró que tomaría “decisiones” para “corregir lo que sea necesario”.;corregir;v;0;VERB;advcl;1;1;0
"A su cliente, indicó, lo acusan ""nada más de lavado de dinero y activos"".";lavado;m;0;ADJ;nmod;1;0;0
De ese modo, entrenaron un clasificador de actividades cotidianas utilizando el audio de vídeos de YouTube que representaban seis actividades habituales en segundo plano: cocinar, comer, escuchar música, teclear y limpiar.;cocinar;v;0;VERB;acl;1;1;0
"Bukele dijo que la prueba de la especialista que “evadió el control sanitario” y puesta ayer en cuarentena ""entró en la tanda de la noche"", junto a las de las otras 82 personas que estuvieron en riesgo de contacto, pero “ninguno calificado como sospechoso”.";tanda;f;0;NOUN;obl;1;1;0
Pese al incremento, la funcionaria aseguró que en comparación con el año pasado, se reportan 4,000 casos menos, algo que atribuyó a la adquisición de vacunas que en total han sido un millón, de las cuales se han aplicado 550,000 mil.;año;m;0;NOUN;obl;1;1;0
“Vemos con profunda indignación que el caso del expresidente Elías Antonio Saca se esté tramitando de una forma que, si bien se apega a los resquicios establecidos en la ley, no responde a la imperante necesidad de la sociedad salvadoreña de vivir en un país donde los funcionarios que abusen del poder y roben al Estado, respondan apropiadamente por sus delitos”, expresó en un comunicado.;saca;f;0;PROPN;flat;1;1;0
En el consolidado de emergencias, Protección Civil informó que en este período se han producido un total de 164 accidente de tránsito.;tránsito;m;1;NOUN;nmod;1;1;0
Según el Centro Nacional de Huracanes de Miami, la depresión tropical Eta mantiene  .;centro;m;0;PROPN;obl;1;1;1
El ministro de Medio Ambiente y Recursos Naturales, Fernando López, informó que además de cielos nublados, lluvias y chubascos para hoy viernes,  .;medio;m;0;PROPN;nmod;1;1;0
Anualmente El Salvador registra una tasa de 68 muertes por cada 100,000  habitantes que sufren enfermedad renal terminal, misma que posiciona al país con la mortalidad más alta a nivel de Centroamérica y en el mundo, según la doctora Zulma Cruz de Trujillo, nefróloga del Hospital Nacional Rosales.;terminal;m;0;ADJ;amod;1;0;0
Según el comunicado de la Fiscalía,  se confirma la investigación contra los hermanos Carlos José, Gerardo Javier y José Ricardo Rivas Álvarez.;comunicado;m;1;NOUN;obl;1;1;0
Hananía instó a los maestros a aprovechar estos recursos y encontrar un equilibro entre su labor y la de los estudiantes, principalmente con aquellos que no tienen acceso a conectividad.;aprovechar;v;0;VERB;xcomp;1;1;0
Por su parte, el viceministro de Salud, Carlos Alvarenga, informó que se ha integrado una comisión nacional interinstitucional con especialistas y técnicos para abordar el proceso de trasplante de órganos, tejidos y células.;abordar;v;0;VERB;advcl;1;1;0
Quijano fue acusado el 1 de mayo del 2021 de fraude electoral y agrupaciones ilícitas en El Salvador en supuestas negociaciones con pandillas en campaña electoral 2014, y el 6 de mayo, el Juzgado Séptimo de Paz le giró una orden de captura en su contra.;orden;f;0;NOUN;obj;1;1;0
Estas multas también serán aplicables a quienes no respeten el precio máximo de venta de GLP envasado en cilindros para uso doméstico y cuando no se excluya el precio de venta de los combustibles del FEFE y Contrans de manera temporal.;manera;f;0;NOUN;nmod;1;1;0
de cada mes el jubilado tiene derecho a cobrar su jubilación, el Instituto Nacional de Seguridad Social (INASS) decide el cobro los días 4, 5, 6, 7 y 8 de cada mes, de acuerdo al almanaque anual que confeccionan.;social;m/f;0;PROPN;flat;1;1;0
El sacerdote Walter Osmír Vásquez Jiménez, asesinado el 29 de marzo de este año en Lolotique, San Miguel cuando se dirigía a oficiar una misa en el marco de la Semana Mayor.;año;m;0;NOUN;nmod;1;1;0
Figuran además Esmeralda Arabel Flores Acosta, María José Flores Acosta, Juan Abilio Guerra Melgar, Franklin Bladimir López Flores, Roberto Omar Álvarez Leiva, Wilber Javier Cáceres Benítez, Edith Emelda Ramírez y María Cristina Flores de Cruz.;esmeralda;f;0;PROPN;nsubj;1;1;1
Además hay viajeros que se encuentran en los aviones sin poder desembarcar ante la situación de emergencia, según informan medios de comunicación mexicanos.;situación;f;0;NOUN;obl;1;1;0
El Ministerio de Medio Ambiente y Recursos Naturales (MARN) informó hoy, a través de su cuenta de Twitter, que anoche murió el oso hormiguero hembra que fue rescatado el pasado 23 de marzo, tras sufrir graves quemaduras en un incendio de maleza registrado en el caserío El Salitral , cantón El Golfo, San Juan Nonualco, La Paz.;oso;m;0;NOUN;nsubj;1;1;0
En una operación dirigida por las Unidades Especializadas de Hurto y Robo de Vehículos y de Investigación de Homicidios y Pandillas de la FGR, se confirmó que la estructura se dedica al hurto y robo de mercadería, además de estar vinculados a estructuras de narcotráfico.;estar;v;0;AUX;aux;1;0;0
El ministerio de Obras Públicas (MOP) afirmó que más de  son invertidos en obras de mitigación en cárcavas y afectaciones en comunidades y colonias que se generaron tras el paso de la Tormenta Tropical “Bonnie” en el país a principios de julio.;paso;m;0;NOUN;obl;1;1;0
"Bukele explicó que hoy no se necesitan, pero ""los vamos a necesitar en poco tiempo"", dijo ante la emergencia de la pandemia por el Covid-19.";emergencia;f;0;NOUN;obl;1;1;0
"""Si no cierran nuestro cielo, es solo cuestión de tiempo que los cohetes rusos caigan sobre su territorio, sobre el territorio de la OTAN"", aseguró en un mensaje en vídeo.";sobre;m;0;ADP;case;1;0;0
También fue firme al indicar que no están fuera de control tras el incremento de casos de estas enfermedades.;firme;m;1;ADJ;ROOT;1;0;0
"Algunas de las zonas donde se está trabajando, según Rodríguez son: la zona de los condominios INPEP, en Mejicanos, en San Salvador, con una inversión de $10,000; la residencial Brisas de San Francisco, en la capital con obras de mitigación en la reparación de un cárcava y construcción de una bóveda que asciende a los $3.1 millones, así como la reparación de una cárcava en la colonia La Posada en San Jacinto con un valor de $24,500.";posada;f;0;PROPN;appos;1;1;1
Diario El Mundo publicó ayer la súplica de las tres jóvenes becarias salvadoreñas: “Sáquennos de aquí”.;tres;m;0;NUM;nummod;1;0;0
el boleto anticipado a octavos de final del Mundial de Catar-2022, mientras que la 'Celeste' se complica el pase a los cruces.;pase;m;0;NOUN;nsubj;1;1;0
De unas 20 instituciones que tienen presencia en el municipio de Santa Ana, solo el 25 % cuenta con programas de atención directa a personas retornadas, de acuerdo al estudio “Línea base sobre migración y retorno” realizado por la Organización Internacional para las Migraciones (OIM) y la alcaldía de Santa Ana, respaldado por la Agencia de los Estados Unidos para el Desarrollo Internacional (USAID), a través del programa Respuestas Integrales sobre Migración en Centroamérica.;línea;f;0;NOUN;appos;1;1;0
"""La única manera de evitar que nuestros abuelos, padres, hermanos y primos vayan a fallecer de esta enfermedad es no exponerse"" concluyó Alabí.";manera;f;0;NOUN;nsubj;1;1;0
Durante las vacaciones de agosto se han registrado 235 accidentes accidentes de tránsito que han dejado 154 personas lesionadas y 10 fallecidas, de acuerdo al consolidado preliminar del Sistema Nacional de Protección Civil, brindado esta mañana en el Turicentro Apulo.;tránsito;m;1;NOUN;nmod;1;1;0
En un comunicado de prensa, Casa Presidencial informó que el viceministro de operaciones, Francisco Alabí “coordinó la aplicación del protocolo” y se cumplió con la identificación y desabordaje controlado.;prensa;f;0;NOUN;nmod;1;1;0
"Para los estudiantes de quinto grado se transmitirá “El Busito Viajero”; mientras que “El Micrófono Escolar” será para estudiantes de sexto grado.";escolar;m;0;PROPN;flat;1;1;1
La imagen de los cuerpos de Óscar y la pequeña Valeria se ha hecho viral en redes sociales y ha recordado la imagen del niño sirio encontrado muerto en una playa turca tras intentar llegar a Grecia.;turca;f;0;ADJ;amod;1;0;0
El impulso de las administraciones Flores y Saca era frenado por una férrea oposición del FMLN que incluso llegó a retar el acuerdo con un recurso ante la Sala de lo Constitucional suscrito entre otros por el hoy presidente de la República y el hoy canciller.;saca;f;0;PROPN;conj;1;1;0
"Cuando decidí aceptar ser nominado candidato a delegado a la Asamblea Municipal del Poder Popular de La Habana del Este, lo hice sobre la base de aquella frase de que ""Sí se puede"".";base;f;0;NOUN;obl;1;1;0
Además, uno de los delincuentes fue encontrado muerto al interior del carro, horas después del hecho, en la 41 avenida Norte, a un costado del Centro Nacional de Registro (CNR), en San Salvador.;centro;m;0;PROPN;nmod;1;1;0
La Fiscalía está situada sobre la 8a.;sobre;m;0;ADP;case;1;0;0
"""Ahora lleva un recorte importante (el presupuesto) de alrededor de unos $12 millones de dolares, esto significa que la educación pública va a entrar en una situación de peor calamidad para el año 2018.";año;m;0;NOUN;nmod;1;1;0
"En muchas ocasiones estas concentraciones son de 2, 5,000, 10,000, 20,000 personas y nunca han escuchado ustedes que de esas concentraciones salga casi 30 heridos y muchos menos un aproximado de 15 personas heridas de bala"", dijo Cotto a su salida de la entrevista de Noticiero Hechos.";noticiero;m;0;PROPN;nmod;1;1;0
“Durante los últimos meses, las municipalidades han estado en primera línea, gestionando acciones varias para evitar que su población se enferme de Covid-19.;línea;f;0;NOUN;obl;1;1;0
EDP ganó un proceso de licitación para construir la primera planta de gas natural en El Salvador en 2014.;gas;m;0;NOUN;nmod;1;1;0
“Ustedes aquí ven especialidades que tienen que ver con las especialidades del problema, la planificación de cómo abordarlo desde el punto de vista epidemiológico y de la salud pública y además cómo se va a enfrentar los casos de las personas que ya padecen, desde el punto de vista clínico, el abordaje es integral desde el punto de visto médico, también se van a dar aportes a la población desde el punto de vista educativo”, explicó el doctor Brizuela.;ustedes;pron;0;PRON;nsubj;1;1;0
“¿Qué originó esta modificación en bienes y servicios?, ¿en qué se ocupó?, es importante dar cuenta de esto.;dar;v;0;VERB;csubj;1;1;0
La Fiscalía acusa a los exdirectores de haber tomado el dinero que la familia de los reos aportaban para las tiendas institucionales, para pagar servicios de inteligencia, sobresueldos, bonificaciones, otorgar préstamos al personal y otros que la Ley de las tiendas institucionales prohíbe,  Tres pericias financieras realizadas a la administración de tiendas institucionales en las dos administraciones del FMLN determinaron que se extrajeron $208 mil para fines que no eran para beneficios de tiendas institucionales y que en todo caso se debieron cubrir con el presupuesto de Centros Penales.;tres;m;0;NUM;nummod;1;0;0
“Vemos con profunda indignación que el caso del expresidente Elías Antonio Saca se esté tramitando de una forma que, si bien se apega a los resquicios establecidos en la ley, no responde a la imperante necesidad de la sociedad salvadoreña de vivir en un país donde los funcionarios que abusen del poder y roben al Estado, respondan apropiadamente por sus delitos”, expresó en un comunicado.;vivir;v;0;VERB;acl;1;1;0
"Aunque la sentencia es firmada por los cinco magistrados de la Sala  Cáder Camilot presentó un voto ""parcialmente en contra"".";cinco;m;0;NUM;nummod;1;0;0
El edil también verificó la etapa final del montaje de estructuras metálicas que se están habilitando para mejorar las condiciones de al menos 140 vendedores informales, ubicados en la segunda calle oriente, a un costado de la Biblioteca Nacional, quienes se sumaron al plan de reordenamiento en junio pasado.;calle;f;0;NOUN;obl;1;1;0
Asimismo, la legisladora del partido de izquierda también hizo el llamado a la dirigencia del FMLN a investigar esta denuncia porque se debe esclarecer a la militancia “por el bien de la entidad política”.;dirigencia;f;0;NOUN;obj;1;1;0
Por su parte, Yanira de Herrera, esposa de “El Burro” Herrera, aclaró que no están en contra de las medidas extraordinarias que les aplican a los pandilleros.;contra;f;0;NOUN;fixed;1;1;0
A partir del 22 de julio del presente año, los camiones particulares de pasaje con ruta Las Tunas-Manatí han subido sus tarifas de $5.00 a $10.00.;año;m;0;NOUN;nmod;1;1;1
Rusia amplió sus objetivos militares en Ucrania el domingo con ataques a una base militar cerca de la frontera con Polonia, mientras Kiev informó de que más de 2.000 civiles murieron en una de sus ciudades sitiadas.;base;f;0;NOUN;nmod;1;1;0
Inmediatamente, le manifestaron que su jornada diaria iba terminar a las 4:00 de la tarde y que además, en el local se vendían cervezas, pero que le llamó la atención ver a otras menores en diferentes cuartos a los que no se le permitía ingresar.;terminar;v;0;VERB;xcomp;1;1;0
Si no hay mejora en el tratamiento a los médicos en formación, ¿cómo se puede pretender que los pacientes reciban mejor atención con médicos maltratados, humillados, agotados por turnos y afrontando la depresión causada por esa realidad que tarde o temprano afecta a toda la sociedad?;depresión;f;0;NOUN;obj;1;1;0
El director de la Policía Nacional Civil (PNC), Howard Cotto, afirmó que el arma con que fue asesinado el líder del PCN, Ramón Kury, no fue entregada a un comisionado de la corporación policial, como expuso la Fiscalía General de la República en la audiencia inicial.;ramón;m;0;PROPN;appos;1;1;0
Citó como ejemplo que después de tres años  de un cuerpo estar bajo tierra, se quiera verificar un tatuaje, si los restos, ya ni siquiera tienen piel.;estar;v;0;AUX;cop;1;0;0
Por su parte, Simeduco destacó que han recibido reportes de seis maestros enfermos por el virus del SARS-CoV-2 en la institución, y entre tres y cinco sospechosos de la enfermedad.;cinco;m;0;NUM;conj;1;0;0
La Policía confirmó que en la vivienda encontraron manchas de sangre y varios casquillos de bala.;bala;f;0;NOUN;nmod;1;1;0
La Sala declaró   para obtener una autorización para suscribir un préstamo que financiaría la fase III del Plan de Control Territorial del Ejecutivo.;plan;m;0;PROPN;nmod;1;1;0
Además, especificó que la donación cuenta con más de 10,000 productos: hidrolavadoras, motobombas, tanques de captación, mangueras, botas y trajes impermeables para labores de limpieza, lavamanos y basureros portátiles, amonio cuaternario, alcohol gel y canopys.;lavamanos;m;1;NOUN;conj;1;1;1
El catedrático universitario, Miguel Ángel Serrano Melgar, deberá realizar un año y medio de trabajos de utilidad pública por violar orden de restricción de acercamiento a una ex alumna, con quien sostuvo una relación amorosa.;orden;f;0;NOUN;obj;1;1;0
"Ambos declararon en el juicio y en su testimonio manifestaron que los tres imputados fueron los que dispararon en su contra e hirieron de bala a Carranza y “Clave Ramón”; el primero murió a raíz de los impactos de bala recibidos.";ramón;m;0;PROPN;flat;1;1;0
Sin embargo, con el financiamiento y la ejecución estamos hablando de no menos de año o dos años para terminar y poderlo tener”, explicó Ayala.;terminar;v;0;VERB;acl;1;1;0
Cambiar de ubicación las terminales de oriente y occidente, reubicar el mercado La Tiendona y construir una terminal de carga en la parte norte del Área Metropolitana de San Salvador (AMSS) son algunas de las sugerencias de la consultora Tahal en un estudio realizado en 1995.;reubicar;v;1;VERB;advcl;1;1;1
La Fiscalía General de la República (FGR) realizó un operativo de captura contra los tres sujetos en los municipios de San Miguel, Usulután y Ciudad Barrios, todos al oriente del país.;contra;f;0;ADP;case;1;0;0
El alcalde de San Miguel, Miguel Pereira informó a través de su cuenta de Twitter, sobre un nuevo cierre en la carretera del Litoral en el kilómetro 140 aproximadamente, esto ante las inundaciones en la zona producto de las lluvias registradas en las últimas horas.;cierre;m;0;NOUN;obl;1;1;0
En el 2017, el CONAB entregó en uso provisional bienes valorados en más de $5 millones 433 mil dólares a la Corte Suprema, Fiscalía General de la República, Ministerios de la Defensa y Seguridad, además de la Policía Nacional Civil (PNC).;corte;m;0;PROPN;obj;1;1;0
La caída del bitcoin se lleva a su paso a otras criptomonedas como ethereum que ayer tenía una pérdida del 3.6 % en las últimas 24 horas y binance coin reportaba un baja de 2.5 %, mientras que tether se cotizaban en terreno positivo en 0.3 % en el mismo período.;paso;m;0;NOUN;obl;1;1;0
Además, la arena de río incrementó un 51 %, al pasar de costar $19.38 a $29.26, unos $9.88 más por metro cúbico.;pasar;v;0;VERB;advcl;1;1;1
Las lluvias y los vientos también provocaron la caída de varios árboles que dañaron tendidos eléctricos en las islas La Pirraya, San Sebastián y Rancho Viejo, en el municipio de San Dionisio, departamento de Usulután.;viejo;m;0;PROPN;flat;1;1;1
La falta de profesores obligó al surgimiento de aquellos maestros emergentes que si bien tenían muy buena disposición (digna del mayor de los homenajes) les faltaba la experiencia y los conocimientos.;les;pron;1;PRON;obj;1;1;0
Según el director de centros penales, el ataque contra el custodio penitenciario estaría relacionado con el asesinato de la abogada Odilia patricia Recinos, atacada a balazos cuando se bajaba de un vehículo nacional en el municipio de Sonzacate.;contra;f;0;ADP;case;1;0;0
"""Si en esto no empujamos todos con ese sentido humano, si en esto no empujamos todos, no salimos; nosotros, la empresa privada, las municipalidades, los países amigos, representantes internacionales y la gente, la comunidad, la Asamblea Legislativa ojalá algún día, pero todos empujando bajo lo mismo"", sostuvo.";comunidad;f;0;NOUN;appos;1;1;0
De acuerdo con la denuncia, les están aplicando las mismas medidas extraordinarias a las cuales están sometidos los pandilleros de siete penales para evitar que sigan ordenando homicidios y extorsiones.;siete;m;0;NUM;nummod;1;0;0
Los sindicalistas exhortaron a los diputados a mejorar la inversión en educación, de no hacérselo dijeron que podrían boicotear el inicio del año escolar 2018.;año;m;0;NOUN;nmod;1;1;0
Un cabo del Ejército salvadoreño fue asesinado en horas de la tarde de este sábado, reportó la Fiscalía General de la República (FGR).;cabo;m;0;NOUN;nsubj;1;1;0
Los policías detenidos estaban asignados a la referida delegación pero ejercían sus funciones en dos subdelegaciones de la zona oriente de la capital, según confirmó la Fiscalía General de la República.;zona;f;0;NOUN;nmod;1;1;0
En el escrito le piden al juez del caso que “someta la resolución final a los castigos y correcciones que sean proporcionales y acordes” al daño.;daño;m;0;NOUN;obj;1;1;0
"Cuando llegó a la dirección se percató que se trataba de un carwash, en donde la atendieron y le pidieron que ingresara; la primera pregunta que le hicieron fue si era policía, pero ella respondió que no y que necesitaba el trabajo.";trabajo;m;0;NOUN;obj;1;1;0
"El 8 de abril, la Asociación de Pediatría de El Salvador alertó del aumento de los casos de paperas, a través de un comunicado, y llamó a los padres de familia a prevenir la enfermedad con la aplicación de la vacuna triple viral Sarampión, Rubéola y Paperas (SPR, por sus siglas en inglés); sin embargo, al ser cuestionado por la situación, el entonces viceministro de salud, Julio Robles Ticas, dijo que la situación no era alarmante.";ser;m;0;AUX;aux;1;0;0
La Asamblea Legislativa se ve superada, nuevamente, por el mandato constitucional que le encomienda la delicada tarea de elegir a tiempo un Procurador para la Defensa de los Derechos Humanos.;encomienda;f;0;VERB;acl;1;0;0
Un doble homicidio se ha reportado este viernes en el caserío Los Trejos, colonia María Auxiliadora, cantón Primavera, Santa Ana, informó la Fiscalía General de la República (FGR).;colonia;f;0;NOUN;appos;1;1;0
Durante el primer semestre, el turismo proveniente de la nación norteamericana aumentó un 46.4 % al alcanzar los 424,488 viajeros, unos 134,673 más en comparación al mismo período del año pasado.;alcanzar;v;0;VERB;advcl;1;1;0
Ha sido decretada solo en la zona del volcán Chaparrastique, departamento de San Miguel.;zona;f;0;NOUN;obl;1;1;1
El ministerio también ha revelado que hay afectación grave en los municipios de Santa Tecla, Ilopango, Mejicanos, la zona sur de San Salvador, Ciudad Barrios, Nuevo Edén de San Juan y San Antonio (San Miguel).;zona;f;0;NOUN;appos;1;1;0
Sobre los 50 minutos el encuentro se detuvo porque un individuo con una bandera arcoíris y una camiseta con un mensaje a favor de las mujeres iraníes y en contra de la invasión rusa en Ucrania invadió el campo de juego, constataron periodistas de la AFP.;sobre;m;0;ADP;case;1;0;0
Según Cotto, a partir de estas indagaciones decidieron el pasado jueves 22 de febrero, custodiar el cementerio de San Francisco Javier e informar a la Fiscalía sobre los nuevos hallazgos.;partir;v;0;NOUN;fixed;1;0;0
Hace ya cerca de cinco meses, trabajadores de la empresa del gas acometieron una labor encaminada a la necesaria rehabilitación de las redes en la calle 4, desde las esquinas de Línea hasta 17 en El Vedado.;calle;f;1;NOUN;nmod;1;1;1
"Soy ingeniero eléctrico graduado en el año 1972, y no he dejado de trabajar ni un solo día en labores siempre acordes con mi profesión, en las áreas de montaje de maquinarias de la construcción, mantenimiento industrial y proyectos eléctricos muy diversos; actividades estas en las que dirigí personal durante 12 años consecutivos.";mantenimiento;m;1;NOUN;appos;1;1;0
Durante el evento, la subdirectora del INS, Xochitl Sandoval, consideró que hace falta infraestructura, un presupuesto destinado para trasplante renal “y un programa que vigile desde el punto de vista ético, legal y médico, así como un cuadro de insumos y medicamentos que son básicos y  de alto costo” para realizar trasplantes en el país.;evento;m;1;NOUN;obl;1;1;0
El animal tenía quemaduras en la mitad de su hocico, en parte de su pelaje, en una oreja, en el contorno de sus ojos y en sus plantares.;animal;m;0;NOUN;nsubj;1;1;0
Del otro lado, la expectativa de la defensa es “positiva”, afirmó Chacón, tras estimar que la defensa ha aportado todos los elementos de prueba de descargo y “consideramos que el resultado para nosotros va a demostrar las imputaciones hechas no son ciertas”.;defensa;f;0;NOUN;nmod;1;1;0
El catedrático universitario, Miguel Ángel Serrano Melgar, deberá realizar un año y medio de trabajos de utilidad pública por violar orden de restricción de acercamiento a una ex alumna, con quien sostuvo una relación amorosa.;año;m;0;NOUN;obl;1;1;0
Un cardenal de la Iglesia Católica es un enorme honor pero también un enorme compromiso hasta de derramar la sangre por la fe y el hasta ayer obispo auxiliar sabe de ese compromiso desde sus días al lado del obispo mártir, Monseñor Óscar Arnulfo Romero.;compromiso;m;0;NOUN;nsubj;1;1;0
Aunque podría estar vinculado a los ataques de las organizaciones criminales contra parientes de policías y militares.;estar;v;0;AUX;aux;1;0;0
Al presentar la solicitud del proceso penal, la representación fiscal pidió que se le ordene prisión por ser un delito grave y por existir suficientes indicios sobre la participación que supuestamente tuvo en la agresión contra tres empleados de la alcaldía de esa localidad.;sobre;m;0;ADP;case;1;0;0
El proceso de licitación pública cuestionado es el LP-01/TSE/PEE-2018 “Suministro de papeletas de votación para ser utilizadas en la elección de diputados y diputadas a la Asamblea Legislativa e Integrantes de los Concejos Municipales durante el evento electoral 2018”.;evento;m;0;NOUN;obl;1;1;0
Aunque Pignato ha sido acusada, el Ministerio Público no ha girado orden de captura en su contra.;contra;f;0;NOUN;obl;1;1;0
Dijo, además , que están trabajando en la reparación de fugas de agua que anualmente deja pérdidas de $128 millones.;agua;f;0;NOUN;nmod;1;1;0
En países donde se está ganando la batalla del coronavirus como Alemania, Taiwán o Corea del Sur, a ningún político responsable se le ocurre tomar medidas antojadizas sin escuchar a los especialistas.;tomar;v;0;VERB;csubj;1;1;0
Al desacelerar la ejecución de infraestructura, hubo una menor demanda de grava, cemento y arena.;cemento;m;0;NOUN;conj;1;1;0
"""El régimen de prueba de cargo que se tiene son bastantes contundentes, nos estamos basando prácticamente a nivel de prueba pericial, prueba testimoniales, así como también hay prueba documental que puede aportar y puede venir a fortalecer la acusación que Fiscalía está presentando contra el imputado en la cual se puede demostrar de manera contundente que él ha participado directamente en el homicidio tanto de la madre como del no nacido"", dijo el fiscal del caso.";manera;f;0;NOUN;obl;1;1;0
Añadió que hasta el momento, “estamos haciendo dos esfuerzos paralelos, de igual manera estamos avanzando a un puente provisional, metálico, con fondos Fopromil que fueron aprobados el viernes de la semana pasada y, de igual manera, ya montamos a un equipo para el puente definitivo que ese nos lleva mucho más tiempo, pero estamos trabajando en tres equipos.;tres;m;0;NUM;nummod;1;0;0
Los diputados de Nuevas Ideas y sus aliados tampoco hicieron preguntas sobre dudas específicas en torno al proyecto de presupuesto presentado por Turismo.;sobre;m;0;ADP;case;1;0;0
La expansión mundial de la Mara Salvatrucha (MS-13)  no es una casualidad ya que la cúpula de esta estructura diseñó una estrategia para tener designados en países clave del continente americano y Europa.;clave;f;0;NOUN;nmod;1;1;0
En su denuncia, la menor de edad dice que viajó a San Salvador para encontrar un trabajo y que en el camino observó un rótulo en el que se leía:“Se necesitan jóvenes humildes para lavar trastos y limpieza”.;limpieza;f;0;NOUN;conj;1;1;0
Además, comunicaron que cuando se presenten lluvias, cerrarán la carretera y que la población deberán buscar vías alternas.;buscar;v;0;VERB;conj;1;1;0
Dijo que el testigo con clave “Hitler”, un supuesto pandillero que aseguraba haber participado en los casos y que delató a sus compinches, no pudo precisar el lugar, hora, día, tipo de arma, características de los vestuarios que llevaban las víctimas a la hora que fueron asesinadas, ni otras particularidades.;clave;f;0;NOUN;nmod;1;1;0
"El fin de semana se conoció que el exsecretario fue dado de alta del hospital Policlínico del Instituto Salvadoreño del Seguro Social (ISSS) en Planes de Renderos, en donde se recuperaba, y fue trasladado al Centro Penal La Esperanza, conocido como ""Mariona""; la dirección de Centros Penales dijo que se encuentra estable, pero padece de depresión severa.";centro;m;0;PROPN;obl;1;1;0
En este caso, el pick up gris es en el que se transporta carga, escaleras, rollos de alambre y otros implementos que las compañías instaladoras del sistema eléctrico utilizan para realizar sus trabajos.;realizar;v;0;VERB;advcl;1;1;1
Para llevar a cabo esta investigación, se realizó un análisis de diversas aplicaciones populares destinadas a la realización de reuniones virtuales, presentes en los principales sistemas operativos, como  Lo hicieron con el objetivo de determinar hasta qué punto podían recopilar información de los usuarios a pesar de haber muteado el sistema y desactivado el micrófono de las aplicaciones.;llevar;v;0;VERB;advcl;1;1;0
, reconoció durante una entrevista en el programa La Tribu.;programa;m;0;NOUN;nmod;1;1;0
En junio pasado, 130 puntos de venta establecidos en los alrededores del ex cine Libertad, en la sexta avenida sur, entre la cuarta y la sexta calle poniente, liberaron de forma voluntaria dichas arteria y aceptaron ser ubicados cerca de la zona, con el fin de generar mayor flujo vehicular en este punto que conecta hacia la plaza Libertad.;cuarta;f;0;ADJ;amod;1;0;1
El director del Cuerpo de Bomberos en El Salvador, Edwin Chavarría, aseguró que en unas 48 horas se publicará el informe oficial  sobre el origen del incendio en el Mercado San Miguelito, de San Salvador, que consumió más del 60 % de la infraestructura el pasado 22 de septiembre.;sobre;m;0;ADP;case;1;0;0
En contra de los agentes tienen información que los incrimina en esa actividad ilícita, razón por la cual pedirán que sigan en detención provisional al momento de ponerlos a la orden de un juzgado de la zona.;zona;f;0;NOUN;nmod;1;1;0
Así, cuando el concentrado (alimento para las vacas), los insumos agrícolas y el combustible subieron, los costos para los ganaderos se volvieron insostenibles y varios decidieron vender sus bovinos.;vender;v;0;VERB;xcomp;1;1;0
La Asamblea Legislativa aprueba hoy una reforma presupuestaria que permitirá la inyección de $5 millones al Banco de Fomento Agropecuario (BFA) y reforzar el Fideicomiso del Sector Agropecuario (Fideagro).;banco;m;0;PROPN;nmod;1;1;0
En este caso, el pick up gris es en el que se transporta carga, escaleras, rollos de alambre y otros implementos que las compañías instaladoras del sistema eléctrico utilizan para realizar sus trabajos.;carga;f;0;NOUN;nsubj;1;1;1
El ministro Zelaya afirmó que el aviso a la Fiscalía contra el presidente de la Corte de Cuentas es por el delito de r  que es sancionado con una pena de  Zelaya afirmó que dio ocho días para que la Corte de Cuentas le enviara la notificación preliminar de auditoría a Hacienda pero no lo hizo.;corte;m;0;PROPN;nmod;1;1;0
"Según reportes de la PNC una patrulla del sistema 911 ""intervino un vehículo sospechoso en la entrada de la Urbanización Popotlán del referido municipio, capturando en flagrancia a tres pandilleros con armas de fuego, uniformados simulando ser policías"".";entrada;f;0;NOUN;obl;1;1;0
En el Juzgado Tercero de Paz de Soyapango fue acusado ayer, Santos Florentín Serrano Magarín, de 47 años, empleado del Cuerpo de Agentes Municipales (CAM) de Soyapango a quien la Fiscalía General de la República le atribuye el delito de homicidio tentado en perjuicio de tres personas.;serrano;m;0;PROPN;flat;1;1;0
La mujer fue capturada en flagrancia en su casa, ubicada en colonia Divina Providencia, donde le fueron encontradas cinco escopetas.;casa;f;0;NOUN;obl;1;1;0
Además, el pasado sábado 29 de septiembre la Unidad de Administración de Justicia en Santa Ana presentó al Juzgado Segundo de Paz, del mismo municipio, una nueva acusación contra una mujer policía –que no fue capturada la semana anterior– y dos de los agentes arrestados.;contra;f;0;ADP;case;1;0;0
También, hay afectación moderada en 22 municipios: Guaymango, Jujutla, Coatepeque, Santa Ana, Sonzacate, La Palma, Nueva Concepción, Antiguo Cuscatlán, Quezaltepeque, Apopa, Cuscatancingo, San Marcos, Soyapango, Cojutepeque, Zacatecoluca, San Luis La Herradura, San Sebastián, Jucuapa, San Francisco Gotera, El Carmen (La Unión), Santa Rosa de Lima.;herradura;f;0;PROPN;flat;1;1;1
Entre los lugares donde la policía hizo inspecciones figuran el establecimiento denominado Tío Sam, el Galaxy y otros ubicados sobre la 29 calle poniente de esta San Salvador.;calle;f;0;NOUN;obl;1;1;0
Cristóbal marca un nuevo récord desde que se comenzó a llevar registros en 1851.;llevar;v;0;VERB;xcomp;1;1;0
La Fiscalía General de la República (FGR) realizó un operativo de captura contra los tres sujetos en los municipios de San Miguel, Usulután y Ciudad Barrios, todos al oriente del país.;tres;m;0;NUM;nummod;1;0;0
"[caption id=""attachment_616890"" align=""aligncenter"" width=""627""]  Madre e hijo fueron asesinados en su vivienda en horas de la madrugada.";madre;f;0;PROPN;flat;1;1;0
A partir del próximo año, los estudiantes tienen dos nuevas opciones para el bachillerato, se trata de agronegocios y serviempresas que será impartido en Ahuachapán, Sonsonate, La Libertad, San Salvador La Paz, Usulután, San Miguel y La Unión.;partir;v;0;NOUN;fixed;1;0;1
Los gobiernos necesitan los impuestos de esas actividades económicas para atender las necesidades de la sociedad y las provocadas por la pandemia.;atender;v;0;VERB;advcl;1;1;0
Según la Comisión Evaluadora, la licitación debe buscar la oferta más ventajosa a los intereses estatales y el bien común y ello no significa que la oferta más barata sea “necesariamente la seleccionada”, pues debe haber requisitos técnicos y financieros, citando una sentencia de la Sala de lo Contencioso Administrativo 57-2009 del 2 de diciembre de 2016.;buscar;v;0;VERB;ROOT;1;1;0
“En los programas y cursos del Instituto Municipal de la Juventud, en un año hemos beneficiado a cerca de 10 mil jóvenes”, dijo Muyshondt.;año;m;0;NOUN;obl;1;1;0
Las autoridades policiales lo acusan de ser miembro de una estructura delincuencial de la zona y de haber disparado contra un grupo de soldados, los cuales reaccionaron y lo asesinaron.;ser;m;0;AUX;cop;1;0;0
Los trabajos de la instalación de la pasarela iniciaron el 12 de junio, para conectar la torre principal del hospital Bloom, con el anexo.;conectar;v;0;VERB;advcl;1;1;1
Las bases del propio partido han demostrado, con su rechazo a elegir a reconocidos dirigentes como diputados, que no están contentos con su dirección.;partido;m;0;NOUN;nmod;1;1;0
Según la policía, el muerto habría sacado un arma de fuego, donde se habría originado el tiroteo.;tiroteo;m;0;NOUN;nsubj;1;1;0
Mucho, y con mucho tino, se ha escrito por cinco años en esta Sección, sobre indisciplinas, pérdida de valores y la necesidad de restablecer la primera y rescatar los segundos, y por lógica, y con más fuerza, ambos temas serán recurrentes en el futuro.;cinco;m;0;NUM;nummod;1;0;0
"La Fiscalía General de la República (FGR) también practicó los reconocimientos de los cadáveres de Julio César N., un supuesto pandillero, ocurrido en la colonia Guadalupe de San Julián, Sonsonate; y otro crimen, en el cantón Cujuapa de  Armenia.";colonia;f;0;NOUN;obl;1;1;0
Lima sospecha que la misma estructura criminal que le dio muerte a la abogada, también participó en el crimen contra el custodio Carpio Rosales, ayer en la mañana.;lima;f;0;PROPN;nsubj;1;1;0
“Estamos transformando no solo la visión del país, estamos repotenciando zonas que estuvieron olvidadas, La Unión se va a convertir en un pilar muy importante del turismo y la generación de empleos”, expresó el diputado Soriano.;visión;f;0;NOUN;obj;1;1;0
"El ministro de Gobernación, Mario Durán dijo que prevén esta situación debido a la condición que se encuentran los suelos por la acumulación de lluvia, por lo que insistió que la ""situación puede ser incluso más caótica"".";situación;f;1;NOUN;obj;1;1;0
El Río Grande de San Miguel se desbordó y afectó a las colonias como: Jardines del Río, Jardines del Volcán, Colonia Carrillo, calle Elizabeth, Colonia San Pablo caserío Altamiz, además de inundación de la carretera del Litoral, zona de Santa Fidelia y La Canoa.;colonia;f;1;PROPN;conj;1;1;1
Al finalizar la audiencia preliminar, el juez resolvió que fueran enviados a juicio, solo por trata de personas: Yeni Magali Ávalos Contreras, Yuri Elizabeth Landaverde, Nelson Jonathan Pérez Moreira, y Gladys Elizabeth Hernández, por los dos ilícitos en perjuicio de la víctima con clave “Cristal”.;clave;f;0;NOUN;nmod;1;1;0
Según el alcalde, vendedores se trasladarán a los mercados municipales Dueñas y Central.;central;m;0;PROPN;conj;1;1;0
El diputado Dennis Salinas, de Nuevas Ideas, estuvo presente a la conferencia de prensa.;prensa;f;0;NOUN;nmod;1;1;0
Mientras tanto miles de salvadoreños están llegando a los bancos a reclamar su bono, muchos de ellos incluso desconociendo si son candidatos para recibir el beneficio continúan realizando largas filas.;recibir;v;0;VERB;acl;1;1;0
"Conjugan perfectamente uno al lado del otro, en una armonía que sensibiliza y moviliza a los buenos cubanos hacia una voluntad a la que hemos sido llamados; se han escrito bajo una inteligente reflexión y ya lo dijo el Apóstol ""pensar es servir"".";bajo;m;0;ADP;case;1;0;0
Además dijo que   y por ley de la Corte de Cuenta   y ¿cómo fue que supo todo lo que dijo?, también recordó a Anzora que él  es magistrado de la Cámara de Segunda Instancia, que es  , y por sus declaraciones  Cuando termina el proceso en una de las siete direcciones de auditoría de la Corte de Cuenta pasa a la Cámara de Primera Instancia donde los jueces de cuentas emiten una resolución y posteriormente, el aludido, si no está de acuerdo puede llegar a ejercer su defensa a la Cámara de Segunda Instancia compuesta por tres magistrados y él es uno de ellos.;siete;m;0;NUM;nummod;1;0;0
El conductor fue detenido y los tres agentes fueron trasladados a un centro asistencial.;centro;m;0;NOUN;obl;1;1;0
Lima sospecha que la misma estructura criminal que le dio muerte a la abogada, también participó en el crimen contra el custodio Carpio Rosales, ayer en la mañana.;contra;f;0;ADP;case;1;0;0
De allí la incapacidad de los diputados para alcanzar acuerdos con base al interés común, de contar con un Procurador independiente de cualquier instituto político, y comprometido con una cultura de los derechos humanos que tanta falta hace en el país.;base;f;0;NOUN;nmod;1;1;0
"La llegada de la ayuda es clave, ya que en la ciudad ""el sufrimiento humano es inmenso"", denunció el Comité Internacional de la Cruz Roja, que advirtió del ""peor escenario"".";roja;f;0;PROPN;flat;1;1;0
La radio será la plataforma con la que el Ministerio de Educación (Mined) buscará r  y también ante la carencia de acceso a internet.;plataforma;f;0;NOUN;ROOT;1;1;0
En cambio, el volumen importado aumentó un 11.8 %, al pasar de los 138 millones de kilogramos a 154.3 millones para abril de 2022.;volumen;m;0;NOUN;nsubj;1;1;0
Este suceso se produce en un contexto de fuertes críticas a Catar, organizador del Mundial, por el incumplimiento de derechos fundamentales, sobre todo en relación con el colectivo LGBT+, en un país en el que la homosexualidad está perseguida judicialmente.;sobre;m;0;ADP;advmod;1;0;0
La ley también creaba el Consejo para la Enseñanza y Aprendizaje Académico de las prácticas clínicas, regulado por el Ministerio de Salud, Educación, Universidades, Consejo Superior de Salud Pública, Junta de Vigilancia de la Profesión Médica, Comando de Sanidad Militar, Instituto Salvadoreño del Seguro Social y el Instituto Salvadoreño de Rehabilitación de Inválidos.;social;m/f;0;PROPN;flat;1;1;0
En el proceso penal iniciado contra más de 500 capturados, el pasado 15 de febrero, como parte de la Operación Cuscatlán, el testigo criteriado “Noé” reveló hechos y planes de la MS-13 para fortalecerse y contrarrestar  los planes gubernamentales.;contra;f;0;ADP;case;1;0;0
La víctima tenía seis años de haber llegado a residir a esa zona.;zona;f;0;NOUN;obl;1;1;0
En junio pasado, 130 puntos de venta establecidos en los alrededores del ex cine Libertad, en la sexta avenida sur, entre la cuarta y la sexta calle poniente, liberaron de forma voluntaria dichas arteria y aceptaron ser ubicados cerca de la zona, con el fin de generar mayor flujo vehicular en este punto que conecta hacia la plaza Libertad.;calle;f;0;NOUN;conj;1;1;1
Esta llegó a los 32, cuando Rodrigo Bentancur tomó un balón en su campo, salió despedido hacia el área lusa, dejó a dos rivales por el camino en la media luna y el portero Diogo Costa le achicó y le tapó el remate.;media;f;0;NUM;nummod;1;0;0
La magistrada aseguró que por el momento se encuentran en pláticas con la Dirección de Organización Electoral (DOE) y Dirección de Registro Electoral.;registro;m;0;PROPN;flat;1;1;0
Esa suma millonaria fue trasladada a cuentas de particulares en el Banco Hipotecario a nombre de Francisco Rodríguez Arteaga, exgerente financiero de Casa Presidencial, y Pablo Gómez, excontador institucional, “quienes aparentemente movieron ese dinero a través de cheques bajo una completa violación a la normativa administrativa que establece la forma y el manejo de los fondos públicos”, explicó el fiscal De esa manera se lavó el dinero, haciendo uso del sistema financiero, de prestanombres o testaferros que sirvieron para encubrir el origen ilícito, el uso de empresas, la simulación de contratos para tratar de dar una apariencia que el dinero era procedente de un contrato o una relación contractual, lo cual no era cierto, explicó uno de los fiscales.;casa;f;0;PROPN;nmod;1;1;0
En los cinco días de vacaciones se han realizado 3,923 pruebas de alcotest.;cinco;m;0;NUM;nummod;1;0;0
El nefrólogo mexicano Raúl Borrego Gaxiola recomendó crear una base de datos genéticos para aplicar la ley de trasplante.;base;f;0;NOUN;obj;1;1;0
“Por responsabilidad debemos hacer un análisis, darle más tiempo a esto, estamos hablando de tomar en cuenta lo que han establecido como un indulto para poder determinar si las personas van a salir y van a incursionar en la sociedad, debemos estar un poco más seguro de lo que vamos a hacer, creo que debemos hacer un análisis más profundo, responsablemente”, afirmó en esa reunión en la cual la Comisión no rechazó los indultos aprobados por la CSJ.;incursionar;v;1;VERB;conj;1;1;0
La víctima, identificada como Denys Alexis Reyes Chávez, se encontraba de licencia en su casa de habitación, ubicada en el Cantón Piedras Pachas, El Tránsito, San Miguel.;casa;f;0;NOUN;obl;1;1;0
Muyshondt presentó ayer el informe de su primer año de gestión y aseguró que ha realizado “13,527 acciones en beneficio de nuestra gente y 2,800 pequeñas y grandes obras que han mejorado la vida de todos nuestros habitantes y visitantes.;año;m;0;NOUN;nmod;1;1;0
"El 8 de abril, la Asociación de Pediatría de El Salvador alertó del aumento de los casos de paperas, a través de un comunicado, y llamó a los padres de familia a prevenir la enfermedad con la aplicación de la vacuna triple viral Sarampión, Rubéola y Paperas (SPR, por sus siglas en inglés); sin embargo, al ser cuestionado por la situación, el entonces viceministro de salud, Julio Robles Ticas, dijo que la situación no era alarmante.";situación;f;0;NOUN;obj;1;1;0
Preocupa entonces el interés de manipular esta elección para que esos requisitos se hagan de lado y se prefiera a futuros magistrados obedientes a la partidocracia y sin los méritos suficientes para ocupar tan altos cargos.;ocupar;v;0;VERB;acl;1;1;0
El tamaño del Gobierno Central crece en $46.9 millones la planilla salarial y $49.4 millones más en remuneraciones.;planilla;f;0;NOUN;obj;1;1;0
Cinco minutos más tarde el lateral Nuno Mendes, que había estado en duda por una dolencia, cayó sólo al piso y pidió el cambio.;piso;m;0;NOUN;nmod;1;1;0
Al darse a conocer el hecho, los Funes quedan inhabilitados para ejercer cualquier cargo público por un período de diez años y deberán devolver el dinero obtenido por el enriquecimiento ilícito.;diez;m;0;NUM;nummod;1;0;0
Las autoridades arrestaron la noche de este miércoles a tres presuntos miembros de pandilla, quienes delinquían en una de las paradas de buses de la colonia Popotlán, en Apopa, vestidos como agentes de la Policía Nacional Civil (PNC).;tres;m;0;NUM;nummod;1;0;0
Eso significa que   lo que plantea problemas de privacidad.;privacidad;f;0;NOUN;nmod;1;1;0
Ayer mismo, el gobierno confirmó que recibió a dos jóvenes provenientes de Beijing, China, por quienes se activaron los protocolos de emergencia para ponerlos en cuarentena y descartar que son portadores del coronavirus.;china;f;0;PROPN;conj;1;1;0
Voces de la sociedad civil han demandado en los últimos días transparencia en las compras estatales durante la emergencia, un pedido que expresa una preocupación general de los salvadoreños por el uso correcto de fondos en estos tiempos tan díficiles.;emergencia;f;0;NOUN;obl;1;1;0
Al grupo, la PNC reporta que les incautó tres escopetas, tres revólveres, un chaleco antibalas, gorros pasamontañas y munición.;les;pron;1;PRON;obj;1;1;0
Dicho problema es más grave en la zona rural del país, asegura Rovira.;rural;f;0;ADJ;amod;1;0;0
Aunque Pignato ha sido acusada, el Ministerio Público no ha girado orden de captura en su contra.;orden;f;0;NOUN;obj;1;1;0
El Fiscal también explicó que Élmer Charlaix será el único de los imputados cuyos bienes serán perseguidos a través de la vía civil y no por extinción de dominio porque existe una condena en su contra por enriquecimiento ilícito y la Sala de lo Constitucional prohibió la doble persecusión.;contra;f;0;NOUN;nmod;1;1;0
Desde el presidente de los Estados Unidos hasta varios alcaldes de municipios grandes y pequeños de El Salvador han hecho el ridículo con anuncios antojadizos en tiempos de pandemia, sin tomar en cuenta las recomendaciones de los médicos o de los científicos.;tomar;v;0;VERB;advcl;1;1;0
lo que es atribuido por el gobierno a un plan de seguridad que se impulsa, informó este sábado la policía.;plan;m;0;NOUN;obj;1;1;0
“Los diabéticos tienen una letalidad de cinco, los hipertensos de cuatro, la enfermedad renal tiene una letalidad de 12, es altísima la muerte por enfermedad renal y sobre todo prematura”, explicó.;cinco;m;0;NUM;nummod;1;0;0
Además está vinculado al delito de lavado de dinero por el que fue condenado a cinco años y 22 por secuestro.;lavado;m;0;ADJ;nmod;1;0;0
"En una conversación en línea con el rapero puertorriqueño, René Pérez Joglar, ""Residente"", el presidente de la República de El Salvador, Nayib Bukele, dijo que su gobierno planea graduar a los médicos y enfermeras que están en sus últimos años de estudios.";línea;f;0;NOUN;nmod;1;1;0
El Juzgado Especializado de Sentencia “A”, de San Salvador, absolvió a 32 pandilleros de la Mara Salvatrucha de la colonia Vista al Lago, en Ilopango, acusados de 22 homicidios, entre ellos, de cuatro soldados que fueron desaparecidos, asesinados y enterrados en un cementerio clandestino del lugar, en 2016.;colonia;f;0;NOUN;nmod;1;1;0
Estados Unidos aún es el país que más aporta visitantes a El Salvador, sin embargo, la dinamización de los turistas de este país están lejos del crecimiento hondureño.;crecimiento;m;0;NOUN;obl;1;1;0
Los magistrados trabajarán un nuevo programa de género del Plan General de Elecciones (Plagel).;programa;m;0;NOUN;obj;1;1;0
"Etienne, señaló que el 2021 “ha sido peor que el año pasado"" en cuanto al desarrollo del covid-19: en diversos países de las Américas, las infecciones se encuentran al alza.";alza;f;0;NOUN;obl;1;1;0
El megaproyecto cuenta con 19 motores de combustión interna a base de gas natural, una turbina de vapor de 28 megavatios y una infraestructura para GLN que incluye la terminal flotante de almacenamiento y regasificación (FSRU por sus siglas en inglés) BW Tatiana.;base;f;0;NOUN;fixed;1;1;1
En total son siete médicos especialistas en salud pública, infectólogo y epidemiólogos, quienes estarán a cargo de una plataforma digital, que según el presidente del Colegio Médico, Milton Brizuela, el objetivo es aportar al combate de la pandemia, desde el fundamento científico.;plataforma;f;0;NOUN;acl;1;1;0
Los cubanos tenemos fama en todo el mundo de ser un pueblo educado, respetuoso, alegre y con un alto nivel de instrucción.;ser;m;0;AUX;cop;1;0;0
El Tribunal Supremo Electoral (TSE) no ha publicado información pública que debe divulgar de manera oficiosa, relacionada a las contrataciones que realiza, las adquisiciones, sus actas de reunión y los acuerdos tomados por el pleno.;manera;f;0;NOUN;obl;1;1;0
Las compras de implementos e insumos para el sector de farmacéutica incluso es menor que hace un año, en abril del 2021 se importaron 37.2 millones de kilogramos, por $103.6 millones, una disminución del 10.5 % en volumen y 12.3 % en el dinero de inversión.;año;m;0;NOUN;obj;1;1;0
La víctima les reclamó que ese no era el trato pactado, entonces llegaron otras mujeres para someterla y amarrarla, al mismo tiempo tomaron un algodón y lo mojaron con un líquido, luego lo envolvieron con una gaza y se lo introdujeron en sus genitales, diciéndole que era para que no tuviera problemas cuando tuviera relaciones sexuales.;les;pron;0;PRON;iobj;1;1;0
“En el 2014, solo de enfermedad renal terminal, teníamos más de 3, 600 (pacientes) y eso es porque simple y sencillamente no hay más camas para atender a pacientes, muchos de ellos mueren por no tener tratamiento”, dijo.;atender;v;0;VERB;advcl;1;1;0
La Fiscalía General de la República (FGR) decomisó este miércoles, 25 propiedades y dos productos financieros a nombre del expresidente de la Asamblea Legislativa, Sigfrido Reyes, y otros acusados vinculados a una red de lavado de dinero.;lavado;m;0;ADJ;amod;1;0;0
Asimismo sugería reubicar la terminal de oriente en las cercanías de Apopa o en la parte oriente de Soyapango (donde se encuentra actualmente Plaza Amanecer), de igual forma recomendaba mover la terminal de occidente a Ciudad Merliot,  reubicar el mercado La Tiendona en la carretera Quezaltepeque- Apopa y construir una terminal de carga en la parte norte del AMSS.;reubicar;v;1;VERB;xcomp;1;1;1
El caos que se apoderó el lunes de las agencias bancarias y del Centro de Atención por Demanda (CENADE) para conocer si era candidato a recibir el bono se disolvió ayer.;recibir;v;0;VERB;acl;1;1;0
“Yo tengo que calificar a mi proveedor de materia prima, no solo puedo comprar a cualquiera, luego tengo que estabilizar mis productos en base a esa materia prima”, añadió.;base;f;0;NOUN;fixed;1;1;0
Además, otras dos personas resultaron heridas durante el ataque en contra del joven.;contra;f;0;NOUN;fixed;1;1;0
La aplicación tendrá una capacidad para más de tres millones de usuarios, explicó Meléndez.;tres;m;0;NUM;nummod;1;0;0
Pues los esclavistas siempre trataban de mostrar su poder porque así trataban a todos sus subordinados, sirvientes, deudores, prisioneros de guerra”, lo que les permitía abusar de los indígenas de los pueblos de indios, ladinos, mulatos y africanos.;les;pron;0;PRON;iobj;1;1;0
"""Creemos que esta situación ya no puede continuar de esta manera, por eso es que estamos exhortando a los diputados de la Asamblea Legislativa para que este día tomen consciencia de la importancia que significa invertir en educación"", dijo Francisco Zelada.";situación;f;0;NOUN;nsubj;1;1;0
El movimiento Defensa Ciudadana de la Democracia (Decide) pidió al tribunal del caso del expresidente Antonio Saca haga “correcciones proporcionales y acordes al enorme daño ocasionado al país”, al manifestarse contra el proceso abreviado de condena que recibirá el expresidente.;defensa;f;0;PROPN;appos;1;1;0
"El fiscal general Douglas Meléndez denunció el pasado 12 de julio que tanto su persona, como la institución, están siendo víctimas de amenazas y de una conspiración; incluso dijo que “algunos personajes” pagan trolles para desprestigiar el trabajo fiscal, dijo Meléndez.";trabajo;m;0;NOUN;obj;1;1;0
Esta llegó a los 32, cuando Rodrigo Bentancur tomó un balón en su campo, salió despedido hacia el área lusa, dejó a dos rivales por el camino en la media luna y el portero Diogo Costa le achicó y le tapó el remate.;luna;f;0;NOUN;nmod;1;1;0
Además, se espera el cielo se presente de poco a medio nublado y que el cima esté muy cálido durante el día y fresco por la noche y madrugada.;medio;m;0;NOUN;fixed;1;1;0
Pienso que se debería felicitar públicamente a la periodista Leydi Torres Arias no solo por denunciar la violación laboral cometida por ese chofer de Astro, sino también por su valentía al oponerse al infractor hasta darle una solución positiva al atropello que tal violación significó para los pasajeros del ómnibus.;chofer;m;1;NOUN;obj;1;1;0
La Fiscalía General del Estado de Quintana Roo, en la Rivera Maya de México, descartó que este lunes se registrara algún tiroteo en el Aeropuerto Internacional de Cancún, después que las autoridades portuarias evacuaran a cientos de pasajeros.;tiroteo;m;0;NOUN;nsubj;1;1;0
El volante del Tottenham, que a los seis minutos recibió la amarilla de parte del árbitro iraní Alireza Faghani, comandaba la presión sobre la salida portuguesa y los llevaba a jugar para atrás.;presión;f;0;NOUN;obj;1;1;0
En ese hecho ocurrido a principios de enero, en la colonia Escalón, el hijo del militar resultó herido, mientras que su escolta murió.;colonia;f;1;NOUN;obl;1;1;0
"En redes sociales ha circulado que dentro de unos meses el costo por ingresar a la Puerta del Diablo será de $1.50, compartiendo, con esta información, un video del presidente del Istu, José Álvaro Cornejo, en donde indica que hay un proyecto que se puede llevar a cabo en esta zona y que se haría el cobro indicado por llegar a los tres lugares del Complejo; sin embargo, la misma fuente asegura que las declaraciones fueron sacadas de contexto.";cabo;m;0;NOUN;compound;1;1;0
El presente año estaría finalizando con una reducción del 27 % de los homicidios, anunció ayer el ministro de Justicia y Seguridad Pública, Mauricio Ramírez Landaverde, al presentar un informe.;presentar;v;0;VERB;advcl;1;1;0
El llamado de Raúl el 7 de julio para librar la batalla en contra de la indisciplina, pérdida de valores éticos y el irrespeto a las buenas costumbres, entre otros problemas, debe estar dirigido a combatir las causas que han venido provocando tal deterioro del comportamiento de muchos cubanos, inclusive de personas integradas a la Revolución.;llamado;m;1;ADJ;nsubj;1;0;0
Aunque una buena parte de los trabajadores, sobre todo público y municipal, se encuentran en vacaciones desde el sábado pasado mientras que los privados descansan desde este miércoles 13.;sobre;m;0;ADP;advmod;1;0;0
El cierre incluye los tres carriles, sentido norte-sur, es decir, los carriles que conducen desde la Universidad de El Salvador (UES) hacia los centros comerciales, desde el tramo de la 25 avenida Norte, hasta la 23 calle Poniente.;calle;f;0;NOUN;nmod;1;1;1
Sin embargo, la realidad que hoy estamos viviendo nos obliga a reflexionar sobre muchos aspectos negativos que nos están golpeando y que han obligado a nuestro Presidente Raúl Castro a pronunciar un medular discurso el 7 de julio de este año, en la Asamblea Nacional del Poder Popular.;año;m;0;NOUN;nmod;1;1;0
El animal tenía quemaduras en la mitad de su hocico, en parte de su pelaje, en una oreja, en el contorno de sus ojos y en sus plantares.;oreja;f;0;NOUN;obl;1;1;0
“Este sentido, es vital que autoridades, aerolíneas y clientes pongamos nuestro grano de arena para hacer de esta una temporada exitosa”, señaló Rolando Damas, director de Ventas de Avianca para Norteamérica, Centroamérica y el Caribe.;sentido;m;0;NOUN;nsubj;1;1;0
“Las provincias orientales de la Gobernación de Guatemala pobladas en forma notoria en muchos lugares por una categoría especial de ladinos salvadoreños, que en estas provincias podían tenerse de manera palmaria como mulatos o pardos”, indica en la misma publicación el historiador Pedro Antonio Escalante Arce, cuya introducción también destaca que para 1807 el intendente Antonio G?utiérrez y Ulloa describe en el censo que “había ciudades y pueblos que ofrecían un panorama de atractiva presencia africana entre su pobladores.;africana;f;0;ADJ;amod;1;0;0
"Otro de los problemas que ""tenemos de la pesca a nivel mundial, o de la pesca artesanal, es que no tenemos seguro social para el pescador, no hay un protocolo de seguridad en el mar”, puntualizó Romero.";social;m/f;0;ADJ;obj;1;0;0
"Otro de los problemas que ""tenemos de la pesca a nivel mundial, o de la pesca artesanal, es que no tenemos seguro social para el pescador, no hay un protocolo de seguridad en el mar”, puntualizó Romero.";mundial;m;0;ADJ;amod;1;0;0
Además, la comuna, a través de un comunicado, informó que la construcción del mercado Hula Hula  se prevé finalice el próximo año, y permitirá que miles de vendedores de la calle Rubén Dario pasen de la informalidad a la formalidad con este proyecto.;calle;f;0;NOUN;nmod;1;1;0
De acuerdo con la denuncia, les están aplicando las mismas medidas extraordinarias a las cuales están sometidos los pandilleros de siete penales para evitar que sigan ordenando homicidios y extorsiones.;les;pron;0;PRON;obj;1;1;0
No estamos en presencia de un problema que solo afecta a personas de mala conducta social.;social;m/f;0;ADJ;amod;1;0;0
Supuestamente, el papá del niño fallecido quiso saber del estado de salud de hijo y fue al hospital a preguntar, ahí le informaron que no había registro de ningún bebé y por eso Méndez planeó robar al otro menor.;ahí;adv;0;ADV;advmod;1;0;0
Agregó que el año pasado recibieron dos mil 246 denuncias, mientras que este año llevan 1,571 casos, es decir, 675 menos.;año;m;0;NOUN;obl;1;1;0
La depresión tropical Tres se han convertido en tormenta tropical Cristóbal y se encuentra actualmente sobre la bahía de Campeche, en México, anunció el Centro nacional de Huracanes de Estados Unidos (NHC).;centro;m;0;PROPN;nsubj;1;1;1
La doctora afirmó que en el último quinquenio se realizaron entre dos y tres trasplantes de riñones en el sistema público de salud y adelantó que durante el foro se discutirán montos para implementar en el país un programa de donador fallecido.;implementar;v;0;VERB;acl;1;1;0
Entre los asistentes a la convocatoria de hoy llegó Lady Drag, un ícono del descontento social en las últimas protestas en El Salvador, creado por el artista salvadoreño Marvin Pleitez.;artista;m/f;0;NOUN;obj;1;1;0
La aerolínea Avianca espera durante el feriado por Semana Santa.;feriado;m;0;NOUN;obl;1;1;1
Protección Civil también informó que durante la implementación del Plan Divino Salvador 2018 se han atendido 97 rescates y 10 incendios.;plan;m;0;PROPN;nmod;1;1;0
No veo avances aquí”, dijo Castrillo a este medio.;aquí;adv;0;ADV;advmod;1;0;0
Ante esta situación, Protección Civil reiteró que “es indispensable vigilar permanentemente las viviendas que se encuentren cerca de paredones y las comunidades que residen cerca de ríos de rápido crecimiento para evitar más muertes”.;situación;f;0;NOUN;obl;1;1;0
Para este viernes, el Juzgado Octavo de Instrucción de San Salvador había programado rendir su resolución en contra de 11 acusados entre ellos la exprimera dama Vanda Pignato, el exsecretario de Comunicaciones de la Presidencia David Rivas, y tres exempleados de Casa Presidencial, pero diligencia se suspendió porque José Miguel Menéndez Avelar, conocido como “Mecafé” no fue trasladado del penal La Esperanza, y ser reportado enfermo.;rendir;v;0;VERB;xcomp;1;1;0
Citada por ACI Prensa, Sara Larín, presidenta de la Fundación VIDA SV, rechaza la eliminación del “derecho prioritario de los padres a educar a sus hijos” en la nueva Ley Crecer Juntos, así como las disposiciones en las que se delega al Estado como responsable de garantizar la educación integral de la sexualidad y en las que indican que se fomentarían “las relaciones sociales y sexuales respetuosas”.;prensa;f;0;PROPN;flat;1;1;0
A partir del 22 de julio del presente año, los camiones particulares de pasaje con ruta Las Tunas-Manatí han subido sus tarifas de $5.00 a $10.00.;subido;m;0;VERB;ROOT;1;0;1
La diputada Suecy Callejas, de Nuevas Ideas, secundó los planes: dijo que debe haber un solo plan nacional de educación “que se cumpla” y “una sola estrategia de inversión en el presupuesto en educación”.;plan;m;0;NOUN;obj;1;1;0
Hace algunos días me comentaba un familiar lo difícil que resulta recibir servicios en algunos establecimientos en determinados horarios, lo cual, en dichos casos, resulta contradictorio con los anuncios de que estos se prestan las 24 horas del día.;recibir;v;0;VERB;xcomp;1;1;0
Sim embargo, el arzobispo de San Salvador, José Luis Escobar Alas el pasado fin de semana sentó posición diciendo que los archivos sobre la guerra se han clasificado y no permitirán la inspección.;sobre;m;0;ADP;case;1;0;0
En junio pasado, 130 puntos de venta establecidos en los alrededores del ex cine Libertad, en la sexta avenida sur, entre la cuarta y la sexta calle poniente, liberaron de forma voluntaria dichas arteria y aceptaron ser ubicados cerca de la zona, con el fin de generar mayor flujo vehicular en este punto que conecta hacia la plaza Libertad.;ser;m;0;AUX;aux;1;0;1
Organizaciones de derechos humanos exigieron a los diputados que conforman la Comisión Ad-hoc que estudiará una Ley de Reconciliación Nacional, excusarse de ser parte de la misma por haber participado de manera directa o indirecta en los crímenes de guerra.;ser;m;0;AUX;cop;1;0;0
En agosto de 2018 (23 años después) fue inaugurada la nueva terminal de oriente.;terminal;m;0;NOUN;nsubj;1;1;0
Nelson, invitó por primera vez a los miembros y a otras personas a participar en un ayuno mundial el viernes 10 de abril, para pedirle al Señor “sanación física y espiritual” en respuesta al COVID-19.;mundial;m;0;ADJ;amod;1;0;0
"Sobre el basurero del reparto Aldabó a lo largo de una cuadra en la orilla del río, el periódico ha tenido la amabilidad de publicar dos cartas, una el 26 de octubre del 2012 y otra el 26 de junio del presente año, y la respuesta que han dado los organismos responsables, entre ellos Comunales, Salud Pública y Recursos Hidráulicos, ha sido nula; han desplegado una ofensiva de recogida movilizando buldózeres, carretas y camiones, por una vez, pero todo sigue igual o peor.";reparto;m;1;NOUN;nmod;1;1;0
“Vemos con profunda indignación que el caso del expresidente Elías Antonio Saca se esté tramitando de una forma que, si bien se apega a los resquicios establecidos en la ley, no responde a la imperante necesidad de la sociedad salvadoreña de vivir en un país donde los funcionarios que abusen del poder y roben al Estado, respondan apropiadamente por sus delitos”, expresó en un comunicado.;comunicado;m;0;NOUN;obl;1;1;0
Las lluvias de la tormenta tropical 14 azotaron, en primera instancia, la zona oriental del país y al desplazarse, la zona occidental, inundando los municipios costeros y más vulnerables.;zona;f;0;NOUN;obj;1;1;0
Simeduco llamó a los padres de familia a la concientización, pues se han dado casos en el sistema público en el que el estudiante es enviado a clases a pesar de tener un familiar contagiado por covid-19.;dado;m;0;VERB;advcl;1;0;0
Para este viernes, el Juzgado Octavo de Instrucción de San Salvador había programado rendir su resolución en contra de 11 acusados entre ellos la exprimera dama Vanda Pignato, el exsecretario de Comunicaciones de la Presidencia David Rivas, y tres exempleados de Casa Presidencial, pero diligencia se suspendió porque José Miguel Menéndez Avelar, conocido como “Mecafé” no fue trasladado del penal La Esperanza, y ser reportado enfermo.;diligencia;f;0;NOUN;nsubj;1;1;0
Desde el incendio en San Miguelito, apuntó Chavarría, decenas de alcaldías de San Salvador y el interior del país han solicitado a Bomberos apoyo para desarrollar estos planes de emergencia.;interior;m;1;NOUN;conj;1;1;0
La dirigencia del FMLN no se ha pronunciado sobre los señalamientos de manejo de fondos gestionados políticamente y usados en privado por dirigentes y militantes.;dirigencia;f;0;NOUN;nsubj;1;1;0
Autoridades del Ministerio de Turismo (Mitur), del Instituto Salvadoreño de Turismo (Istu) y de la Policía de Turismo hicieron un llamado este lunes a los salvadoreños a mantener la cuarentena y solo salir de casa si no es necesario, durante el periodo de vacaciones por las fiestas patronales de San Salvador Los festejos fueron suspendidos por la pandemia del coronavirus.;casa;f;0;NOUN;obl;1;1;0
El pasado mes de febrero el Gobierno se declaró en emergencia e inició un plan contingencial debido a la crisis hídrica que estaba afectando a la población salvadoreña y que impedía ser abastecida con agua potable.;plan;m;0;NOUN;obj;1;1;0
En total, Protección Civil reportó ayer 613 personas albergadas por lluvias, un lesionado, un desaparecido, 837 personas evacuadas, 17 albergues activos, una calle anegada, 58 calles afectadas y 12 carreteras, 83 árboles caídos, 135 deslizamientos, siete vallas publicitarias caídas, dos ríos desbordados, cuatro hundimientos, 33 viviendas afectadas y 35 anegadas, dos muros destruidos y 40 escuelas dañadas.;siete;m;0;NUM;nummod;1;0;0
Un vehículo en el que al parecer se movilizaban pandilleros fue encontrado este martes abandonado en la colonia Santa Elena del municipio Aguilares, en San Salvador, confirmaron autoridades policiales.;colonia;f;0;NOUN;obl;1;1;0
TVCa puede ser sintonizada en los canales 39 y 57 en señal abierta, mientras que en canal 96 de señal abierta en Tigo y los canales 39 digital y 85 analógo de Claro.;ser;m;0;AUX;aux;1;0;1
Agregó que todos los vendedores tienen que tener permisos de la alcaldía y deberán estar en los lugares que la alcaldía junto al colectivo de vendedores establezcan.;estar;v;0;VERB;conj;1;1;0
El pasado 28 de marzo, la Fiscalía de Quintana Roo detuvo a cinco agentes de la Policía de Tulum, de los cuales tres son agentes viales y dos municipales.;tres;m;0;NUM;nsubj;1;0;0
El movimiento Defensa Ciudadana de la Democracia (Decide) pidió al tribunal del caso del expresidente Antonio Saca haga “correcciones proporcionales y acordes al enorme daño ocasionado al país”, al manifestarse contra el proceso abreviado de condena que recibirá el expresidente.;saca;f;0;PROPN;flat;1;1;0
A continuación se detallan los afectados y la cantidad de bienes bajo medidas cautelares, según la FGR: -Othon Sigfrido Reyes Morales: 5 inmuebles.;bajo;m;0;ADP;case;1;0;0
"El 24 de julio de 2013 el Director de la Base (Terminal de Ómnibus de Bauta) nos leyó la Indicación No.4/2013 del 22.07.13 del Director General de la Empresa Provincial de Transporte de Artemisa, donde modifica el objeto social de nuestra entidad; informándonos, entre ello, la eliminación de los servicios de fletes.";base;f;0;PROPN;flat;1;1;1
"De acuerdo con el reporte de la Policía Nacional Civil, a las 9:25 de la noche, una patrulla policial respondió a una llamada de emergencia, y al llegar al negocio encontró en el salón principal los cadáveres de cuatro hombres con ""múltiples lesiones de arma de fuego"", y en uno de los cuartos de la cervecería la policía localizó una quinta víctima mortal, que fue identificada como José David Méndez Polaco, efectivo militar del Comando Especial Antiterrorista de la Fuerza Aérea.";emergencia;f;0;NOUN;nmod;1;1;0
Señaló inconsistencias en el registro contable de $3.9 millones de servicios de publicación de resultados con digitalización, transmisión y procesamiento de información de actas de cierre de escrutinio del TSE, porque fue “posterior” a la suscripción del contrato y emisión de factura.;factura;f;0;NOUN;nmod;1;1;0
Así los movimientos migratorios masivos antes de la firma de la independencia en 1821 era la del comercio de esclavos africanos, cuya herencia y esencia se quedó impregnada en la cotidianidad de El Salvador, que desconoce que lleva el ADN de la diversidad indígena, africana, cuya presencia fue diluida con el mestizaje que impulsaron los ibéricos asentados en este territorio.;africana;f;0;ADJ;amod;1;0;0
La imagen de los cuerpos de Óscar y la pequeña Valeria se ha hecho viral en redes sociales y ha recordado la imagen del niño sirio encontrado muerto en una playa turca tras intentar llegar a Grecia.;niño;m;0;NOUN;nmod;1;1;0
El viernes 21 de junio del año en curso, fue publicada bajo el título Sugerencias a la ONAT, la carta enviada por R.;año;m;0;NOUN;compound;1;1;0
“Lo que quiero es felicitarla, la cantidad de personas que quieren venir a nuestro país es mucha”, le dijo Guillermo Gallegos.;venir;v;0;VERB;xcomp;1;1;0
La Catedral de San Miguel lució abarrotada de fieles, quienes hicieron largas filas para recibir la señal de la cruz en la frente, hecha con ceniza, que para la iglesia tiene un significado de conversión.;recibir;v;0;VERB;advcl;1;1;0
La Comisión consultará a la Fiscalía General de la República, al Instituto de Medicina Legal y al Instituto Salvadoreño para el Desarrollo Integral de la Niñez y Adolescencia (Isna), y pedirá un mapa de información y prevalencia de desapariciones forzadas en el país, así como el informe de cumplimiento de protocolos de asistencia a familiares de desaparecidos.;asistencia;f;0;NOUN;nmod;1;1;0
En anteriores declaraciones, el funcionario denunció que las estructuras criminales, al menos en cuatro ocasiones, durante el presente año, han incrementado deliberadamente los crímenes para presionar a las autoridades a obtener supuestos beneficios carcelarios para sus cabecillas que guardan prisión en el sistema penitenciario El representante del gabinete de Seguridad detalló que entre enero a la fecha registran un total de 3, 610  homicidios, es decir, 1,332 menos que el año pasado, cuando sumaban 4, 947 crímenes, en el mismo periodo.;año;m;0;NOUN;obl;1;1;0
La Dirección de Potección Civil informó el domingo que la tormenta tropical Selma se ha disipado, pero que tras su paso dejó daños en escuelas y viviendas, además de casi medio centenar de personas evacuadas y albergadas.;medio;m;0;NUM;nummod;1;0;0
Las licencias que estén debidamente registradas podrán ser otorgadas como garantías en la contratación de créditos para la actividad pesquera y acuícola”.;ser;m;0;AUX;aux;1;0;0
Villatoro aseveró también que seis de quince cabecillas de la MS-13 han sido capturados, sobre los restantes nueve, dijo que la mayoría “están fuera del país”.;sobre;m;0;ADP;case;1;0;0
Ambas víctimas fueron asesinadas este año y son miembros de la comunidad LGTBI.;año;m;0;NOUN;obl;1;1;0
El rollo de cordel de nylon, el ladrillo de obra, el hierro corrugado y la lámina acanalada son otros productos que subieron de precio entre $0.38 y $91 en un año.;año;m;0;NOUN;obl;1;1;1
La PNC detalló que cinco de las capturas son por el delito de extorsión agravada, dos por estafa, dos por acoso sexual y violación en grado de tentativa, una por revelación de datos o información de carácter personal, una por lesiones, una por agrupaciones ilícitas y posesión y tenencia con fines de tráfico y tres por agrupaciones ilícitas, receptación y tenencia, portación o conducción Ilegal o irresponsable de arma de fuego.;cinco;m;0;NUM;nsubj;1;0;0
Así “Aprendamos en Casa con la Radio” será la apuesta de las autoridades de Educación para “complementar” las guías educativas y conseguir que alumnos desde primer grado hasta segundo año de bachillerato se encarrilen en su aprendizaje.;año;m;0;NOUN;obl;1;1;0
Al grupo, la PNC reporta que les incautó tres escopetas, tres revólveres, un chaleco antibalas, gorros pasamontañas y munición.;tres;m;0;NUM;nummod;1;0;0
La madrugada del pasado viernes se produjo un desprendimiento de rocas que obligó a las autoridades a restringir el paso por la vía, lo cual generó un caos vehicular en la zona.;paso;m;0;NOUN;obj;1;1;0
A Guatemala, enviaron a Pedro Benjamín Rivas Zelaya, alias “Sniper”, un ranflero que en la línea jerárquica era parte de La Federación (cabecillas en libertad), se instaló en ese país para que se trasladara hacia México a negociar armas con Los Zetas y luego enviarlas a El Salvador.;línea;f;0;NOUN;obl;1;1;0
El promedio de precios de Casalco revela que los materiales como el asfalto pasaron de costar $2.49 en mayo del 2021 a $4.24 para mayo de este año, un incrementó de 70.3 %, mientras que el cloruro de polivinilo (PVC) aumentó $2.13 y ahora cuesta $5.18, un 69.8 % más que hace un año.;año;m;0;NOUN;nmod;1;1;1
"De ahí que en mi modesta opinión, si se hiciera un balance de lo publicado en el transcurso de los varios años de existencia de esta sección, creo que podría concluirse que dos de sus principales méritos consisten: primero, en propiciar la reflexión y el debate sobre temas trascendentales en la necesaria tarea de perfeccionar nuestro socialismo; y segundo, y quizás lo más importante, en permitir la participación de todos los que consideren que tienen algo que aportar, lo que mucho se agradece.";balance;m;0;NOUN;obj;1;1;0
"Será el Tribunal quien informe las razones por la cual se giró la orden para que él fuera llevado ante el Tribunal"", comunicó la PNC.";orden;f;0;NOUN;nsubj;1;1;0
La Fiscalía acusa a los exdirectores de haber tomado el dinero que la familia de los reos aportaban para las tiendas institucionales, para pagar servicios de inteligencia, sobresueldos, bonificaciones, otorgar préstamos al personal y otros que la Ley de las tiendas institucionales prohíbe,  Tres pericias financieras realizadas a la administración de tiendas institucionales en las dos administraciones del FMLN determinaron que se extrajeron $208 mil para fines que no eran para beneficios de tiendas institucionales y que en todo caso se debieron cubrir con el presupuesto de Centros Penales.;cubrir;v;0;VERB;conj;1;1;0
"Ambos declararon en el juicio y en su testimonio manifestaron que los tres imputados fueron los que dispararon en su contra e hirieron de bala a Carranza y “Clave Ramón”; el primero murió a raíz de los impactos de bala recibidos.";bala;f;0;NOUN;obj;1;1;0
Así mismo, dijo que Obras Públicas mantiene la licitación abierta de dos proyectos más, el sistema de drenajes en la 49 avenida sur y Alameda Roulvelt con un monto de $750,000 y la zona de la calle El Tobogán, en Soyapango dónde se invertirán $1,8 millones.;calle;f;0;NOUN;nmod;1;1;1
De ese modo, entrenaron un clasificador de actividades cotidianas utilizando el audio de vídeos de YouTube que representaban seis actividades habituales en segundo plano: cocinar, comer, escuchar música, teclear y limpiar.;limpiar;v;0;VERB;conj;1;1;0
Por su parte, el ministro de Gobernación, Arístides Valencia, indicó que esta Semana Santa no se le cobrará el ingreso a los lugares administrados por el Istu a las personas que van en buses alegres, que salen desde el centro de San Salvador.;centro;m;0;NOUN;obl;1;1;0
Cuando las autoridades policiales llegaron a la escena, varios testigos informaron del presunto responsable y proporcionaron el nombre y apellido, pero la Policía no proporcionó ningún detalle sobre el supuesta homicida.;sobre;m;0;ADP;case;1;0;0
De momento, la pesca artesanal está restringida mientras dure al emergencia por Eta, que , desde el lunes en la noche.;emergencia;f;0;NOUN;obl;1;1;0
Durante septiembre, el promedio de crímenes diarios es de siete.;siete;m;0;NUM;ROOT;1;0;0
El agente de la Policía Nacional Civil, Darwin Dagoberto Arana García, fue asesinado ayer en la ciudad en la urbanización Escalón, Santa Ana, en la zona del centro turístico Sihuatehuacán.;centro;m;0;NOUN;nmod;1;1;0
Yo creo que de 30 a 40 días puede determinarse que se está en la normalidad (del suministro de agua potable)”, dijo tras presentar las acciones que han sido ejecutadas por el Gobierno para paliar la crisis hídrica.;agua;f;0;NOUN;nmod;1;1;0
Serrano Melgar fue condenado a un año y medio de prisión por el delito de desobediencia de medidas cautelares, pero el Tribunal Tercero de Sentencia de San Salvador se los reemplazo por 72 jornadas de trabajos de utilidad pública.;medio;m;0;NUM;conj;1;0;0
Ayer, jueves 21 de julio, se convirtió en el primer día de julio en el que no se registraron homicidios en el territorio salvadoreño, informó el presidente de la República, Nayib Bukele, durante los primeros minutos de este miércoles, a través de las redes sociales.;miércoles;sust(m/f)/adj;0;NOUN;nmod;1;1;0
El llamado de Raúl el 7 de julio para librar la batalla en contra de la indisciplina, pérdida de valores éticos y el irrespeto a las buenas costumbres, entre otros problemas, debe estar dirigido a combatir las causas que han venido provocando tal deterioro del comportamiento de muchos cubanos, inclusive de personas integradas a la Revolución.;estar;v;0;AUX;aux;1;0;0
“Ustedes aquí ven especialidades que tienen que ver con las especialidades del problema, la planificación de cómo abordarlo desde el punto de vista epidemiológico y de la salud pública y además cómo se va a enfrentar los casos de las personas que ya padecen, desde el punto de vista clínico, el abordaje es integral desde el punto de visto médico, también se van a dar aportes a la población desde el punto de vista educativo”, explicó el doctor Brizuela.;punto;m;0;NOUN;obl;1;1;0
"Les pedimos, por favor, que no lo hagan"", aseguró Valdez.";les;pron;0;PRON;obj;1;1;0
El homicidio del investigador Marcos Antonio Carranza y homicidio tentado de dos investigadores con clave “Luis” y “Ramón”, quedaron impunes con la absolución que emitió ayer el Tribunal Cuarto de Sentencia de San Salvador, a favor de tres presuntos pandilleros que, según la Fiscalía General de la República, fueron los que participaron en el hecho.;clave;f;0;NOUN;nmod;1;1;0
Otra versión del hecho que se maneja, es que  había salido a almorzar, y estaba junto a otra persona en el vehículo cuando vio que estaban asaltando una casa frente a donde se encontraban.;casa;f;0;NOUN;obj;1;1;0
de cada mes el jubilado tiene derecho a cobrar su jubilación, el Instituto Nacional de Seguridad Social (INASS) decide el cobro los días 4, 5, 6, 7 y 8 de cada mes, de acuerdo al almanaque anual que confeccionan.;almanaque;m;0;NOUN;obl;1;1;0
M.[/caption]   Madre e hijo, supuestos familiares de un agente de la corporación policial, fueron asesinados ayer en el caserío La Bomba, cantón Palacios de San Rafael Cedros, Cuscatlán.;bomba;f;0;PROPN;appos;1;1;0
Simeduco llamó a los padres de familia a la concientización, pues se han dado casos en el sistema público en el que el estudiante es enviado a clases a pesar de tener un familiar contagiado por covid-19.;concientización;f;1;NOUN;obj;1;1;0
Durante el evento, la subdirectora del INS, Xochitl Sandoval, consideró que hace falta infraestructura, un presupuesto destinado para trasplante renal “y un programa que vigile desde el punto de vista ético, legal y médico, así como un cuadro de insumos y medicamentos que son básicos y  de alto costo” para realizar trasplantes en el país.;programa;m;0;NOUN;conj;1;1;0
“Las provincias orientales de la Gobernación de Guatemala pobladas en forma notoria en muchos lugares por una categoría especial de ladinos salvadoreños, que en estas provincias podían tenerse de manera palmaria como mulatos o pardos”, indica en la misma publicación el historiador Pedro Antonio Escalante Arce, cuya introducción también destaca que para 1807 el intendente Antonio G?utiérrez y Ulloa describe en el censo que “había ciudades y pueblos que ofrecían un panorama de atractiva presencia africana entre su pobladores.;manera;f;0;NOUN;obl;1;1;0
Los nuevos magistrados deben ser ejemplos de integridad, independencia, imparcialidad, valentía, honestidad y profesionalidad, tener el carácter suficiente para mostrar sus cualidades.;ser;m;0;AUX;cop;1;0;0
"“También tenemos el caso de un médico, un paciente de 34 años de edad que ha fallecido, este paciente no tiene aún, un confirmatorio de la prueba está en proceso de desarrollo de una complicación súbita; fue manejado por un proceso respiratorio, al momento está pendiente la prueba de PCR para ver si este paciente es positivo a coronavirus”, dijo ayer el ministro, Francisco Alabí.";positivo;adv;0;ADJ;ccomp;1;0;0
“No puede ser posible que quienes vayan a determinar el futuro de la reconciliación del país, quienes van a hablar de las víctimas, sean de alguna forma los que causaron el daño o estuvieron involucrados en ello”, señaló el director de la Asociación Pro-Búsqueda, Eduardo García.;daño;m;0;NOUN;obj;1;1;0
Asimismo sugería reubicar la terminal de oriente en las cercanías de Apopa o en la parte oriente de Soyapango (donde se encuentra actualmente Plaza Amanecer), de igual forma recomendaba mover la terminal de occidente a Ciudad Merliot,  reubicar el mercado La Tiendona en la carretera Quezaltepeque- Apopa y construir una terminal de carga en la parte norte del AMSS.;terminal;m;0;NOUN;obj;1;1;1
Esa ha sido la característica de ese partido en la historia reciente y ha empeorado desde la llegada al poder.;partido;m;0;NOUN;nmod;1;1;0
“Estamos en la ruta correcta.;ruta;f;0;NOUN;obl;1;1;0
Eran alrededor de las 9:30 de la mañana de este miércoles, cuando el mercado San Miguelito, el cuarto más grande de la capital salvadoreña, empezó a incendiarse.;miércoles;sust(m/f)/adj;0;NOUN;nmod;1;1;0
El mandatario salvadoreño dijo que también diseñan un plan para llevar alivio financiero a los estudiantes universitarios, además de un alivio para los que temen perder el ciclo universitario o el año escolar.;perder;v;0;VERB;xcomp;1;1;0
Cotto recordó que el año pasado la PNC detuvo a 1,018 extorsionistas, entre el 1 de enero a la fecha, mientras en el presente año, suman 1, 804 arrestos por el referido delito, es decir, un incremento de 800 capturas más.;año;m;0;NOUN;obl;1;1;0
El volante del Manchester United abrió la cuenta de manera fortuita a los 54 minutos, cuando buscó con un centro a Cristiano Ronaldo, que saltó a cabecear pero no tocó el balón y con ese movimiento desconcertó a un lento portero celeste Sergio Rochet.;balón;m;0;NOUN;obj;1;1;0
